; HEADER_BLOCK_START
; generated by OrcaSlicer 2.4.2 (synthetic fixture; see realistic_generator.py)
; total layer number: 24
; filament_density: 1.04
; filament_diameter: 1.75
; max_z_height: 4.80
; nozzle_diameter: 0.4
; HEADER_BLOCK_END

; no THUMBNAIL_BLOCK on purpose: in a real file it is a base64 PNG
; rendering of the part, which is the geometry this fixture must not
; carry. See the module docstring in realistic_generator.py.

M104 S255
M140 S100
G90
M83
G28
M190 S100
M109 S255
EXCLUDE_OBJECT_DEFINE NAME=fixture_block.stl_id_0_copy_0 CENTER=110,110 POLYGON=[[90,96],[130,96],[130,124],[90,124]]
M204 S3000
G1 Z0.200 F7200
G92 E0
; EXECUTABLE_BLOCK_START
EXCLUDE_OBJECT_START NAME=fixture_block.stl_id_0_copy_0
;LAYER_CHANGE
;Z:0.200
; CHANGE_LAYER
;TYPE:Outer wall
G1 E-0.80000 F2100
G1 Z0.600 F9000
G1 X94.000 Y96.000
G1 Z0.200
G1 E0.80000 F2100
G1 X94.800 Y96.000 E0.02794 F1800
G1 X95.950 Y96.000 E0.04016
G1 X97.450 Y96.000 E0.05238
G1 X98.600 Y96.000 E0.04016
G1 X100.840 Y96.000 E0.07823
G1 X102.340 Y96.000 E0.05238
G1 X103.290 Y96.000 E0.03318
G1 X105.140 Y96.000 E0.06461
G1 X106.440 Y96.000 E0.04540
G1 X108.490 Y96.000 E0.07159
G1 X109.290 Y96.000 E0.02794
G1 X110.440 Y96.000 E0.04016
G1 X111.940 Y96.000 E0.05238
G1 X113.090 Y96.000 E0.04016
G1 X115.330 Y96.000 E0.07823
G1 X116.830 Y96.000 E0.05238
G1 X117.780 Y96.000 E0.03318
G1 X119.630 Y96.000 E0.06461
G1 X120.930 Y96.000 E0.04540
G1 X122.980 Y96.000 E0.07159
G1 X123.780 Y96.000 E0.02794
G1 X124.930 Y96.000 E0.04016
G1 X126.000 Y96.000 E0.03737
G1 X127.134 Y96.164 E0.04002
G1 X128.999 Y97.353 E0.07721
G1 X129.760 Y98.635 E0.05208
G1 X129.975 Y99.558 E0.03310
G1 X130.000 Y100.000 E0.01547
G1 X130.000 Y101.300 E0.04540
G1 X130.000 Y103.350 E0.07159
G1 X130.000 Y104.150 E0.02794
G1 X130.000 Y105.300 E0.04016
G1 X130.000 Y106.800 E0.05238
G1 X130.000 Y107.950 E0.04016
G1 X130.000 Y110.190 E0.07823
G1 X130.000 Y111.690 E0.05238
G1 X130.000 Y112.640 E0.03318
G1 X130.000 Y114.490 E0.06461
G1 X130.000 Y115.790 E0.04540
G1 X130.000 Y117.840 E0.07159
G1 X130.000 Y118.640 E0.02794
G1 X130.000 Y120.000 E0.04750
G1 X129.722 Y121.465 E0.05208
G1 X129.154 Y122.460 E0.04002
G1 X127.365 Y123.760 E0.07721
G1 X126.000 Y124.000 E0.04841
G1 X125.050 Y124.000 E0.03318
G1 X123.200 Y124.000 E0.06461
G1 X121.900 Y124.000 E0.04540
G1 X119.850 Y124.000 E0.07159
G1 X119.050 Y124.000 E0.02794
G1 X117.900 Y124.000 E0.04016
G1 X116.400 Y124.000 E0.05238
G1 X115.250 Y124.000 E0.04016
G1 X113.010 Y124.000 E0.07823
G1 X111.510 Y124.000 E0.05238
G1 X110.560 Y124.000 E0.03318
G1 X108.710 Y124.000 E0.06461
G1 X107.410 Y124.000 E0.04540
G1 X105.360 Y124.000 E0.07159
G1 X104.560 Y124.000 E0.02794
G1 X103.410 Y124.000 E0.04016
G1 X101.910 Y124.000 E0.05238
G1 X100.760 Y124.000 E0.04016
G1 X98.520 Y124.000 E0.07823
G1 X97.020 Y124.000 E0.05238
G1 X96.070 Y124.000 E0.03318
G1 X94.000 Y124.000 E0.07229
G1 X92.723 Y123.791 E0.04520
G1 X91.028 Y122.677 E0.07081
G1 X90.555 Y122.033 E0.02789
G1 X90.120 Y120.973 E0.04002
G1 X90.000 Y120.000 E0.03425
G1 X90.000 Y118.850 E0.04016
G1 X90.000 Y116.610 E0.07823
G1 X90.000 Y115.110 E0.05238
G1 X90.000 Y114.160 E0.03318
G1 X90.000 Y112.310 E0.06461
G1 X90.000 Y111.010 E0.04540
G1 X90.000 Y108.960 E0.07159
G1 X90.000 Y108.160 E0.02794
G1 X90.000 Y107.010 E0.04016
G1 X90.000 Y105.510 E0.05238
G1 X90.000 Y104.360 E0.04016
G1 X90.000 Y102.120 E0.07823
G1 X90.000 Y100.620 E0.05238
G1 X90.000 Y100.000 E0.02165
G1 X90.420 Y98.215 E0.06403
G1 X91.178 Y97.166 E0.04520
G1 X92.930 Y96.146 E0.07081
G1 X94.000 Y96.000 E0.03771
;TYPE:Inner wall
G1 X94.000 Y96.420 F9000
G1 X94.800 Y96.420 E0.02794 F1800
G1 X95.950 Y96.420 E0.04016
G1 X97.450 Y96.420 E0.05238
G1 X98.600 Y96.420 E0.04016
G1 X100.840 Y96.420 E0.07823
G1 X102.340 Y96.420 E0.05238
G1 X103.290 Y96.420 E0.03318
G1 X105.140 Y96.420 E0.06461
G1 X106.440 Y96.420 E0.04540
G1 X108.490 Y96.420 E0.07159
G1 X109.290 Y96.420 E0.02794
G1 X110.440 Y96.420 E0.04016
G1 X111.940 Y96.420 E0.05238
G1 X113.090 Y96.420 E0.04016
G1 X115.330 Y96.420 E0.07823
G1 X116.830 Y96.420 E0.05238
G1 X117.780 Y96.420 E0.03318
G1 X119.630 Y96.420 E0.06461
G1 X120.930 Y96.420 E0.04540
G1 X122.980 Y96.420 E0.07159
G1 X123.780 Y96.420 E0.02794
G1 X124.930 Y96.420 E0.04016
G1 X126.000 Y96.420 E0.03737
G1 X127.130 Y96.603 E0.03999
G1 X128.906 Y97.909 E0.07696
G1 X129.505 Y99.272 E0.05200
G1 X129.580 Y100.000 E0.02557
G1 X129.580 Y101.850 E0.06461
G1 X129.580 Y103.150 E0.04540
G1 X129.580 Y105.200 E0.07159
G1 X129.580 Y106.000 E0.02794
G1 X129.580 Y107.150 E0.04016
G1 X129.580 Y108.650 E0.05238
G1 X129.580 Y109.800 E0.04016
G1 X129.580 Y112.040 E0.07823
G1 X129.580 Y113.540 E0.05238
G1 X129.580 Y114.490 E0.03318
G1 X129.580 Y116.340 E0.06461
G1 X129.580 Y117.640 E0.04540
G1 X129.580 Y119.690 E0.07159
G1 X129.580 Y120.000 E0.01083
G1 X129.397 Y121.130 E0.03999
G1 X128.643 Y122.415 E0.05200
G1 X127.746 Y123.126 E0.03999
G1 X126.000 Y123.580 E0.06299
G1 X124.500 Y123.580 E0.05238
G1 X123.550 Y123.580 E0.03318
G1 X121.700 Y123.580 E0.06461
G1 X120.400 Y123.580 E0.04540
G1 X118.350 Y123.580 E0.07159
G1 X117.550 Y123.580 E0.02794
G1 X116.400 Y123.580 E0.04016
G1 X114.900 Y123.580 E0.05238
G1 X113.750 Y123.580 E0.04016
G1 X111.510 Y123.580 E0.07823
G1 X110.010 Y123.580 E0.05238
G1 X109.060 Y123.580 E0.03318
G1 X107.210 Y123.580 E0.06461
G1 X105.910 Y123.580 E0.04540
G1 X103.860 Y123.580 E0.07159
G1 X103.060 Y123.580 E0.02794
G1 X101.910 Y123.580 E0.04016
G1 X100.410 Y123.580 E0.05238
G1 X99.260 Y123.580 E0.04016
G1 X97.020 Y123.580 E0.07823
G1 X95.520 Y123.580 E0.05238
G1 X94.570 Y123.580 E0.03318
G1 X94.000 Y123.580 E0.01991
G1 X92.728 Y123.347 E0.04515
G1 X91.118 Y122.124 E0.07062
G1 X90.719 Y121.432 E0.02788
G1 X90.435 Y120.323 E0.03999
G1 X90.420 Y120.000 E0.01129
G1 X90.420 Y118.850 E0.04016
G1 X90.420 Y116.610 E0.07823
G1 X90.420 Y115.110 E0.05238
G1 X90.420 Y114.160 E0.03318
G1 X90.420 Y112.310 E0.06461
G1 X90.420 Y111.010 E0.04540
G1 X90.420 Y108.960 E0.07159
G1 X90.420 Y108.160 E0.02794
G1 X90.420 Y107.010 E0.04016
G1 X90.420 Y105.510 E0.05238
G1 X90.420 Y104.360 E0.04016
G1 X90.420 Y102.120 E0.07823
G1 X90.420 Y100.620 E0.05238
G1 X90.420 Y100.000 E0.02165
G1 X90.887 Y98.231 E0.06389
G1 X91.719 Y97.241 E0.04515
G1 X93.578 Y96.445 E0.07062
G1 X94.000 Y96.420 E0.01478
;TYPE:Sparse infill
G1 E-0.80000 F2100
G1 Z0.600 F9000
G1 X91.040 Y97.040
G1 Z0.200
G1 E0.80000 F2100
G1 X91.840 Y97.040 E0.02794 F2400
G1 X92.990 Y97.040 E0.04016
G1 X94.490 Y97.040 E0.05238
G1 X95.640 Y97.040 E0.04016
G1 X97.880 Y97.040 E0.07823
G1 X99.380 Y97.040 E0.05238
G1 X100.330 Y97.040 E0.03318
G1 X102.180 Y97.040 E0.06461
G1 X103.480 Y97.040 E0.04540
G1 X105.530 Y97.040 E0.07159
G1 X106.330 Y97.040 E0.02794
G1 X107.480 Y97.040 E0.04016
G1 X108.980 Y97.040 E0.05238
G1 X110.130 Y97.040 E0.04016
G1 X112.370 Y97.040 E0.07823
G1 X113.870 Y97.040 E0.05238
G1 X114.820 Y97.040 E0.03318
G1 X116.670 Y97.040 E0.06461
G1 X117.970 Y97.040 E0.04540
G1 X120.020 Y97.040 E0.07159
G1 X120.820 Y97.040 E0.02794
G1 X121.970 Y97.040 E0.04016
G1 X123.470 Y97.040 E0.05238
G1 X124.620 Y97.040 E0.04016
G1 X126.860 Y97.040 E0.07823
G1 X128.360 Y97.040 E0.05238
G1 X128.960 Y97.040 E0.02095
G1 X128.960 Y99.440 E0.08382
G1 X127.810 Y99.440 E0.04016
G1 X126.310 Y99.440 E0.05238
G1 X125.160 Y99.440 E0.04016
G1 X122.920 Y99.440 E0.07823
G1 X121.420 Y99.440 E0.05238
G1 X120.470 Y99.440 E0.03318
G1 X118.620 Y99.440 E0.06461
G1 X117.320 Y99.440 E0.04540
G1 X115.270 Y99.440 E0.07159
G1 X114.470 Y99.440 E0.02794
G1 X113.320 Y99.440 E0.04016
G1 X111.820 Y99.440 E0.05238
G1 X110.670 Y99.440 E0.04016
G1 X108.430 Y99.440 E0.07823
G1 X106.930 Y99.440 E0.05238
G1 X105.980 Y99.440 E0.03318
G1 X104.130 Y99.440 E0.06461
G1 X102.830 Y99.440 E0.04540
G1 X100.780 Y99.440 E0.07159
G1 X99.980 Y99.440 E0.02794
G1 X98.830 Y99.440 E0.04016
G1 X97.330 Y99.440 E0.05238
G1 X96.180 Y99.440 E0.04016
G1 X93.940 Y99.440 E0.07823
G1 X92.440 Y99.440 E0.05238
G1 X91.490 Y99.440 E0.03318
G1 X91.040 Y99.440 E0.01572
G1 X91.040 Y101.840 E0.08382
G1 X92.540 Y101.840 E0.05238
G1 X93.690 Y101.840 E0.04016
G1 X95.930 Y101.840 E0.07823
G1 X97.430 Y101.840 E0.05238
G1 X98.380 Y101.840 E0.03318
G1 X100.230 Y101.840 E0.06461
G1 X101.530 Y101.840 E0.04540
G1 X103.580 Y101.840 E0.07159
G1 X104.380 Y101.840 E0.02794
G1 X105.530 Y101.840 E0.04016
G1 X107.030 Y101.840 E0.05238
G1 X108.180 Y101.840 E0.04016
G1 X110.420 Y101.840 E0.07823
G1 X111.920 Y101.840 E0.05238
G1 X112.870 Y101.840 E0.03318
G1 X114.720 Y101.840 E0.06461
G1 X116.020 Y101.840 E0.04540
G1 X118.070 Y101.840 E0.07159
G1 X118.870 Y101.840 E0.02794
G1 X120.020 Y101.840 E0.04016
G1 X121.520 Y101.840 E0.05238
G1 X122.670 Y101.840 E0.04016
G1 X124.910 Y101.840 E0.07823
G1 X126.410 Y101.840 E0.05238
G1 X127.360 Y101.840 E0.03318
G1 X128.960 Y101.840 E0.05588
G1 X128.960 Y104.240 E0.08382
G1 X127.810 Y104.240 E0.04016
G1 X125.570 Y104.240 E0.07823
G1 X124.070 Y104.240 E0.05238
G1 X123.120 Y104.240 E0.03318
G1 X121.270 Y104.240 E0.06461
G1 X119.970 Y104.240 E0.04540
G1 X117.920 Y104.240 E0.07159
G1 X117.120 Y104.240 E0.02794
G1 X115.970 Y104.240 E0.04016
G1 X114.470 Y104.240 E0.05238
G1 X113.320 Y104.240 E0.04016
G1 X111.080 Y104.240 E0.07823
G1 X109.580 Y104.240 E0.05238
G1 X108.630 Y104.240 E0.03318
G1 X106.780 Y104.240 E0.06461
G1 X105.480 Y104.240 E0.04540
G1 X103.430 Y104.240 E0.07159
G1 X102.630 Y104.240 E0.02794
G1 X101.480 Y104.240 E0.04016
G1 X99.980 Y104.240 E0.05238
G1 X98.830 Y104.240 E0.04016
G1 X96.590 Y104.240 E0.07823
G1 X95.090 Y104.240 E0.05238
G1 X94.140 Y104.240 E0.03318
G1 X92.290 Y104.240 E0.06461
G1 X91.040 Y104.240 E0.04365
G1 X91.040 Y106.640 E0.08382
G1 X93.280 Y106.640 E0.07823
G1 X94.780 Y106.640 E0.05238
G1 X95.730 Y106.640 E0.03318
G1 X97.580 Y106.640 E0.06461
G1 X98.880 Y106.640 E0.04540
G1 X100.930 Y106.640 E0.07159
G1 X101.730 Y106.640 E0.02794
G1 X102.880 Y106.640 E0.04016
G1 X104.380 Y106.640 E0.05238
G1 X105.530 Y106.640 E0.04016
G1 X107.770 Y106.640 E0.07823
G1 X109.270 Y106.640 E0.05238
G1 X110.220 Y106.640 E0.03318
G1 X112.070 Y106.640 E0.06461
G1 X113.370 Y106.640 E0.04540
G1 X115.420 Y106.640 E0.07159
G1 X116.220 Y106.640 E0.02794
G1 X117.370 Y106.640 E0.04016
G1 X118.870 Y106.640 E0.05238
G1 X120.020 Y106.640 E0.04016
G1 X122.260 Y106.640 E0.07823
G1 X123.760 Y106.640 E0.05238
G1 X124.710 Y106.640 E0.03318
G1 X126.560 Y106.640 E0.06461
G1 X127.860 Y106.640 E0.04540
G1 X128.960 Y106.640 E0.03842
G1 X128.960 Y109.040 E0.08382
G1 X127.460 Y109.040 E0.05238
G1 X126.510 Y109.040 E0.03318
G1 X124.660 Y109.040 E0.06461
G1 X123.360 Y109.040 E0.04540
G1 X121.310 Y109.040 E0.07159
G1 X120.510 Y109.040 E0.02794
G1 X119.360 Y109.040 E0.04016
G1 X117.860 Y109.040 E0.05238
G1 X116.710 Y109.040 E0.04016
G1 X114.470 Y109.040 E0.07823
G1 X112.970 Y109.040 E0.05238
G1 X112.020 Y109.040 E0.03318
G1 X110.170 Y109.040 E0.06461
G1 X108.870 Y109.040 E0.04540
G1 X106.820 Y109.040 E0.07159
G1 X106.020 Y109.040 E0.02794
G1 X104.870 Y109.040 E0.04016
G1 X103.370 Y109.040 E0.05238
G1 X102.220 Y109.040 E0.04016
G1 X99.980 Y109.040 E0.07823
G1 X98.480 Y109.040 E0.05238
G1 X97.530 Y109.040 E0.03318
G1 X95.680 Y109.040 E0.06461
G1 X94.380 Y109.040 E0.04540
G1 X92.330 Y109.040 E0.07159
G1 X91.530 Y109.040 E0.02794
G1 X91.040 Y109.040 E0.01711
G1 X91.040 Y111.440 E0.08382
G1 X91.990 Y111.440 E0.03318
G1 X93.840 Y111.440 E0.06461
G1 X95.140 Y111.440 E0.04540
G1 X97.190 Y111.440 E0.07159
G1 X97.990 Y111.440 E0.02794
G1 X99.140 Y111.440 E0.04016
G1 X100.640 Y111.440 E0.05238
G1 X101.790 Y111.440 E0.04016
G1 X104.030 Y111.440 E0.07823
G1 X105.530 Y111.440 E0.05238
G1 X106.480 Y111.440 E0.03318
G1 X108.330 Y111.440 E0.06461
G1 X109.630 Y111.440 E0.04540
G1 X111.680 Y111.440 E0.07159
G1 X112.480 Y111.440 E0.02794
G1 X113.630 Y111.440 E0.04016
G1 X115.130 Y111.440 E0.05238
G1 X116.280 Y111.440 E0.04016
G1 X118.520 Y111.440 E0.07823
G1 X120.020 Y111.440 E0.05238
G1 X120.970 Y111.440 E0.03318
G1 X122.820 Y111.440 E0.06461
G1 X124.120 Y111.440 E0.04540
G1 X126.170 Y111.440 E0.07159
G1 X126.970 Y111.440 E0.02794
G1 X128.120 Y111.440 E0.04016
G1 X128.960 Y111.440 E0.02934
G1 X128.960 Y113.840 E0.08382
G1 X127.110 Y113.840 E0.06461
G1 X125.810 Y113.840 E0.04540
G1 X123.760 Y113.840 E0.07159
G1 X122.960 Y113.840 E0.02794
G1 X121.810 Y113.840 E0.04016
G1 X120.310 Y113.840 E0.05238
G1 X119.160 Y113.840 E0.04016
G1 X116.920 Y113.840 E0.07823
G1 X115.420 Y113.840 E0.05238
G1 X114.470 Y113.840 E0.03318
G1 X112.620 Y113.840 E0.06461
G1 X111.320 Y113.840 E0.04540
G1 X109.270 Y113.840 E0.07159
G1 X108.470 Y113.840 E0.02794
G1 X107.320 Y113.840 E0.04016
G1 X105.820 Y113.840 E0.05238
G1 X104.670 Y113.840 E0.04016
G1 X102.430 Y113.840 E0.07823
G1 X100.930 Y113.840 E0.05238
G1 X99.980 Y113.840 E0.03318
G1 X98.130 Y113.840 E0.06461
G1 X96.830 Y113.840 E0.04540
G1 X94.780 Y113.840 E0.07159
G1 X93.980 Y113.840 E0.02794
G1 X92.830 Y113.840 E0.04016
G1 X91.040 Y113.840 E0.06251
G1 X91.040 Y116.240 E0.08382
G1 X92.340 Y116.240 E0.04540
G1 X94.390 Y116.240 E0.07159
G1 X95.190 Y116.240 E0.02794
G1 X96.340 Y116.240 E0.04016
G1 X97.840 Y116.240 E0.05238
G1 X98.990 Y116.240 E0.04016
G1 X101.230 Y116.240 E0.07823
G1 X102.730 Y116.240 E0.05238
G1 X103.680 Y116.240 E0.03318
G1 X105.530 Y116.240 E0.06461
G1 X106.830 Y116.240 E0.04540
G1 X108.880 Y116.240 E0.07159
G1 X109.680 Y116.240 E0.02794
G1 X110.830 Y116.240 E0.04016
G1 X112.330 Y116.240 E0.05238
G1 X113.480 Y116.240 E0.04016
G1 X115.720 Y116.240 E0.07823
G1 X117.220 Y116.240 E0.05238
G1 X118.170 Y116.240 E0.03318
G1 X120.020 Y116.240 E0.06461
G1 X121.320 Y116.240 E0.04540
G1 X123.370 Y116.240 E0.07159
G1 X124.170 Y116.240 E0.02794
G1 X125.320 Y116.240 E0.04016
G1 X126.820 Y116.240 E0.05238
G1 X127.970 Y116.240 E0.04016
G1 X128.960 Y116.240 E0.03457
G1 X128.960 Y118.640 E0.08382
G1 X126.910 Y118.640 E0.07159
G1 X126.110 Y118.640 E0.02794
G1 X124.960 Y118.640 E0.04016
G1 X123.460 Y118.640 E0.05238
G1 X122.310 Y118.640 E0.04016
G1 X120.070 Y118.640 E0.07823
G1 X118.570 Y118.640 E0.05238
G1 X117.620 Y118.640 E0.03318
G1 X115.770 Y118.640 E0.06461
G1 X114.470 Y118.640 E0.04540
G1 X112.420 Y118.640 E0.07159
G1 X111.620 Y118.640 E0.02794
G1 X110.470 Y118.640 E0.04016
G1 X108.970 Y118.640 E0.05238
G1 X107.820 Y118.640 E0.04016
G1 X105.580 Y118.640 E0.07823
G1 X104.080 Y118.640 E0.05238
G1 X103.130 Y118.640 E0.03318
G1 X101.280 Y118.640 E0.06461
G1 X99.980 Y118.640 E0.04540
G1 X97.930 Y118.640 E0.07159
G1 X97.130 Y118.640 E0.02794
G1 X95.980 Y118.640 E0.04016
G1 X94.480 Y118.640 E0.05238
G1 X93.330 Y118.640 E0.04016
G1 X91.040 Y118.640 E0.07997
;LAYER_CHANGE
;Z:0.400
; CHANGE_LAYER
G1 Z0.400 F7200
;TYPE:Outer wall
G1 E-0.80000 F2100
G1 Z0.800 F9000
G1 X94.000 Y96.000
G1 Z0.400
G1 E0.80000 F2100
G1 X94.800 Y96.000 E0.02794 F1800
G1 X95.950 Y96.000 E0.04016
G1 X97.450 Y96.000 E0.05238
G1 X98.600 Y96.000 E0.04016
G1 X100.840 Y96.000 E0.07823
G1 X102.340 Y96.000 E0.05238
G1 X103.290 Y96.000 E0.03318
G1 X105.140 Y96.000 E0.06461
G1 X106.440 Y96.000 E0.04540
G1 X108.490 Y96.000 E0.07159
G1 X109.290 Y96.000 E0.02794
G1 X110.440 Y96.000 E0.04016
G1 X111.940 Y96.000 E0.05238
G1 X113.090 Y96.000 E0.04016
G1 X115.330 Y96.000 E0.07823
G1 X116.830 Y96.000 E0.05238
G1 X117.780 Y96.000 E0.03318
G1 X119.630 Y96.000 E0.06461
G1 X120.930 Y96.000 E0.04540
G1 X122.980 Y96.000 E0.07159
G1 X123.780 Y96.000 E0.02794
G1 X124.930 Y96.000 E0.04016
G1 X126.000 Y96.000 E0.03737
G1 X127.134 Y96.164 E0.04002
G1 X128.999 Y97.353 E0.07721
G1 X129.760 Y98.635 E0.05208
G1 X129.975 Y99.558 E0.03310
G1 X130.000 Y100.000 E0.01547
G1 X130.000 Y101.300 E0.04540
G1 X130.000 Y103.350 E0.07159
G1 X130.000 Y104.150 E0.02794
G1 X130.000 Y105.300 E0.04016
G1 X130.000 Y106.800 E0.05238
G1 X130.000 Y107.950 E0.04016
G1 X130.000 Y110.190 E0.07823
G1 X130.000 Y111.690 E0.05238
G1 X130.000 Y112.640 E0.03318
G1 X130.000 Y114.490 E0.06461
G1 X130.000 Y115.790 E0.04540
G1 X130.000 Y117.840 E0.07159
G1 X130.000 Y118.640 E0.02794
G1 X130.000 Y120.000 E0.04750
G1 X129.722 Y121.465 E0.05208
G1 X129.154 Y122.460 E0.04002
G1 X127.365 Y123.760 E0.07721
G1 X126.000 Y124.000 E0.04841
G1 X125.050 Y124.000 E0.03318
G1 X123.200 Y124.000 E0.06461
G1 X121.900 Y124.000 E0.04540
G1 X119.850 Y124.000 E0.07159
G1 X119.050 Y124.000 E0.02794
G1 X117.900 Y124.000 E0.04016
G1 X116.400 Y124.000 E0.05238
G1 X115.250 Y124.000 E0.04016
G1 X113.010 Y124.000 E0.07823
G1 X111.510 Y124.000 E0.05238
G1 X110.560 Y124.000 E0.03318
G1 X108.710 Y124.000 E0.06461
G1 X107.410 Y124.000 E0.04540
G1 X105.360 Y124.000 E0.07159
G1 X104.560 Y124.000 E0.02794
G1 X103.410 Y124.000 E0.04016
G1 X101.910 Y124.000 E0.05238
G1 X100.760 Y124.000 E0.04016
G1 X98.520 Y124.000 E0.07823
G1 X97.020 Y124.000 E0.05238
G1 X96.070 Y124.000 E0.03318
G1 X94.000 Y124.000 E0.07229
G1 X92.723 Y123.791 E0.04520
G1 X91.028 Y122.677 E0.07081
G1 X90.555 Y122.033 E0.02789
G1 X90.120 Y120.973 E0.04002
G1 X90.000 Y120.000 E0.03425
G1 X90.000 Y118.850 E0.04016
G1 X90.000 Y116.610 E0.07823
G1 X90.000 Y115.110 E0.05238
G1 X90.000 Y114.160 E0.03318
G1 X90.000 Y112.310 E0.06461
G1 X90.000 Y111.010 E0.04540
G1 X90.000 Y108.960 E0.07159
G1 X90.000 Y108.160 E0.02794
G1 X90.000 Y107.010 E0.04016
G1 X90.000 Y105.510 E0.05238
G1 X90.000 Y104.360 E0.04016
G1 X90.000 Y102.120 E0.07823
G1 X90.000 Y100.620 E0.05238
G1 X90.000 Y100.000 E0.02165
G1 X90.420 Y98.215 E0.06403
G1 X91.178 Y97.166 E0.04520
G1 X92.930 Y96.146 E0.07081
G1 X94.000 Y96.000 E0.03771
;TYPE:Inner wall
G1 X94.000 Y96.420 F9000
G1 X94.800 Y96.420 E0.02794 F1800
G1 X95.950 Y96.420 E0.04016
G1 X97.450 Y96.420 E0.05238
G1 X98.600 Y96.420 E0.04016
G1 X100.840 Y96.420 E0.07823
G1 X102.340 Y96.420 E0.05238
G1 X103.290 Y96.420 E0.03318
G1 X105.140 Y96.420 E0.06461
G1 X106.440 Y96.420 E0.04540
G1 X108.490 Y96.420 E0.07159
G1 X109.290 Y96.420 E0.02794
G1 X110.440 Y96.420 E0.04016
G1 X111.940 Y96.420 E0.05238
G1 X113.090 Y96.420 E0.04016
G1 X115.330 Y96.420 E0.07823
G1 X116.830 Y96.420 E0.05238
G1 X117.780 Y96.420 E0.03318
G1 X119.630 Y96.420 E0.06461
G1 X120.930 Y96.420 E0.04540
G1 X122.980 Y96.420 E0.07159
G1 X123.780 Y96.420 E0.02794
G1 X124.930 Y96.420 E0.04016
G1 X126.000 Y96.420 E0.03737
G1 X127.130 Y96.603 E0.03999
G1 X128.906 Y97.909 E0.07696
G1 X129.505 Y99.272 E0.05200
G1 X129.580 Y100.000 E0.02557
G1 X129.580 Y101.850 E0.06461
G1 X129.580 Y103.150 E0.04540
G1 X129.580 Y105.200 E0.07159
G1 X129.580 Y106.000 E0.02794
G1 X129.580 Y107.150 E0.04016
G1 X129.580 Y108.650 E0.05238
G1 X129.580 Y109.800 E0.04016
G1 X129.580 Y112.040 E0.07823
G1 X129.580 Y113.540 E0.05238
G1 X129.580 Y114.490 E0.03318
G1 X129.580 Y116.340 E0.06461
G1 X129.580 Y117.640 E0.04540
G1 X129.580 Y119.690 E0.07159
G1 X129.580 Y120.000 E0.01083
G1 X129.397 Y121.130 E0.03999
G1 X128.643 Y122.415 E0.05200
G1 X127.746 Y123.126 E0.03999
G1 X126.000 Y123.580 E0.06299
G1 X124.500 Y123.580 E0.05238
G1 X123.550 Y123.580 E0.03318
G1 X121.700 Y123.580 E0.06461
G1 X120.400 Y123.580 E0.04540
G1 X118.350 Y123.580 E0.07159
G1 X117.550 Y123.580 E0.02794
G1 X116.400 Y123.580 E0.04016
G1 X114.900 Y123.580 E0.05238
G1 X113.750 Y123.580 E0.04016
G1 X111.510 Y123.580 E0.07823
G1 X110.010 Y123.580 E0.05238
G1 X109.060 Y123.580 E0.03318
G1 X107.210 Y123.580 E0.06461
G1 X105.910 Y123.580 E0.04540
G1 X103.860 Y123.580 E0.07159
G1 X103.060 Y123.580 E0.02794
G1 X101.910 Y123.580 E0.04016
G1 X100.410 Y123.580 E0.05238
G1 X99.260 Y123.580 E0.04016
G1 X97.020 Y123.580 E0.07823
G1 X95.520 Y123.580 E0.05238
G1 X94.570 Y123.580 E0.03318
G1 X94.000 Y123.580 E0.01991
G1 X92.728 Y123.347 E0.04515
G1 X91.118 Y122.124 E0.07062
G1 X90.719 Y121.432 E0.02788
G1 X90.435 Y120.323 E0.03999
G1 X90.420 Y120.000 E0.01129
G1 X90.420 Y118.850 E0.04016
G1 X90.420 Y116.610 E0.07823
G1 X90.420 Y115.110 E0.05238
G1 X90.420 Y114.160 E0.03318
G1 X90.420 Y112.310 E0.06461
G1 X90.420 Y111.010 E0.04540
G1 X90.420 Y108.960 E0.07159
G1 X90.420 Y108.160 E0.02794
G1 X90.420 Y107.010 E0.04016
G1 X90.420 Y105.510 E0.05238
G1 X90.420 Y104.360 E0.04016
G1 X90.420 Y102.120 E0.07823
G1 X90.420 Y100.620 E0.05238
G1 X90.420 Y100.000 E0.02165
G1 X90.887 Y98.231 E0.06389
G1 X91.719 Y97.241 E0.04515
G1 X93.578 Y96.445 E0.07062
G1 X94.000 Y96.420 E0.01478
;TYPE:Sparse infill
G1 E-0.80000 F2100
G1 Z0.800 F9000
G1 X128.960 Y97.040
G1 Z0.400
G1 E0.80000 F2100
G1 X128.160 Y97.040 E0.02794 F2400
G1 X127.010 Y97.040 E0.04016
G1 X125.510 Y97.040 E0.05238
G1 X124.360 Y97.040 E0.04016
G1 X122.120 Y97.040 E0.07823
G1 X120.620 Y97.040 E0.05238
G1 X119.670 Y97.040 E0.03318
G1 X117.820 Y97.040 E0.06461
G1 X116.520 Y97.040 E0.04540
G1 X114.470 Y97.040 E0.07159
G1 X113.670 Y97.040 E0.02794
G1 X112.520 Y97.040 E0.04016
G1 X111.020 Y97.040 E0.05238
G1 X109.870 Y97.040 E0.04016
G1 X107.630 Y97.040 E0.07823
G1 X106.130 Y97.040 E0.05238
G1 X105.180 Y97.040 E0.03318
G1 X103.330 Y97.040 E0.06461
G1 X102.030 Y97.040 E0.04540
G1 X99.980 Y97.040 E0.07159
G1 X99.180 Y97.040 E0.02794
G1 X98.030 Y97.040 E0.04016
G1 X96.530 Y97.040 E0.05238
G1 X95.380 Y97.040 E0.04016
G1 X93.140 Y97.040 E0.07823
G1 X91.640 Y97.040 E0.05238
G1 X91.040 Y97.040 E0.02095
G1 X91.040 Y99.440 E0.08382
G1 X92.190 Y99.440 E0.04016
G1 X93.690 Y99.440 E0.05238
G1 X94.840 Y99.440 E0.04016
G1 X97.080 Y99.440 E0.07823
G1 X98.580 Y99.440 E0.05238
G1 X99.530 Y99.440 E0.03318
G1 X101.380 Y99.440 E0.06461
G1 X102.680 Y99.440 E0.04540
G1 X104.730 Y99.440 E0.07159
G1 X105.530 Y99.440 E0.02794
G1 X106.680 Y99.440 E0.04016
G1 X108.180 Y99.440 E0.05238
G1 X109.330 Y99.440 E0.04016
G1 X111.570 Y99.440 E0.07823
G1 X113.070 Y99.440 E0.05238
G1 X114.020 Y99.440 E0.03318
G1 X115.870 Y99.440 E0.06461
G1 X117.170 Y99.440 E0.04540
G1 X119.220 Y99.440 E0.07159
G1 X120.020 Y99.440 E0.02794
G1 X121.170 Y99.440 E0.04016
G1 X122.670 Y99.440 E0.05238
G1 X123.820 Y99.440 E0.04016
G1 X126.060 Y99.440 E0.07823
G1 X127.560 Y99.440 E0.05238
G1 X128.510 Y99.440 E0.03318
G1 X128.960 Y99.440 E0.01572
G1 X128.960 Y101.840 E0.08382
G1 X127.460 Y101.840 E0.05238
G1 X126.310 Y101.840 E0.04016
G1 X124.070 Y101.840 E0.07823
G1 X122.570 Y101.840 E0.05238
G1 X121.620 Y101.840 E0.03318
G1 X119.770 Y101.840 E0.06461
G1 X118.470 Y101.840 E0.04540
G1 X116.420 Y101.840 E0.07159
G1 X115.620 Y101.840 E0.02794
G1 X114.470 Y101.840 E0.04016
G1 X112.970 Y101.840 E0.05238
G1 X111.820 Y101.840 E0.04016
G1 X109.580 Y101.840 E0.07823
G1 X108.080 Y101.840 E0.05238
G1 X107.130 Y101.840 E0.03318
G1 X105.280 Y101.840 E0.06461
G1 X103.980 Y101.840 E0.04540
G1 X101.930 Y101.840 E0.07159
G1 X101.130 Y101.840 E0.02794
G1 X99.980 Y101.840 E0.04016
G1 X98.480 Y101.840 E0.05238
G1 X97.330 Y101.840 E0.04016
G1 X95.090 Y101.840 E0.07823
G1 X93.590 Y101.840 E0.05238
G1 X92.640 Y101.840 E0.03318
G1 X91.040 Y101.840 E0.05588
G1 X91.040 Y104.240 E0.08382
G1 X92.190 Y104.240 E0.04016
G1 X94.430 Y104.240 E0.07823
G1 X95.930 Y104.240 E0.05238
G1 X96.880 Y104.240 E0.03318
G1 X98.730 Y104.240 E0.06461
G1 X100.030 Y104.240 E0.04540
G1 X102.080 Y104.240 E0.07159
G1 X102.880 Y104.240 E0.02794
G1 X104.030 Y104.240 E0.04016
G1 X105.530 Y104.240 E0.05238
G1 X106.680 Y104.240 E0.04016
G1 X108.920 Y104.240 E0.07823
G1 X110.420 Y104.240 E0.05238
G1 X111.370 Y104.240 E0.03318
G1 X113.220 Y104.240 E0.06461
G1 X114.520 Y104.240 E0.04540
G1 X116.570 Y104.240 E0.07159
G1 X117.370 Y104.240 E0.02794
G1 X118.520 Y104.240 E0.04016
G1 X120.020 Y104.240 E0.05238
G1 X121.170 Y104.240 E0.04016
G1 X123.410 Y104.240 E0.07823
G1 X124.910 Y104.240 E0.05238
G1 X125.860 Y104.240 E0.03318
G1 X127.710 Y104.240 E0.06461
G1 X128.960 Y104.240 E0.04365
G1 X128.960 Y106.640 E0.08382
G1 X126.720 Y106.640 E0.07823
G1 X125.220 Y106.640 E0.05238
G1 X124.270 Y106.640 E0.03318
G1 X122.420 Y106.640 E0.06461
G1 X121.120 Y106.640 E0.04540
G1 X119.070 Y106.640 E0.07159
G1 X118.270 Y106.640 E0.02794
G1 X117.120 Y106.640 E0.04016
G1 X115.620 Y106.640 E0.05238
G1 X114.470 Y106.640 E0.04016
G1 X112.230 Y106.640 E0.07823
G1 X110.730 Y106.640 E0.05238
G1 X109.780 Y106.640 E0.03318
G1 X107.930 Y106.640 E0.06461
G1 X106.630 Y106.640 E0.04540
G1 X104.580 Y106.640 E0.07159
G1 X103.780 Y106.640 E0.02794
G1 X102.630 Y106.640 E0.04016
G1 X101.130 Y106.640 E0.05238
G1 X99.980 Y106.640 E0.04016
G1 X97.740 Y106.640 E0.07823
G1 X96.240 Y106.640 E0.05238
G1 X95.290 Y106.640 E0.03318
G1 X93.440 Y106.640 E0.06461
G1 X92.140 Y106.640 E0.04540
G1 X91.040 Y106.640 E0.03842
G1 X91.040 Y109.040 E0.08382
G1 X92.540 Y109.040 E0.05238
G1 X93.490 Y109.040 E0.03318
G1 X95.340 Y109.040 E0.06461
G1 X96.640 Y109.040 E0.04540
G1 X98.690 Y109.040 E0.07159
G1 X99.490 Y109.040 E0.02794
G1 X100.640 Y109.040 E0.04016
G1 X102.140 Y109.040 E0.05238
G1 X103.290 Y109.040 E0.04016
G1 X105.530 Y109.040 E0.07823
G1 X107.030 Y109.040 E0.05238
G1 X107.980 Y109.040 E0.03318
G1 X109.830 Y109.040 E0.06461
G1 X111.130 Y109.040 E0.04540
G1 X113.180 Y109.040 E0.07159
G1 X113.980 Y109.040 E0.02794
G1 X115.130 Y109.040 E0.04016
G1 X116.630 Y109.040 E0.05238
G1 X117.780 Y109.040 E0.04016
G1 X120.020 Y109.040 E0.07823
G1 X121.520 Y109.040 E0.05238
G1 X122.470 Y109.040 E0.03318
G1 X124.320 Y109.040 E0.06461
G1 X125.620 Y109.040 E0.04540
G1 X127.670 Y109.040 E0.07159
G1 X128.470 Y109.040 E0.02794
G1 X128.960 Y109.040 E0.01711
G1 X128.960 Y111.440 E0.08382
G1 X128.010 Y111.440 E0.03318
G1 X126.160 Y111.440 E0.06461
G1 X124.860 Y111.440 E0.04540
G1 X122.810 Y111.440 E0.07159
G1 X122.010 Y111.440 E0.02794
G1 X120.860 Y111.440 E0.04016
G1 X119.360 Y111.440 E0.05238
G1 X118.210 Y111.440 E0.04016
G1 X115.970 Y111.440 E0.07823
G1 X114.470 Y111.440 E0.05238
G1 X113.520 Y111.440 E0.03318
G1 X111.670 Y111.440 E0.06461
G1 X110.370 Y111.440 E0.04540
G1 X108.320 Y111.440 E0.07159
G1 X107.520 Y111.440 E0.02794
G1 X106.370 Y111.440 E0.04016
G1 X104.870 Y111.440 E0.05238
G1 X103.720 Y111.440 E0.04016
G1 X101.480 Y111.440 E0.07823
G1 X99.980 Y111.440 E0.05238
G1 X99.030 Y111.440 E0.03318
G1 X97.180 Y111.440 E0.06461
G1 X95.880 Y111.440 E0.04540
G1 X93.830 Y111.440 E0.07159
G1 X93.030 Y111.440 E0.02794
G1 X91.880 Y111.440 E0.04016
G1 X91.040 Y111.440 E0.02934
G1 X91.040 Y113.840 E0.08382
G1 X92.890 Y113.840 E0.06461
G1 X94.190 Y113.840 E0.04540
G1 X96.240 Y113.840 E0.07159
G1 X97.040 Y113.840 E0.02794
G1 X98.190 Y113.840 E0.04016
G1 X99.690 Y113.840 E0.05238
G1 X100.840 Y113.840 E0.04016
G1 X103.080 Y113.840 E0.07823
G1 X104.580 Y113.840 E0.05238
G1 X105.530 Y113.840 E0.03318
G1 X107.380 Y113.840 E0.06461
G1 X108.680 Y113.840 E0.04540
G1 X110.730 Y113.840 E0.07159
G1 X111.530 Y113.840 E0.02794
G1 X112.680 Y113.840 E0.04016
G1 X114.180 Y113.840 E0.05238
G1 X115.330 Y113.840 E0.04016
G1 X117.570 Y113.840 E0.07823
G1 X119.070 Y113.840 E0.05238
G1 X120.020 Y113.840 E0.03318
G1 X121.870 Y113.840 E0.06461
G1 X123.170 Y113.840 E0.04540
G1 X125.220 Y113.840 E0.07159
G1 X126.020 Y113.840 E0.02794
G1 X127.170 Y113.840 E0.04016
G1 X128.960 Y113.840 E0.06251
G1 X128.960 Y116.240 E0.08382
G1 X127.660 Y116.240 E0.04540
G1 X125.610 Y116.240 E0.07159
G1 X124.810 Y116.240 E0.02794
G1 X123.660 Y116.240 E0.04016
G1 X122.160 Y116.240 E0.05238
G1 X121.010 Y116.240 E0.04016
G1 X118.770 Y116.240 E0.07823
G1 X117.270 Y116.240 E0.05238
G1 X116.320 Y116.240 E0.03318
G1 X114.470 Y116.240 E0.06461
G1 X113.170 Y116.240 E0.04540
G1 X111.120 Y116.240 E0.07159
G1 X110.320 Y116.240 E0.02794
G1 X109.170 Y116.240 E0.04016
G1 X107.670 Y116.240 E0.05238
G1 X106.520 Y116.240 E0.04016
G1 X104.280 Y116.240 E0.07823
G1 X102.780 Y116.240 E0.05238
G1 X101.830 Y116.240 E0.03318
G1 X99.980 Y116.240 E0.06461
G1 X98.680 Y116.240 E0.04540
G1 X96.630 Y116.240 E0.07159
G1 X95.830 Y116.240 E0.02794
G1 X94.680 Y116.240 E0.04016
G1 X93.180 Y116.240 E0.05238
G1 X92.030 Y116.240 E0.04016
G1 X91.040 Y116.240 E0.03457
G1 X91.040 Y118.640 E0.08382
G1 X93.090 Y118.640 E0.07159
G1 X93.890 Y118.640 E0.02794
G1 X95.040 Y118.640 E0.04016
G1 X96.540 Y118.640 E0.05238
G1 X97.690 Y118.640 E0.04016
G1 X99.930 Y118.640 E0.07823
G1 X101.430 Y118.640 E0.05238
G1 X102.380 Y118.640 E0.03318
G1 X104.230 Y118.640 E0.06461
G1 X105.530 Y118.640 E0.04540
G1 X107.580 Y118.640 E0.07159
G1 X108.380 Y118.640 E0.02794
G1 X109.530 Y118.640 E0.04016
G1 X111.030 Y118.640 E0.05238
G1 X112.180 Y118.640 E0.04016
G1 X114.420 Y118.640 E0.07823
G1 X115.920 Y118.640 E0.05238
G1 X116.870 Y118.640 E0.03318
G1 X118.720 Y118.640 E0.06461
G1 X120.020 Y118.640 E0.04540
G1 X122.070 Y118.640 E0.07159
G1 X122.870 Y118.640 E0.02794
G1 X124.020 Y118.640 E0.04016
G1 X125.520 Y118.640 E0.05238
G1 X126.670 Y118.640 E0.04016
G1 X128.960 Y118.640 E0.07997
;LAYER_CHANGE
;Z:0.600
; CHANGE_LAYER
G1 Z0.600 F7200
;TYPE:Outer wall
G1 E-0.80000 F2100
G1 Z1.000 F9000
G1 X94.000 Y96.000
G1 Z0.600
G1 E0.80000 F2100
G1 X94.800 Y96.000 E0.02794 F1800
G1 X95.950 Y96.000 E0.04016
G1 X97.450 Y96.000 E0.05238
G1 X98.600 Y96.000 E0.04016
G1 X100.840 Y96.000 E0.07823
G1 X102.340 Y96.000 E0.05238
G1 X103.290 Y96.000 E0.03318
G1 X105.140 Y96.000 E0.06461
G1 X106.440 Y96.000 E0.04540
G1 X108.490 Y96.000 E0.07159
G1 X109.290 Y96.000 E0.02794
G1 X110.440 Y96.000 E0.04016
G1 X111.940 Y96.000 E0.05238
G1 X113.090 Y96.000 E0.04016
G1 X115.330 Y96.000 E0.07823
G1 X116.830 Y96.000 E0.05238
G1 X117.780 Y96.000 E0.03318
G1 X119.630 Y96.000 E0.06461
G1 X120.930 Y96.000 E0.04540
G1 X122.980 Y96.000 E0.07159
G1 X123.780 Y96.000 E0.02794
G1 X124.930 Y96.000 E0.04016
G1 X126.000 Y96.000 E0.03737
G1 X127.134 Y96.164 E0.04002
G1 X128.999 Y97.353 E0.07721
G1 X129.760 Y98.635 E0.05208
G1 X129.975 Y99.558 E0.03310
G1 X130.000 Y100.000 E0.01547
G1 X130.000 Y101.300 E0.04540
G1 X130.000 Y103.350 E0.07159
G1 X130.000 Y104.150 E0.02794
G1 X130.000 Y105.300 E0.04016
G1 X130.000 Y106.800 E0.05238
G1 X130.000 Y107.950 E0.04016
G1 X130.000 Y110.190 E0.07823
G1 X130.000 Y111.690 E0.05238
G1 X130.000 Y112.640 E0.03318
G1 X130.000 Y114.490 E0.06461
G1 X130.000 Y115.790 E0.04540
G1 X130.000 Y117.840 E0.07159
G1 X130.000 Y118.640 E0.02794
G1 X130.000 Y120.000 E0.04750
G1 X129.722 Y121.465 E0.05208
G1 X129.154 Y122.460 E0.04002
G1 X127.365 Y123.760 E0.07721
G1 X126.000 Y124.000 E0.04841
G1 X125.050 Y124.000 E0.03318
G1 X123.200 Y124.000 E0.06461
G1 X121.900 Y124.000 E0.04540
G1 X119.850 Y124.000 E0.07159
G1 X119.050 Y124.000 E0.02794
G1 X117.900 Y124.000 E0.04016
G1 X116.400 Y124.000 E0.05238
G1 X115.250 Y124.000 E0.04016
G1 X113.010 Y124.000 E0.07823
G1 X111.510 Y124.000 E0.05238
G1 X110.560 Y124.000 E0.03318
G1 X108.710 Y124.000 E0.06461
G1 X107.410 Y124.000 E0.04540
G1 X105.360 Y124.000 E0.07159
G1 X104.560 Y124.000 E0.02794
G1 X103.410 Y124.000 E0.04016
G1 X101.910 Y124.000 E0.05238
G1 X100.760 Y124.000 E0.04016
G1 X98.520 Y124.000 E0.07823
G1 X97.020 Y124.000 E0.05238
G1 X96.070 Y124.000 E0.03318
G1 X94.000 Y124.000 E0.07229
G1 X92.723 Y123.791 E0.04520
G1 X91.028 Y122.677 E0.07081
G1 X90.555 Y122.033 E0.02789
G1 X90.120 Y120.973 E0.04002
G1 X90.000 Y120.000 E0.03425
G1 X90.000 Y118.850 E0.04016
G1 X90.000 Y116.610 E0.07823
G1 X90.000 Y115.110 E0.05238
G1 X90.000 Y114.160 E0.03318
G1 X90.000 Y112.310 E0.06461
G1 X90.000 Y111.010 E0.04540
G1 X90.000 Y108.960 E0.07159
G1 X90.000 Y108.160 E0.02794
G1 X90.000 Y107.010 E0.04016
G1 X90.000 Y105.510 E0.05238
G1 X90.000 Y104.360 E0.04016
G1 X90.000 Y102.120 E0.07823
G1 X90.000 Y100.620 E0.05238
G1 X90.000 Y100.000 E0.02165
G1 X90.420 Y98.215 E0.06403
G1 X91.178 Y97.166 E0.04520
G1 X92.930 Y96.146 E0.07081
G1 X94.000 Y96.000 E0.03771
;TYPE:Inner wall
G1 X94.000 Y96.420 F9000
G1 X94.800 Y96.420 E0.02794 F1800
G1 X95.950 Y96.420 E0.04016
G1 X97.450 Y96.420 E0.05238
G1 X98.600 Y96.420 E0.04016
G1 X100.840 Y96.420 E0.07823
G1 X102.340 Y96.420 E0.05238
G1 X103.290 Y96.420 E0.03318
G1 X105.140 Y96.420 E0.06461
G1 X106.440 Y96.420 E0.04540
G1 X108.490 Y96.420 E0.07159
G1 X109.290 Y96.420 E0.02794
G1 X110.440 Y96.420 E0.04016
G1 X111.940 Y96.420 E0.05238
G1 X113.090 Y96.420 E0.04016
G1 X115.330 Y96.420 E0.07823
G1 X116.830 Y96.420 E0.05238
G1 X117.780 Y96.420 E0.03318
G1 X119.630 Y96.420 E0.06461
G1 X120.930 Y96.420 E0.04540
G1 X122.980 Y96.420 E0.07159
G1 X123.780 Y96.420 E0.02794
G1 X124.930 Y96.420 E0.04016
G1 X126.000 Y96.420 E0.03737
G1 X127.130 Y96.603 E0.03999
G1 X128.906 Y97.909 E0.07696
G1 X129.505 Y99.272 E0.05200
G1 X129.580 Y100.000 E0.02557
G1 X129.580 Y101.850 E0.06461
G1 X129.580 Y103.150 E0.04540
G1 X129.580 Y105.200 E0.07159
G1 X129.580 Y106.000 E0.02794
G1 X129.580 Y107.150 E0.04016
G1 X129.580 Y108.650 E0.05238
G1 X129.580 Y109.800 E0.04016
G1 X129.580 Y112.040 E0.07823
G1 X129.580 Y113.540 E0.05238
G1 X129.580 Y114.490 E0.03318
G1 X129.580 Y116.340 E0.06461
G1 X129.580 Y117.640 E0.04540
G1 X129.580 Y119.690 E0.07159
G1 X129.580 Y120.000 E0.01083
G1 X129.397 Y121.130 E0.03999
G1 X128.643 Y122.415 E0.05200
G1 X127.746 Y123.126 E0.03999
G1 X126.000 Y123.580 E0.06299
G1 X124.500 Y123.580 E0.05238
G1 X123.550 Y123.580 E0.03318
G1 X121.700 Y123.580 E0.06461
G1 X120.400 Y123.580 E0.04540
G1 X118.350 Y123.580 E0.07159
G1 X117.550 Y123.580 E0.02794
G1 X116.400 Y123.580 E0.04016
G1 X114.900 Y123.580 E0.05238
G1 X113.750 Y123.580 E0.04016
G1 X111.510 Y123.580 E0.07823
G1 X110.010 Y123.580 E0.05238
G1 X109.060 Y123.580 E0.03318
G1 X107.210 Y123.580 E0.06461
G1 X105.910 Y123.580 E0.04540
G1 X103.860 Y123.580 E0.07159
G1 X103.060 Y123.580 E0.02794
G1 X101.910 Y123.580 E0.04016
G1 X100.410 Y123.580 E0.05238
G1 X99.260 Y123.580 E0.04016
G1 X97.020 Y123.580 E0.07823
G1 X95.520 Y123.580 E0.05238
G1 X94.570 Y123.580 E0.03318
G1 X94.000 Y123.580 E0.01991
G1 X92.728 Y123.347 E0.04515
G1 X91.118 Y122.124 E0.07062
G1 X90.719 Y121.432 E0.02788
G1 X90.435 Y120.323 E0.03999
G1 X90.420 Y120.000 E0.01129
G1 X90.420 Y118.850 E0.04016
G1 X90.420 Y116.610 E0.07823
G1 X90.420 Y115.110 E0.05238
G1 X90.420 Y114.160 E0.03318
G1 X90.420 Y112.310 E0.06461
G1 X90.420 Y111.010 E0.04540
G1 X90.420 Y108.960 E0.07159
G1 X90.420 Y108.160 E0.02794
G1 X90.420 Y107.010 E0.04016
G1 X90.420 Y105.510 E0.05238
G1 X90.420 Y104.360 E0.04016
G1 X90.420 Y102.120 E0.07823
G1 X90.420 Y100.620 E0.05238
G1 X90.420 Y100.000 E0.02165
G1 X90.887 Y98.231 E0.06389
G1 X91.719 Y97.241 E0.04515
G1 X93.578 Y96.445 E0.07062
G1 X94.000 Y96.420 E0.01478
;TYPE:Sparse infill
G1 E-0.80000 F2100
G1 Z1.000 F9000
G1 X91.040 Y97.040
G1 Z0.600
G1 E0.80000 F2100
G1 X91.840 Y97.040 E0.02794 F2400
G1 X92.990 Y97.040 E0.04016
G1 X94.490 Y97.040 E0.05238
G1 X95.640 Y97.040 E0.04016
G1 X97.880 Y97.040 E0.07823
G1 X99.380 Y97.040 E0.05238
G1 X100.330 Y97.040 E0.03318
G1 X102.180 Y97.040 E0.06461
G1 X103.480 Y97.040 E0.04540
G1 X105.530 Y97.040 E0.07159
G1 X106.330 Y97.040 E0.02794
G1 X107.480 Y97.040 E0.04016
G1 X108.980 Y97.040 E0.05238
G1 X110.130 Y97.040 E0.04016
G1 X112.370 Y97.040 E0.07823
G1 X113.870 Y97.040 E0.05238
G1 X114.820 Y97.040 E0.03318
G1 X116.670 Y97.040 E0.06461
G1 X117.970 Y97.040 E0.04540
G1 X120.020 Y97.040 E0.07159
G1 X120.820 Y97.040 E0.02794
G1 X121.970 Y97.040 E0.04016
G1 X123.470 Y97.040 E0.05238
G1 X124.620 Y97.040 E0.04016
G1 X126.860 Y97.040 E0.07823
G1 X128.360 Y97.040 E0.05238
G1 X128.960 Y97.040 E0.02095
G1 X128.960 Y99.440 E0.08382
G1 X127.810 Y99.440 E0.04016
G1 X126.310 Y99.440 E0.05238
G1 X125.160 Y99.440 E0.04016
G1 X122.920 Y99.440 E0.07823
G1 X121.420 Y99.440 E0.05238
G1 X120.470 Y99.440 E0.03318
G1 X118.620 Y99.440 E0.06461
G1 X117.320 Y99.440 E0.04540
G1 X115.270 Y99.440 E0.07159
G1 X114.470 Y99.440 E0.02794
G1 X113.320 Y99.440 E0.04016
G1 X111.820 Y99.440 E0.05238
G1 X110.670 Y99.440 E0.04016
G1 X108.430 Y99.440 E0.07823
G1 X106.930 Y99.440 E0.05238
G1 X105.980 Y99.440 E0.03318
G1 X104.130 Y99.440 E0.06461
G1 X102.830 Y99.440 E0.04540
G1 X100.780 Y99.440 E0.07159
G1 X99.980 Y99.440 E0.02794
G1 X98.830 Y99.440 E0.04016
G1 X97.330 Y99.440 E0.05238
G1 X96.180 Y99.440 E0.04016
G1 X93.940 Y99.440 E0.07823
G1 X92.440 Y99.440 E0.05238
G1 X91.490 Y99.440 E0.03318
G1 X91.040 Y99.440 E0.01572
G1 X91.040 Y101.840 E0.08382
G1 X92.540 Y101.840 E0.05238
G1 X93.690 Y101.840 E0.04016
G1 X95.930 Y101.840 E0.07823
G1 X97.430 Y101.840 E0.05238
G1 X98.380 Y101.840 E0.03318
G1 X100.230 Y101.840 E0.06461
G1 X101.530 Y101.840 E0.04540
G1 X103.580 Y101.840 E0.07159
G1 X104.380 Y101.840 E0.02794
G1 X105.530 Y101.840 E0.04016
G1 X107.030 Y101.840 E0.05238
G1 X108.180 Y101.840 E0.04016
G1 X110.420 Y101.840 E0.07823
G1 X111.920 Y101.840 E0.05238
G1 X112.870 Y101.840 E0.03318
G1 X114.720 Y101.840 E0.06461
G1 X116.020 Y101.840 E0.04540
G1 X118.070 Y101.840 E0.07159
G1 X118.870 Y101.840 E0.02794
G1 X120.020 Y101.840 E0.04016
G1 X121.520 Y101.840 E0.05238
G1 X122.670 Y101.840 E0.04016
G1 X124.910 Y101.840 E0.07823
G1 X126.410 Y101.840 E0.05238
G1 X127.360 Y101.840 E0.03318
G1 X128.960 Y101.840 E0.05588
G1 X128.960 Y104.240 E0.08382
G1 X127.810 Y104.240 E0.04016
G1 X125.570 Y104.240 E0.07823
G1 X124.070 Y104.240 E0.05238
G1 X123.120 Y104.240 E0.03318
G1 X121.270 Y104.240 E0.06461
G1 X119.970 Y104.240 E0.04540
G1 X117.920 Y104.240 E0.07159
G1 X117.120 Y104.240 E0.02794
G1 X115.970 Y104.240 E0.04016
G1 X114.470 Y104.240 E0.05238
G1 X113.320 Y104.240 E0.04016
G1 X111.080 Y104.240 E0.07823
G1 X109.580 Y104.240 E0.05238
G1 X108.630 Y104.240 E0.03318
G1 X106.780 Y104.240 E0.06461
G1 X105.480 Y104.240 E0.04540
G1 X103.430 Y104.240 E0.07159
G1 X102.630 Y104.240 E0.02794
G1 X101.480 Y104.240 E0.04016
G1 X99.980 Y104.240 E0.05238
G1 X98.830 Y104.240 E0.04016
G1 X96.590 Y104.240 E0.07823
G1 X95.090 Y104.240 E0.05238
G1 X94.140 Y104.240 E0.03318
G1 X92.290 Y104.240 E0.06461
G1 X91.040 Y104.240 E0.04365
G1 X91.040 Y106.640 E0.08382
G1 X93.280 Y106.640 E0.07823
G1 X94.780 Y106.640 E0.05238
G1 X95.730 Y106.640 E0.03318
G1 X97.580 Y106.640 E0.06461
G1 X98.880 Y106.640 E0.04540
G1 X100.930 Y106.640 E0.07159
G1 X101.730 Y106.640 E0.02794
G1 X102.880 Y106.640 E0.04016
G1 X104.380 Y106.640 E0.05238
G1 X105.530 Y106.640 E0.04016
G1 X107.770 Y106.640 E0.07823
G1 X109.270 Y106.640 E0.05238
G1 X110.220 Y106.640 E0.03318
G1 X112.070 Y106.640 E0.06461
G1 X113.370 Y106.640 E0.04540
G1 X115.420 Y106.640 E0.07159
G1 X116.220 Y106.640 E0.02794
G1 X117.370 Y106.640 E0.04016
G1 X118.870 Y106.640 E0.05238
G1 X120.020 Y106.640 E0.04016
G1 X122.260 Y106.640 E0.07823
G1 X123.760 Y106.640 E0.05238
G1 X124.710 Y106.640 E0.03318
G1 X126.560 Y106.640 E0.06461
G1 X127.860 Y106.640 E0.04540
G1 X128.960 Y106.640 E0.03842
G1 X128.960 Y109.040 E0.08382
G1 X127.460 Y109.040 E0.05238
G1 X126.510 Y109.040 E0.03318
G1 X124.660 Y109.040 E0.06461
G1 X123.360 Y109.040 E0.04540
G1 X121.310 Y109.040 E0.07159
G1 X120.510 Y109.040 E0.02794
G1 X119.360 Y109.040 E0.04016
G1 X117.860 Y109.040 E0.05238
G1 X116.710 Y109.040 E0.04016
G1 X114.470 Y109.040 E0.07823
G1 X112.970 Y109.040 E0.05238
G1 X112.020 Y109.040 E0.03318
G1 X110.170 Y109.040 E0.06461
G1 X108.870 Y109.040 E0.04540
G1 X106.820 Y109.040 E0.07159
G1 X106.020 Y109.040 E0.02794
G1 X104.870 Y109.040 E0.04016
G1 X103.370 Y109.040 E0.05238
G1 X102.220 Y109.040 E0.04016
G1 X99.980 Y109.040 E0.07823
G1 X98.480 Y109.040 E0.05238
G1 X97.530 Y109.040 E0.03318
G1 X95.680 Y109.040 E0.06461
G1 X94.380 Y109.040 E0.04540
G1 X92.330 Y109.040 E0.07159
G1 X91.530 Y109.040 E0.02794
G1 X91.040 Y109.040 E0.01711
G1 X91.040 Y111.440 E0.08382
G1 X91.990 Y111.440 E0.03318
G1 X93.840 Y111.440 E0.06461
G1 X95.140 Y111.440 E0.04540
G1 X97.190 Y111.440 E0.07159
G1 X97.990 Y111.440 E0.02794
G1 X99.140 Y111.440 E0.04016
G1 X100.640 Y111.440 E0.05238
G1 X101.790 Y111.440 E0.04016
G1 X104.030 Y111.440 E0.07823
G1 X105.530 Y111.440 E0.05238
G1 X106.480 Y111.440 E0.03318
G1 X108.330 Y111.440 E0.06461
G1 X109.630 Y111.440 E0.04540
G1 X111.680 Y111.440 E0.07159
G1 X112.480 Y111.440 E0.02794
G1 X113.630 Y111.440 E0.04016
G1 X115.130 Y111.440 E0.05238
G1 X116.280 Y111.440 E0.04016
G1 X118.520 Y111.440 E0.07823
G1 X120.020 Y111.440 E0.05238
G1 X120.970 Y111.440 E0.03318
G1 X122.820 Y111.440 E0.06461
G1 X124.120 Y111.440 E0.04540
G1 X126.170 Y111.440 E0.07159
G1 X126.970 Y111.440 E0.02794
G1 X128.120 Y111.440 E0.04016
G1 X128.960 Y111.440 E0.02934
G1 X128.960 Y113.840 E0.08382
G1 X127.110 Y113.840 E0.06461
G1 X125.810 Y113.840 E0.04540
G1 X123.760 Y113.840 E0.07159
G1 X122.960 Y113.840 E0.02794
G1 X121.810 Y113.840 E0.04016
G1 X120.310 Y113.840 E0.05238
G1 X119.160 Y113.840 E0.04016
G1 X116.920 Y113.840 E0.07823
G1 X115.420 Y113.840 E0.05238
G1 X114.470 Y113.840 E0.03318
G1 X112.620 Y113.840 E0.06461
G1 X111.320 Y113.840 E0.04540
G1 X109.270 Y113.840 E0.07159
G1 X108.470 Y113.840 E0.02794
G1 X107.320 Y113.840 E0.04016
G1 X105.820 Y113.840 E0.05238
G1 X104.670 Y113.840 E0.04016
G1 X102.430 Y113.840 E0.07823
G1 X100.930 Y113.840 E0.05238
G1 X99.980 Y113.840 E0.03318
G1 X98.130 Y113.840 E0.06461
G1 X96.830 Y113.840 E0.04540
G1 X94.780 Y113.840 E0.07159
G1 X93.980 Y113.840 E0.02794
G1 X92.830 Y113.840 E0.04016
G1 X91.040 Y113.840 E0.06251
G1 X91.040 Y116.240 E0.08382
G1 X92.340 Y116.240 E0.04540
G1 X94.390 Y116.240 E0.07159
G1 X95.190 Y116.240 E0.02794
G1 X96.340 Y116.240 E0.04016
G1 X97.840 Y116.240 E0.05238
G1 X98.990 Y116.240 E0.04016
G1 X101.230 Y116.240 E0.07823
G1 X102.730 Y116.240 E0.05238
G1 X103.680 Y116.240 E0.03318
G1 X105.530 Y116.240 E0.06461
G1 X106.830 Y116.240 E0.04540
G1 X108.880 Y116.240 E0.07159
G1 X109.680 Y116.240 E0.02794
G1 X110.830 Y116.240 E0.04016
G1 X112.330 Y116.240 E0.05238
G1 X113.480 Y116.240 E0.04016
G1 X115.720 Y116.240 E0.07823
G1 X117.220 Y116.240 E0.05238
G1 X118.170 Y116.240 E0.03318
G1 X120.020 Y116.240 E0.06461
G1 X121.320 Y116.240 E0.04540
G1 X123.370 Y116.240 E0.07159
G1 X124.170 Y116.240 E0.02794
G1 X125.320 Y116.240 E0.04016
G1 X126.820 Y116.240 E0.05238
G1 X127.970 Y116.240 E0.04016
G1 X128.960 Y116.240 E0.03457
G1 X128.960 Y118.640 E0.08382
G1 X126.910 Y118.640 E0.07159
G1 X126.110 Y118.640 E0.02794
G1 X124.960 Y118.640 E0.04016
G1 X123.460 Y118.640 E0.05238
G1 X122.310 Y118.640 E0.04016
G1 X120.070 Y118.640 E0.07823
G1 X118.570 Y118.640 E0.05238
G1 X117.620 Y118.640 E0.03318
G1 X115.770 Y118.640 E0.06461
G1 X114.470 Y118.640 E0.04540
G1 X112.420 Y118.640 E0.07159
G1 X111.620 Y118.640 E0.02794
G1 X110.470 Y118.640 E0.04016
G1 X108.970 Y118.640 E0.05238
G1 X107.820 Y118.640 E0.04016
G1 X105.580 Y118.640 E0.07823
G1 X104.080 Y118.640 E0.05238
G1 X103.130 Y118.640 E0.03318
G1 X101.280 Y118.640 E0.06461
G1 X99.980 Y118.640 E0.04540
G1 X97.930 Y118.640 E0.07159
G1 X97.130 Y118.640 E0.02794
G1 X95.980 Y118.640 E0.04016
G1 X94.480 Y118.640 E0.05238
G1 X93.330 Y118.640 E0.04016
G1 X91.040 Y118.640 E0.07997
;LAYER_CHANGE
;Z:0.800
; CHANGE_LAYER
G1 Z0.800 F7200
;TYPE:Outer wall
G1 E-0.80000 F2100
G1 Z1.200 F9000
G1 X94.000 Y96.000
G1 Z0.800
G1 E0.80000 F2100
G1 X94.800 Y96.000 E0.02794 F1800
G1 X95.950 Y96.000 E0.04016
G1 X97.450 Y96.000 E0.05238
G1 X98.600 Y96.000 E0.04016
G1 X100.840 Y96.000 E0.07823
G1 X102.340 Y96.000 E0.05238
G1 X103.290 Y96.000 E0.03318
G1 X105.140 Y96.000 E0.06461
G1 X106.440 Y96.000 E0.04540
G1 X108.490 Y96.000 E0.07159
G1 X109.290 Y96.000 E0.02794
G1 X110.440 Y96.000 E0.04016
G1 X111.940 Y96.000 E0.05238
G1 X113.090 Y96.000 E0.04016
G1 X115.330 Y96.000 E0.07823
G1 X116.830 Y96.000 E0.05238
G1 X117.780 Y96.000 E0.03318
G1 X119.630 Y96.000 E0.06461
G1 X120.930 Y96.000 E0.04540
G1 X122.980 Y96.000 E0.07159
G1 X123.780 Y96.000 E0.02794
G1 X124.930 Y96.000 E0.04016
G1 X126.000 Y96.000 E0.03737
G1 X127.134 Y96.164 E0.04002
G1 X128.999 Y97.353 E0.07721
G1 X129.760 Y98.635 E0.05208
G1 X129.975 Y99.558 E0.03310
G1 X130.000 Y100.000 E0.01547
G1 X130.000 Y101.300 E0.04540
G1 X130.000 Y103.350 E0.07159
G1 X130.000 Y104.150 E0.02794
G1 X130.000 Y105.300 E0.04016
G1 X130.000 Y106.800 E0.05238
G1 X130.000 Y107.950 E0.04016
G1 X130.000 Y110.190 E0.07823
G1 X130.000 Y111.690 E0.05238
G1 X130.000 Y112.640 E0.03318
G1 X130.000 Y114.490 E0.06461
G1 X130.000 Y115.790 E0.04540
G1 X130.000 Y117.840 E0.07159
G1 X130.000 Y118.640 E0.02794
G1 X130.000 Y120.000 E0.04750
G1 X129.722 Y121.465 E0.05208
G1 X129.154 Y122.460 E0.04002
G1 X127.365 Y123.760 E0.07721
G1 X126.000 Y124.000 E0.04841
G1 X125.050 Y124.000 E0.03318
G1 X123.200 Y124.000 E0.06461
G1 X121.900 Y124.000 E0.04540
G1 X119.850 Y124.000 E0.07159
G1 X119.050 Y124.000 E0.02794
G1 X117.900 Y124.000 E0.04016
G1 X116.400 Y124.000 E0.05238
G1 X115.250 Y124.000 E0.04016
G1 X113.010 Y124.000 E0.07823
G1 X111.510 Y124.000 E0.05238
G1 X110.560 Y124.000 E0.03318
G1 X108.710 Y124.000 E0.06461
G1 X107.410 Y124.000 E0.04540
G1 X105.360 Y124.000 E0.07159
G1 X104.560 Y124.000 E0.02794
G1 X103.410 Y124.000 E0.04016
G1 X101.910 Y124.000 E0.05238
G1 X100.760 Y124.000 E0.04016
G1 X98.520 Y124.000 E0.07823
G1 X97.020 Y124.000 E0.05238
G1 X96.070 Y124.000 E0.03318
G1 X94.000 Y124.000 E0.07229
G1 X92.723 Y123.791 E0.04520
G1 X91.028 Y122.677 E0.07081
G1 X90.555 Y122.033 E0.02789
G1 X90.120 Y120.973 E0.04002
G1 X90.000 Y120.000 E0.03425
G1 X90.000 Y118.850 E0.04016
G1 X90.000 Y116.610 E0.07823
G1 X90.000 Y115.110 E0.05238
G1 X90.000 Y114.160 E0.03318
G1 X90.000 Y112.310 E0.06461
G1 X90.000 Y111.010 E0.04540
G1 X90.000 Y108.960 E0.07159
G1 X90.000 Y108.160 E0.02794
G1 X90.000 Y107.010 E0.04016
G1 X90.000 Y105.510 E0.05238
G1 X90.000 Y104.360 E0.04016
G1 X90.000 Y102.120 E0.07823
G1 X90.000 Y100.620 E0.05238
G1 X90.000 Y100.000 E0.02165
G1 X90.420 Y98.215 E0.06403
G1 X91.178 Y97.166 E0.04520
G1 X92.930 Y96.146 E0.07081
G1 X94.000 Y96.000 E0.03771
;TYPE:Inner wall
G1 X94.000 Y96.420 F9000
G1 X94.800 Y96.420 E0.02794 F1800
G1 X95.950 Y96.420 E0.04016
G1 X97.450 Y96.420 E0.05238
G1 X98.600 Y96.420 E0.04016
G1 X100.840 Y96.420 E0.07823
G1 X102.340 Y96.420 E0.05238
G1 X103.290 Y96.420 E0.03318
G1 X105.140 Y96.420 E0.06461
G1 X106.440 Y96.420 E0.04540
G1 X108.490 Y96.420 E0.07159
G1 X109.290 Y96.420 E0.02794
G1 X110.440 Y96.420 E0.04016
G1 X111.940 Y96.420 E0.05238
G1 X113.090 Y96.420 E0.04016
G1 X115.330 Y96.420 E0.07823
G1 X116.830 Y96.420 E0.05238
G1 X117.780 Y96.420 E0.03318
G1 X119.630 Y96.420 E0.06461
G1 X120.930 Y96.420 E0.04540
G1 X122.980 Y96.420 E0.07159
G1 X123.780 Y96.420 E0.02794
G1 X124.930 Y96.420 E0.04016
G1 X126.000 Y96.420 E0.03737
G1 X127.130 Y96.603 E0.03999
G1 X128.906 Y97.909 E0.07696
G1 X129.505 Y99.272 E0.05200
G1 X129.580 Y100.000 E0.02557
G1 X129.580 Y101.850 E0.06461
G1 X129.580 Y103.150 E0.04540
G1 X129.580 Y105.200 E0.07159
G1 X129.580 Y106.000 E0.02794
G1 X129.580 Y107.150 E0.04016
G1 X129.580 Y108.650 E0.05238
G1 X129.580 Y109.800 E0.04016
G1 X129.580 Y112.040 E0.07823
G1 X129.580 Y113.540 E0.05238
G1 X129.580 Y114.490 E0.03318
G1 X129.580 Y116.340 E0.06461
G1 X129.580 Y117.640 E0.04540
G1 X129.580 Y119.690 E0.07159
G1 X129.580 Y120.000 E0.01083
G1 X129.397 Y121.130 E0.03999
G1 X128.643 Y122.415 E0.05200
G1 X127.746 Y123.126 E0.03999
G1 X126.000 Y123.580 E0.06299
G1 X124.500 Y123.580 E0.05238
G1 X123.550 Y123.580 E0.03318
G1 X121.700 Y123.580 E0.06461
G1 X120.400 Y123.580 E0.04540
G1 X118.350 Y123.580 E0.07159
G1 X117.550 Y123.580 E0.02794
G1 X116.400 Y123.580 E0.04016
G1 X114.900 Y123.580 E0.05238
G1 X113.750 Y123.580 E0.04016
G1 X111.510 Y123.580 E0.07823
G1 X110.010 Y123.580 E0.05238
G1 X109.060 Y123.580 E0.03318
G1 X107.210 Y123.580 E0.06461
G1 X105.910 Y123.580 E0.04540
G1 X103.860 Y123.580 E0.07159
G1 X103.060 Y123.580 E0.02794
G1 X101.910 Y123.580 E0.04016
G1 X100.410 Y123.580 E0.05238
G1 X99.260 Y123.580 E0.04016
G1 X97.020 Y123.580 E0.07823
G1 X95.520 Y123.580 E0.05238
G1 X94.570 Y123.580 E0.03318
G1 X94.000 Y123.580 E0.01991
G1 X92.728 Y123.347 E0.04515
G1 X91.118 Y122.124 E0.07062
G1 X90.719 Y121.432 E0.02788
G1 X90.435 Y120.323 E0.03999
G1 X90.420 Y120.000 E0.01129
G1 X90.420 Y118.850 E0.04016
G1 X90.420 Y116.610 E0.07823
G1 X90.420 Y115.110 E0.05238
G1 X90.420 Y114.160 E0.03318
G1 X90.420 Y112.310 E0.06461
G1 X90.420 Y111.010 E0.04540
G1 X90.420 Y108.960 E0.07159
G1 X90.420 Y108.160 E0.02794
G1 X90.420 Y107.010 E0.04016
G1 X90.420 Y105.510 E0.05238
G1 X90.420 Y104.360 E0.04016
G1 X90.420 Y102.120 E0.07823
G1 X90.420 Y100.620 E0.05238
G1 X90.420 Y100.000 E0.02165
G1 X90.887 Y98.231 E0.06389
G1 X91.719 Y97.241 E0.04515
G1 X93.578 Y96.445 E0.07062
G1 X94.000 Y96.420 E0.01478
;TYPE:Sparse infill
G1 E-0.80000 F2100
G1 Z1.200 F9000
G1 X128.960 Y97.040
G1 Z0.800
G1 E0.80000 F2100
G1 X128.160 Y97.040 E0.02794 F2400
G1 X127.010 Y97.040 E0.04016
G1 X125.510 Y97.040 E0.05238
G1 X124.360 Y97.040 E0.04016
G1 X122.120 Y97.040 E0.07823
G1 X120.620 Y97.040 E0.05238
G1 X119.670 Y97.040 E0.03318
G1 X117.820 Y97.040 E0.06461
G1 X116.520 Y97.040 E0.04540
G1 X114.470 Y97.040 E0.07159
G1 X113.670 Y97.040 E0.02794
G1 X112.520 Y97.040 E0.04016
G1 X111.020 Y97.040 E0.05238
G1 X109.870 Y97.040 E0.04016
G1 X107.630 Y97.040 E0.07823
G1 X106.130 Y97.040 E0.05238
G1 X105.180 Y97.040 E0.03318
G1 X103.330 Y97.040 E0.06461
G1 X102.030 Y97.040 E0.04540
G1 X99.980 Y97.040 E0.07159
G1 X99.180 Y97.040 E0.02794
G1 X98.030 Y97.040 E0.04016
G1 X96.530 Y97.040 E0.05238
G1 X95.380 Y97.040 E0.04016
G1 X93.140 Y97.040 E0.07823
G1 X91.640 Y97.040 E0.05238
G1 X91.040 Y97.040 E0.02095
G1 X91.040 Y99.440 E0.08382
G1 X92.190 Y99.440 E0.04016
G1 X93.690 Y99.440 E0.05238
G1 X94.840 Y99.440 E0.04016
G1 X97.080 Y99.440 E0.07823
G1 X98.580 Y99.440 E0.05238
G1 X99.530 Y99.440 E0.03318
G1 X101.380 Y99.440 E0.06461
G1 X102.680 Y99.440 E0.04540
G1 X104.730 Y99.440 E0.07159
G1 X105.530 Y99.440 E0.02794
G1 X106.680 Y99.440 E0.04016
G1 X108.180 Y99.440 E0.05238
G1 X109.330 Y99.440 E0.04016
G1 X111.570 Y99.440 E0.07823
G1 X113.070 Y99.440 E0.05238
G1 X114.020 Y99.440 E0.03318
G1 X115.870 Y99.440 E0.06461
G1 X117.170 Y99.440 E0.04540
G1 X119.220 Y99.440 E0.07159
G1 X120.020 Y99.440 E0.02794
G1 X121.170 Y99.440 E0.04016
G1 X122.670 Y99.440 E0.05238
G1 X123.820 Y99.440 E0.04016
G1 X126.060 Y99.440 E0.07823
G1 X127.560 Y99.440 E0.05238
G1 X128.510 Y99.440 E0.03318
G1 X128.960 Y99.440 E0.01572
G1 X128.960 Y101.840 E0.08382
G1 X127.460 Y101.840 E0.05238
G1 X126.310 Y101.840 E0.04016
G1 X124.070 Y101.840 E0.07823
G1 X122.570 Y101.840 E0.05238
G1 X121.620 Y101.840 E0.03318
G1 X119.770 Y101.840 E0.06461
G1 X118.470 Y101.840 E0.04540
G1 X116.420 Y101.840 E0.07159
G1 X115.620 Y101.840 E0.02794
G1 X114.470 Y101.840 E0.04016
G1 X112.970 Y101.840 E0.05238
G1 X111.820 Y101.840 E0.04016
G1 X109.580 Y101.840 E0.07823
G1 X108.080 Y101.840 E0.05238
G1 X107.130 Y101.840 E0.03318
G1 X105.280 Y101.840 E0.06461
G1 X103.980 Y101.840 E0.04540
G1 X101.930 Y101.840 E0.07159
G1 X101.130 Y101.840 E0.02794
G1 X99.980 Y101.840 E0.04016
G1 X98.480 Y101.840 E0.05238
G1 X97.330 Y101.840 E0.04016
G1 X95.090 Y101.840 E0.07823
G1 X93.590 Y101.840 E0.05238
G1 X92.640 Y101.840 E0.03318
G1 X91.040 Y101.840 E0.05588
G1 X91.040 Y104.240 E0.08382
G1 X92.190 Y104.240 E0.04016
G1 X94.430 Y104.240 E0.07823
G1 X95.930 Y104.240 E0.05238
G1 X96.880 Y104.240 E0.03318
G1 X98.730 Y104.240 E0.06461
G1 X100.030 Y104.240 E0.04540
G1 X102.080 Y104.240 E0.07159
G1 X102.880 Y104.240 E0.02794
G1 X104.030 Y104.240 E0.04016
G1 X105.530 Y104.240 E0.05238
G1 X106.680 Y104.240 E0.04016
G1 X108.920 Y104.240 E0.07823
G1 X110.420 Y104.240 E0.05238
G1 X111.370 Y104.240 E0.03318
G1 X113.220 Y104.240 E0.06461
G1 X114.520 Y104.240 E0.04540
G1 X116.570 Y104.240 E0.07159
G1 X117.370 Y104.240 E0.02794
G1 X118.520 Y104.240 E0.04016
G1 X120.020 Y104.240 E0.05238
G1 X121.170 Y104.240 E0.04016
G1 X123.410 Y104.240 E0.07823
G1 X124.910 Y104.240 E0.05238
G1 X125.860 Y104.240 E0.03318
G1 X127.710 Y104.240 E0.06461
G1 X128.960 Y104.240 E0.04365
G1 X128.960 Y106.640 E0.08382
G1 X126.720 Y106.640 E0.07823
G1 X125.220 Y106.640 E0.05238
G1 X124.270 Y106.640 E0.03318
G1 X122.420 Y106.640 E0.06461
G1 X121.120 Y106.640 E0.04540
G1 X119.070 Y106.640 E0.07159
G1 X118.270 Y106.640 E0.02794
G1 X117.120 Y106.640 E0.04016
G1 X115.620 Y106.640 E0.05238
G1 X114.470 Y106.640 E0.04016
G1 X112.230 Y106.640 E0.07823
G1 X110.730 Y106.640 E0.05238
G1 X109.780 Y106.640 E0.03318
G1 X107.930 Y106.640 E0.06461
G1 X106.630 Y106.640 E0.04540
G1 X104.580 Y106.640 E0.07159
G1 X103.780 Y106.640 E0.02794
G1 X102.630 Y106.640 E0.04016
G1 X101.130 Y106.640 E0.05238
G1 X99.980 Y106.640 E0.04016
G1 X97.740 Y106.640 E0.07823
G1 X96.240 Y106.640 E0.05238
G1 X95.290 Y106.640 E0.03318
G1 X93.440 Y106.640 E0.06461
G1 X92.140 Y106.640 E0.04540
G1 X91.040 Y106.640 E0.03842
G1 X91.040 Y109.040 E0.08382
G1 X92.540 Y109.040 E0.05238
G1 X93.490 Y109.040 E0.03318
G1 X95.340 Y109.040 E0.06461
G1 X96.640 Y109.040 E0.04540
G1 X98.690 Y109.040 E0.07159
G1 X99.490 Y109.040 E0.02794
G1 X100.640 Y109.040 E0.04016
G1 X102.140 Y109.040 E0.05238
G1 X103.290 Y109.040 E0.04016
G1 X105.530 Y109.040 E0.07823
G1 X107.030 Y109.040 E0.05238
G1 X107.980 Y109.040 E0.03318
G1 X109.830 Y109.040 E0.06461
G1 X111.130 Y109.040 E0.04540
G1 X113.180 Y109.040 E0.07159
G1 X113.980 Y109.040 E0.02794
G1 X115.130 Y109.040 E0.04016
G1 X116.630 Y109.040 E0.05238
G1 X117.780 Y109.040 E0.04016
G1 X120.020 Y109.040 E0.07823
G1 X121.520 Y109.040 E0.05238
G1 X122.470 Y109.040 E0.03318
G1 X124.320 Y109.040 E0.06461
G1 X125.620 Y109.040 E0.04540
G1 X127.670 Y109.040 E0.07159
G1 X128.470 Y109.040 E0.02794
G1 X128.960 Y109.040 E0.01711
G1 X128.960 Y111.440 E0.08382
G1 X128.010 Y111.440 E0.03318
G1 X126.160 Y111.440 E0.06461
G1 X124.860 Y111.440 E0.04540
G1 X122.810 Y111.440 E0.07159
G1 X122.010 Y111.440 E0.02794
G1 X120.860 Y111.440 E0.04016
G1 X119.360 Y111.440 E0.05238
G1 X118.210 Y111.440 E0.04016
G1 X115.970 Y111.440 E0.07823
G1 X114.470 Y111.440 E0.05238
G1 X113.520 Y111.440 E0.03318
G1 X111.670 Y111.440 E0.06461
G1 X110.370 Y111.440 E0.04540
G1 X108.320 Y111.440 E0.07159
G1 X107.520 Y111.440 E0.02794
G1 X106.370 Y111.440 E0.04016
G1 X104.870 Y111.440 E0.05238
G1 X103.720 Y111.440 E0.04016
G1 X101.480 Y111.440 E0.07823
G1 X99.980 Y111.440 E0.05238
G1 X99.030 Y111.440 E0.03318
G1 X97.180 Y111.440 E0.06461
G1 X95.880 Y111.440 E0.04540
G1 X93.830 Y111.440 E0.07159
G1 X93.030 Y111.440 E0.02794
G1 X91.880 Y111.440 E0.04016
G1 X91.040 Y111.440 E0.02934
G1 X91.040 Y113.840 E0.08382
G1 X92.890 Y113.840 E0.06461
G1 X94.190 Y113.840 E0.04540
G1 X96.240 Y113.840 E0.07159
G1 X97.040 Y113.840 E0.02794
G1 X98.190 Y113.840 E0.04016
G1 X99.690 Y113.840 E0.05238
G1 X100.840 Y113.840 E0.04016
G1 X103.080 Y113.840 E0.07823
G1 X104.580 Y113.840 E0.05238
G1 X105.530 Y113.840 E0.03318
G1 X107.380 Y113.840 E0.06461
G1 X108.680 Y113.840 E0.04540
G1 X110.730 Y113.840 E0.07159
G1 X111.530 Y113.840 E0.02794
G1 X112.680 Y113.840 E0.04016
G1 X114.180 Y113.840 E0.05238
G1 X115.330 Y113.840 E0.04016
G1 X117.570 Y113.840 E0.07823
G1 X119.070 Y113.840 E0.05238
G1 X120.020 Y113.840 E0.03318
G1 X121.870 Y113.840 E0.06461
G1 X123.170 Y113.840 E0.04540
G1 X125.220 Y113.840 E0.07159
G1 X126.020 Y113.840 E0.02794
G1 X127.170 Y113.840 E0.04016
G1 X128.960 Y113.840 E0.06251
G1 X128.960 Y116.240 E0.08382
G1 X127.660 Y116.240 E0.04540
G1 X125.610 Y116.240 E0.07159
G1 X124.810 Y116.240 E0.02794
G1 X123.660 Y116.240 E0.04016
G1 X122.160 Y116.240 E0.05238
G1 X121.010 Y116.240 E0.04016
G1 X118.770 Y116.240 E0.07823
G1 X117.270 Y116.240 E0.05238
G1 X116.320 Y116.240 E0.03318
G1 X114.470 Y116.240 E0.06461
G1 X113.170 Y116.240 E0.04540
G1 X111.120 Y116.240 E0.07159
G1 X110.320 Y116.240 E0.02794
G1 X109.170 Y116.240 E0.04016
G1 X107.670 Y116.240 E0.05238
G1 X106.520 Y116.240 E0.04016
G1 X104.280 Y116.240 E0.07823
G1 X102.780 Y116.240 E0.05238
G1 X101.830 Y116.240 E0.03318
G1 X99.980 Y116.240 E0.06461
G1 X98.680 Y116.240 E0.04540
G1 X96.630 Y116.240 E0.07159
G1 X95.830 Y116.240 E0.02794
G1 X94.680 Y116.240 E0.04016
G1 X93.180 Y116.240 E0.05238
G1 X92.030 Y116.240 E0.04016
G1 X91.040 Y116.240 E0.03457
G1 X91.040 Y118.640 E0.08382
G1 X93.090 Y118.640 E0.07159
G1 X93.890 Y118.640 E0.02794
G1 X95.040 Y118.640 E0.04016
G1 X96.540 Y118.640 E0.05238
G1 X97.690 Y118.640 E0.04016
G1 X99.930 Y118.640 E0.07823
G1 X101.430 Y118.640 E0.05238
G1 X102.380 Y118.640 E0.03318
G1 X104.230 Y118.640 E0.06461
G1 X105.530 Y118.640 E0.04540
G1 X107.580 Y118.640 E0.07159
G1 X108.380 Y118.640 E0.02794
G1 X109.530 Y118.640 E0.04016
G1 X111.030 Y118.640 E0.05238
G1 X112.180 Y118.640 E0.04016
G1 X114.420 Y118.640 E0.07823
G1 X115.920 Y118.640 E0.05238
G1 X116.870 Y118.640 E0.03318
G1 X118.720 Y118.640 E0.06461
G1 X120.020 Y118.640 E0.04540
G1 X122.070 Y118.640 E0.07159
G1 X122.870 Y118.640 E0.02794
G1 X124.020 Y118.640 E0.04016
G1 X125.520 Y118.640 E0.05238
G1 X126.670 Y118.640 E0.04016
G1 X128.960 Y118.640 E0.07997
;LAYER_CHANGE
;Z:1.000
; CHANGE_LAYER
G1 Z1.000 F7200
;TYPE:Outer wall
G1 E-0.80000 F2100
G1 Z1.400 F9000
G1 X94.000 Y96.000
G1 Z1.000
G1 E0.80000 F2100
G1 X94.800 Y96.000 E0.02794 F1800
G1 X95.950 Y96.000 E0.04016
G1 X97.450 Y96.000 E0.05238
G1 X98.600 Y96.000 E0.04016
G1 X100.840 Y96.000 E0.07823
G1 X102.340 Y96.000 E0.05238
G1 X103.290 Y96.000 E0.03318
G1 X105.140 Y96.000 E0.06461
G1 X106.440 Y96.000 E0.04540
G1 X108.490 Y96.000 E0.07159
G1 X109.290 Y96.000 E0.02794
G1 X110.440 Y96.000 E0.04016
G1 X111.940 Y96.000 E0.05238
G1 X113.090 Y96.000 E0.04016
G1 X115.330 Y96.000 E0.07823
G1 X116.830 Y96.000 E0.05238
G1 X117.780 Y96.000 E0.03318
G1 X119.630 Y96.000 E0.06461
G1 X120.930 Y96.000 E0.04540
G1 X122.980 Y96.000 E0.07159
G1 X123.780 Y96.000 E0.02794
G1 X124.930 Y96.000 E0.04016
G1 X126.000 Y96.000 E0.03737
G1 X127.134 Y96.164 E0.04002
G1 X128.999 Y97.353 E0.07721
G1 X129.760 Y98.635 E0.05208
G1 X129.975 Y99.558 E0.03310
G1 X130.000 Y100.000 E0.01547
G1 X130.000 Y101.300 E0.04540
G1 X130.000 Y103.350 E0.07159
G1 X130.000 Y104.150 E0.02794
G1 X130.000 Y105.300 E0.04016
G1 X130.000 Y106.800 E0.05238
G1 X130.000 Y107.950 E0.04016
G1 X130.000 Y110.190 E0.07823
G1 X130.000 Y111.690 E0.05238
G1 X130.000 Y112.640 E0.03318
G1 X130.000 Y114.490 E0.06461
G1 X130.000 Y115.790 E0.04540
G1 X130.000 Y117.840 E0.07159
G1 X130.000 Y118.640 E0.02794
G1 X130.000 Y120.000 E0.04750
G1 X129.722 Y121.465 E0.05208
G1 X129.154 Y122.460 E0.04002
G1 X127.365 Y123.760 E0.07721
G1 X126.000 Y124.000 E0.04841
G1 X125.050 Y124.000 E0.03318
G1 X123.200 Y124.000 E0.06461
G1 X121.900 Y124.000 E0.04540
G1 X119.850 Y124.000 E0.07159
G1 X119.050 Y124.000 E0.02794
G1 X117.900 Y124.000 E0.04016
G1 X116.400 Y124.000 E0.05238
G1 X115.250 Y124.000 E0.04016
G1 X113.010 Y124.000 E0.07823
G1 X111.510 Y124.000 E0.05238
G1 X110.560 Y124.000 E0.03318
G1 X108.710 Y124.000 E0.06461
G1 X107.410 Y124.000 E0.04540
G1 X105.360 Y124.000 E0.07159
G1 X104.560 Y124.000 E0.02794
G1 X103.410 Y124.000 E0.04016
G1 X101.910 Y124.000 E0.05238
G1 X100.760 Y124.000 E0.04016
G1 X98.520 Y124.000 E0.07823
G1 X97.020 Y124.000 E0.05238
G1 X96.070 Y124.000 E0.03318
G1 X94.000 Y124.000 E0.07229
G1 X92.723 Y123.791 E0.04520
G1 X91.028 Y122.677 E0.07081
G1 X90.555 Y122.033 E0.02789
G1 X90.120 Y120.973 E0.04002
G1 X90.000 Y120.000 E0.03425
G1 X90.000 Y118.850 E0.04016
G1 X90.000 Y116.610 E0.07823
G1 X90.000 Y115.110 E0.05238
G1 X90.000 Y114.160 E0.03318
G1 X90.000 Y112.310 E0.06461
G1 X90.000 Y111.010 E0.04540
G1 X90.000 Y108.960 E0.07159
G1 X90.000 Y108.160 E0.02794
G1 X90.000 Y107.010 E0.04016
G1 X90.000 Y105.510 E0.05238
G1 X90.000 Y104.360 E0.04016
G1 X90.000 Y102.120 E0.07823
G1 X90.000 Y100.620 E0.05238
G1 X90.000 Y100.000 E0.02165
G1 X90.420 Y98.215 E0.06403
G1 X91.178 Y97.166 E0.04520
G1 X92.930 Y96.146 E0.07081
G1 X94.000 Y96.000 E0.03771
;TYPE:Inner wall
G1 X94.000 Y96.420 F9000
G1 X94.800 Y96.420 E0.02794 F1800
G1 X95.950 Y96.420 E0.04016
G1 X97.450 Y96.420 E0.05238
G1 X98.600 Y96.420 E0.04016
G1 X100.840 Y96.420 E0.07823
G1 X102.340 Y96.420 E0.05238
G1 X103.290 Y96.420 E0.03318
G1 X105.140 Y96.420 E0.06461
G1 X106.440 Y96.420 E0.04540
G1 X108.490 Y96.420 E0.07159
G1 X109.290 Y96.420 E0.02794
G1 X110.440 Y96.420 E0.04016
G1 X111.940 Y96.420 E0.05238
G1 X113.090 Y96.420 E0.04016
G1 X115.330 Y96.420 E0.07823
G1 X116.830 Y96.420 E0.05238
G1 X117.780 Y96.420 E0.03318
G1 X119.630 Y96.420 E0.06461
G1 X120.930 Y96.420 E0.04540
G1 X122.980 Y96.420 E0.07159
G1 X123.780 Y96.420 E0.02794
G1 X124.930 Y96.420 E0.04016
G1 X126.000 Y96.420 E0.03737
G1 X127.130 Y96.603 E0.03999
G1 X128.906 Y97.909 E0.07696
G1 X129.505 Y99.272 E0.05200
G1 X129.580 Y100.000 E0.02557
G1 X129.580 Y101.850 E0.06461
G1 X129.580 Y103.150 E0.04540
G1 X129.580 Y105.200 E0.07159
G1 X129.580 Y106.000 E0.02794
G1 X129.580 Y107.150 E0.04016
G1 X129.580 Y108.650 E0.05238
G1 X129.580 Y109.800 E0.04016
G1 X129.580 Y112.040 E0.07823
G1 X129.580 Y113.540 E0.05238
G1 X129.580 Y114.490 E0.03318
G1 X129.580 Y116.340 E0.06461
G1 X129.580 Y117.640 E0.04540
G1 X129.580 Y119.690 E0.07159
G1 X129.580 Y120.000 E0.01083
G1 X129.397 Y121.130 E0.03999
G1 X128.643 Y122.415 E0.05200
G1 X127.746 Y123.126 E0.03999
G1 X126.000 Y123.580 E0.06299
G1 X124.500 Y123.580 E0.05238
G1 X123.550 Y123.580 E0.03318
G1 X121.700 Y123.580 E0.06461
G1 X120.400 Y123.580 E0.04540
G1 X118.350 Y123.580 E0.07159
G1 X117.550 Y123.580 E0.02794
G1 X116.400 Y123.580 E0.04016
G1 X114.900 Y123.580 E0.05238
G1 X113.750 Y123.580 E0.04016
G1 X111.510 Y123.580 E0.07823
G1 X110.010 Y123.580 E0.05238
G1 X109.060 Y123.580 E0.03318
G1 X107.210 Y123.580 E0.06461
G1 X105.910 Y123.580 E0.04540
G1 X103.860 Y123.580 E0.07159
G1 X103.060 Y123.580 E0.02794
G1 X101.910 Y123.580 E0.04016
G1 X100.410 Y123.580 E0.05238
G1 X99.260 Y123.580 E0.04016
G1 X97.020 Y123.580 E0.07823
G1 X95.520 Y123.580 E0.05238
G1 X94.570 Y123.580 E0.03318
G1 X94.000 Y123.580 E0.01991
G1 X92.728 Y123.347 E0.04515
G1 X91.118 Y122.124 E0.07062
G1 X90.719 Y121.432 E0.02788
G1 X90.435 Y120.323 E0.03999
G1 X90.420 Y120.000 E0.01129
G1 X90.420 Y118.850 E0.04016
G1 X90.420 Y116.610 E0.07823
G1 X90.420 Y115.110 E0.05238
G1 X90.420 Y114.160 E0.03318
G1 X90.420 Y112.310 E0.06461
G1 X90.420 Y111.010 E0.04540
G1 X90.420 Y108.960 E0.07159
G1 X90.420 Y108.160 E0.02794
G1 X90.420 Y107.010 E0.04016
G1 X90.420 Y105.510 E0.05238
G1 X90.420 Y104.360 E0.04016
G1 X90.420 Y102.120 E0.07823
G1 X90.420 Y100.620 E0.05238
G1 X90.420 Y100.000 E0.02165
G1 X90.887 Y98.231 E0.06389
G1 X91.719 Y97.241 E0.04515
G1 X93.578 Y96.445 E0.07062
G1 X94.000 Y96.420 E0.01478
;TYPE:Sparse infill
G1 E-0.80000 F2100
G1 Z1.400 F9000
G1 X91.040 Y97.040
G1 Z1.000
G1 E0.80000 F2100
G1 X91.840 Y97.040 E0.02794 F2400
G1 X92.990 Y97.040 E0.04016
G1 X94.490 Y97.040 E0.05238
G1 X95.640 Y97.040 E0.04016
G1 X97.880 Y97.040 E0.07823
G1 X99.380 Y97.040 E0.05238
G1 X100.330 Y97.040 E0.03318
G1 X102.180 Y97.040 E0.06461
G1 X103.480 Y97.040 E0.04540
G1 X105.530 Y97.040 E0.07159
G1 X106.330 Y97.040 E0.02794
G1 X107.480 Y97.040 E0.04016
G1 X108.980 Y97.040 E0.05238
G1 X110.130 Y97.040 E0.04016
G1 X112.370 Y97.040 E0.07823
G1 X113.870 Y97.040 E0.05238
G1 X114.820 Y97.040 E0.03318
G1 X116.670 Y97.040 E0.06461
G1 X117.970 Y97.040 E0.04540
G1 X120.020 Y97.040 E0.07159
G1 X120.820 Y97.040 E0.02794
G1 X121.970 Y97.040 E0.04016
G1 X123.470 Y97.040 E0.05238
G1 X124.620 Y97.040 E0.04016
G1 X126.860 Y97.040 E0.07823
G1 X128.360 Y97.040 E0.05238
G1 X128.960 Y97.040 E0.02095
G1 X128.960 Y99.440 E0.08382
G1 X127.810 Y99.440 E0.04016
G1 X126.310 Y99.440 E0.05238
G1 X125.160 Y99.440 E0.04016
G1 X122.920 Y99.440 E0.07823
G1 X121.420 Y99.440 E0.05238
G1 X120.470 Y99.440 E0.03318
G1 X118.620 Y99.440 E0.06461
G1 X117.320 Y99.440 E0.04540
G1 X115.270 Y99.440 E0.07159
G1 X114.470 Y99.440 E0.02794
G1 X113.320 Y99.440 E0.04016
G1 X111.820 Y99.440 E0.05238
G1 X110.670 Y99.440 E0.04016
G1 X108.430 Y99.440 E0.07823
G1 X106.930 Y99.440 E0.05238
G1 X105.980 Y99.440 E0.03318
G1 X104.130 Y99.440 E0.06461
G1 X102.830 Y99.440 E0.04540
G1 X100.780 Y99.440 E0.07159
G1 X99.980 Y99.440 E0.02794
G1 X98.830 Y99.440 E0.04016
G1 X97.330 Y99.440 E0.05238
G1 X96.180 Y99.440 E0.04016
G1 X93.940 Y99.440 E0.07823
G1 X92.440 Y99.440 E0.05238
G1 X91.490 Y99.440 E0.03318
G1 X91.040 Y99.440 E0.01572
G1 X91.040 Y101.840 E0.08382
G1 X92.540 Y101.840 E0.05238
G1 X93.690 Y101.840 E0.04016
G1 X95.930 Y101.840 E0.07823
G1 X97.430 Y101.840 E0.05238
G1 X98.380 Y101.840 E0.03318
G1 X100.230 Y101.840 E0.06461
G1 X101.530 Y101.840 E0.04540
G1 X103.580 Y101.840 E0.07159
G1 X104.380 Y101.840 E0.02794
G1 X105.530 Y101.840 E0.04016
G1 X107.030 Y101.840 E0.05238
G1 X108.180 Y101.840 E0.04016
G1 X110.420 Y101.840 E0.07823
G1 X111.920 Y101.840 E0.05238
G1 X112.870 Y101.840 E0.03318
G1 X114.720 Y101.840 E0.06461
G1 X116.020 Y101.840 E0.04540
G1 X118.070 Y101.840 E0.07159
G1 X118.870 Y101.840 E0.02794
G1 X120.020 Y101.840 E0.04016
G1 X121.520 Y101.840 E0.05238
G1 X122.670 Y101.840 E0.04016
G1 X124.910 Y101.840 E0.07823
G1 X126.410 Y101.840 E0.05238
G1 X127.360 Y101.840 E0.03318
G1 X128.960 Y101.840 E0.05588
G1 X128.960 Y104.240 E0.08382
G1 X127.810 Y104.240 E0.04016
G1 X125.570 Y104.240 E0.07823
G1 X124.070 Y104.240 E0.05238
G1 X123.120 Y104.240 E0.03318
G1 X121.270 Y104.240 E0.06461
G1 X119.970 Y104.240 E0.04540
G1 X117.920 Y104.240 E0.07159
G1 X117.120 Y104.240 E0.02794
G1 X115.970 Y104.240 E0.04016
G1 X114.470 Y104.240 E0.05238
G1 X113.320 Y104.240 E0.04016
G1 X111.080 Y104.240 E0.07823
G1 X109.580 Y104.240 E0.05238
G1 X108.630 Y104.240 E0.03318
G1 X106.780 Y104.240 E0.06461
G1 X105.480 Y104.240 E0.04540
G1 X103.430 Y104.240 E0.07159
G1 X102.630 Y104.240 E0.02794
G1 X101.480 Y104.240 E0.04016
G1 X99.980 Y104.240 E0.05238
G1 X98.830 Y104.240 E0.04016
G1 X96.590 Y104.240 E0.07823
G1 X95.090 Y104.240 E0.05238
G1 X94.140 Y104.240 E0.03318
G1 X92.290 Y104.240 E0.06461
G1 X91.040 Y104.240 E0.04365
G1 X91.040 Y106.640 E0.08382
G1 X93.280 Y106.640 E0.07823
G1 X94.780 Y106.640 E0.05238
G1 X95.730 Y106.640 E0.03318
G1 X97.580 Y106.640 E0.06461
G1 X98.880 Y106.640 E0.04540
G1 X100.930 Y106.640 E0.07159
G1 X101.730 Y106.640 E0.02794
G1 X102.880 Y106.640 E0.04016
G1 X104.380 Y106.640 E0.05238
G1 X105.530 Y106.640 E0.04016
G1 X107.770 Y106.640 E0.07823
G1 X109.270 Y106.640 E0.05238
G1 X110.220 Y106.640 E0.03318
G1 X112.070 Y106.640 E0.06461
G1 X113.370 Y106.640 E0.04540
G1 X115.420 Y106.640 E0.07159
G1 X116.220 Y106.640 E0.02794
G1 X117.370 Y106.640 E0.04016
G1 X118.870 Y106.640 E0.05238
G1 X120.020 Y106.640 E0.04016
G1 X122.260 Y106.640 E0.07823
G1 X123.760 Y106.640 E0.05238
G1 X124.710 Y106.640 E0.03318
G1 X126.560 Y106.640 E0.06461
G1 X127.860 Y106.640 E0.04540
G1 X128.960 Y106.640 E0.03842
G1 X128.960 Y109.040 E0.08382
G1 X127.460 Y109.040 E0.05238
G1 X126.510 Y109.040 E0.03318
G1 X124.660 Y109.040 E0.06461
G1 X123.360 Y109.040 E0.04540
G1 X121.310 Y109.040 E0.07159
G1 X120.510 Y109.040 E0.02794
G1 X119.360 Y109.040 E0.04016
G1 X117.860 Y109.040 E0.05238
G1 X116.710 Y109.040 E0.04016
G1 X114.470 Y109.040 E0.07823
G1 X112.970 Y109.040 E0.05238
G1 X112.020 Y109.040 E0.03318
G1 X110.170 Y109.040 E0.06461
G1 X108.870 Y109.040 E0.04540
G1 X106.820 Y109.040 E0.07159
G1 X106.020 Y109.040 E0.02794
G1 X104.870 Y109.040 E0.04016
G1 X103.370 Y109.040 E0.05238
G1 X102.220 Y109.040 E0.04016
G1 X99.980 Y109.040 E0.07823
G1 X98.480 Y109.040 E0.05238
G1 X97.530 Y109.040 E0.03318
G1 X95.680 Y109.040 E0.06461
G1 X94.380 Y109.040 E0.04540
G1 X92.330 Y109.040 E0.07159
G1 X91.530 Y109.040 E0.02794
G1 X91.040 Y109.040 E0.01711
G1 X91.040 Y111.440 E0.08382
G1 X91.990 Y111.440 E0.03318
G1 X93.840 Y111.440 E0.06461
G1 X95.140 Y111.440 E0.04540
G1 X97.190 Y111.440 E0.07159
G1 X97.990 Y111.440 E0.02794
G1 X99.140 Y111.440 E0.04016
G1 X100.640 Y111.440 E0.05238
G1 X101.790 Y111.440 E0.04016
G1 X104.030 Y111.440 E0.07823
G1 X105.530 Y111.440 E0.05238
G1 X106.480 Y111.440 E0.03318
G1 X108.330 Y111.440 E0.06461
G1 X109.630 Y111.440 E0.04540
G1 X111.680 Y111.440 E0.07159
G1 X112.480 Y111.440 E0.02794
G1 X113.630 Y111.440 E0.04016
G1 X115.130 Y111.440 E0.05238
G1 X116.280 Y111.440 E0.04016
G1 X118.520 Y111.440 E0.07823
G1 X120.020 Y111.440 E0.05238
G1 X120.970 Y111.440 E0.03318
G1 X122.820 Y111.440 E0.06461
G1 X124.120 Y111.440 E0.04540
G1 X126.170 Y111.440 E0.07159
G1 X126.970 Y111.440 E0.02794
G1 X128.120 Y111.440 E0.04016
G1 X128.960 Y111.440 E0.02934
G1 X128.960 Y113.840 E0.08382
G1 X127.110 Y113.840 E0.06461
G1 X125.810 Y113.840 E0.04540
G1 X123.760 Y113.840 E0.07159
G1 X122.960 Y113.840 E0.02794
G1 X121.810 Y113.840 E0.04016
G1 X120.310 Y113.840 E0.05238
G1 X119.160 Y113.840 E0.04016
G1 X116.920 Y113.840 E0.07823
G1 X115.420 Y113.840 E0.05238
G1 X114.470 Y113.840 E0.03318
G1 X112.620 Y113.840 E0.06461
G1 X111.320 Y113.840 E0.04540
G1 X109.270 Y113.840 E0.07159
G1 X108.470 Y113.840 E0.02794
G1 X107.320 Y113.840 E0.04016
G1 X105.820 Y113.840 E0.05238
G1 X104.670 Y113.840 E0.04016
G1 X102.430 Y113.840 E0.07823
G1 X100.930 Y113.840 E0.05238
G1 X99.980 Y113.840 E0.03318
G1 X98.130 Y113.840 E0.06461
G1 X96.830 Y113.840 E0.04540
G1 X94.780 Y113.840 E0.07159
G1 X93.980 Y113.840 E0.02794
G1 X92.830 Y113.840 E0.04016
G1 X91.040 Y113.840 E0.06251
G1 X91.040 Y116.240 E0.08382
G1 X92.340 Y116.240 E0.04540
G1 X94.390 Y116.240 E0.07159
G1 X95.190 Y116.240 E0.02794
G1 X96.340 Y116.240 E0.04016
G1 X97.840 Y116.240 E0.05238
G1 X98.990 Y116.240 E0.04016
G1 X101.230 Y116.240 E0.07823
G1 X102.730 Y116.240 E0.05238
G1 X103.680 Y116.240 E0.03318
G1 X105.530 Y116.240 E0.06461
G1 X106.830 Y116.240 E0.04540
G1 X108.880 Y116.240 E0.07159
G1 X109.680 Y116.240 E0.02794
G1 X110.830 Y116.240 E0.04016
G1 X112.330 Y116.240 E0.05238
G1 X113.480 Y116.240 E0.04016
G1 X115.720 Y116.240 E0.07823
G1 X117.220 Y116.240 E0.05238
G1 X118.170 Y116.240 E0.03318
G1 X120.020 Y116.240 E0.06461
G1 X121.320 Y116.240 E0.04540
G1 X123.370 Y116.240 E0.07159
G1 X124.170 Y116.240 E0.02794
G1 X125.320 Y116.240 E0.04016
G1 X126.820 Y116.240 E0.05238
G1 X127.970 Y116.240 E0.04016
G1 X128.960 Y116.240 E0.03457
G1 X128.960 Y118.640 E0.08382
G1 X126.910 Y118.640 E0.07159
G1 X126.110 Y118.640 E0.02794
G1 X124.960 Y118.640 E0.04016
G1 X123.460 Y118.640 E0.05238
G1 X122.310 Y118.640 E0.04016
G1 X120.070 Y118.640 E0.07823
G1 X118.570 Y118.640 E0.05238
G1 X117.620 Y118.640 E0.03318
G1 X115.770 Y118.640 E0.06461
G1 X114.470 Y118.640 E0.04540
G1 X112.420 Y118.640 E0.07159
G1 X111.620 Y118.640 E0.02794
G1 X110.470 Y118.640 E0.04016
G1 X108.970 Y118.640 E0.05238
G1 X107.820 Y118.640 E0.04016
G1 X105.580 Y118.640 E0.07823
G1 X104.080 Y118.640 E0.05238
G1 X103.130 Y118.640 E0.03318
G1 X101.280 Y118.640 E0.06461
G1 X99.980 Y118.640 E0.04540
G1 X97.930 Y118.640 E0.07159
G1 X97.130 Y118.640 E0.02794
G1 X95.980 Y118.640 E0.04016
G1 X94.480 Y118.640 E0.05238
G1 X93.330 Y118.640 E0.04016
G1 X91.040 Y118.640 E0.07997
;LAYER_CHANGE
;Z:1.200
; CHANGE_LAYER
G1 Z1.200 F7200
;TYPE:Outer wall
G1 E-0.80000 F2100
G1 Z1.600 F9000
G1 X94.000 Y96.000
G1 Z1.200
G1 E0.80000 F2100
G1 X94.800 Y96.000 E0.02794 F1800
G1 X95.950 Y96.000 E0.04016
G1 X97.450 Y96.000 E0.05238
G1 X98.600 Y96.000 E0.04016
G1 X100.840 Y96.000 E0.07823
G1 X102.340 Y96.000 E0.05238
G1 X103.290 Y96.000 E0.03318
G1 X105.140 Y96.000 E0.06461
G1 X106.440 Y96.000 E0.04540
G1 X108.490 Y96.000 E0.07159
G1 X109.290 Y96.000 E0.02794
G1 X110.440 Y96.000 E0.04016
G1 X111.940 Y96.000 E0.05238
G1 X113.090 Y96.000 E0.04016
G1 X115.330 Y96.000 E0.07823
G1 X116.830 Y96.000 E0.05238
G1 X117.780 Y96.000 E0.03318
G1 X119.630 Y96.000 E0.06461
G1 X120.930 Y96.000 E0.04540
G1 X122.980 Y96.000 E0.07159
G1 X123.780 Y96.000 E0.02794
G1 X124.930 Y96.000 E0.04016
G1 X126.000 Y96.000 E0.03737
G1 X127.134 Y96.164 E0.04002
G1 X128.999 Y97.353 E0.07721
G1 X129.760 Y98.635 E0.05208
G1 X129.975 Y99.558 E0.03310
G1 X130.000 Y100.000 E0.01547
G1 X130.000 Y101.300 E0.04540
G1 X130.000 Y103.350 E0.07159
G1 X130.000 Y104.150 E0.02794
G1 X130.000 Y105.300 E0.04016
G1 X130.000 Y106.800 E0.05238
G1 X130.000 Y107.950 E0.04016
G1 X130.000 Y110.190 E0.07823
G1 X130.000 Y111.690 E0.05238
G1 X130.000 Y112.640 E0.03318
G1 X130.000 Y114.490 E0.06461
G1 X130.000 Y115.790 E0.04540
G1 X130.000 Y117.840 E0.07159
G1 X130.000 Y118.640 E0.02794
G1 X130.000 Y120.000 E0.04750
G1 X129.722 Y121.465 E0.05208
G1 X129.154 Y122.460 E0.04002
G1 X127.365 Y123.760 E0.07721
G1 X126.000 Y124.000 E0.04841
G1 X125.050 Y124.000 E0.03318
G1 X123.200 Y124.000 E0.06461
G1 X121.900 Y124.000 E0.04540
G1 X119.850 Y124.000 E0.07159
G1 X119.050 Y124.000 E0.02794
G1 X117.900 Y124.000 E0.04016
G1 X116.400 Y124.000 E0.05238
G1 X115.250 Y124.000 E0.04016
G1 X113.010 Y124.000 E0.07823
G1 X111.510 Y124.000 E0.05238
G1 X110.560 Y124.000 E0.03318
G1 X108.710 Y124.000 E0.06461
G1 X107.410 Y124.000 E0.04540
G1 X105.360 Y124.000 E0.07159
G1 X104.560 Y124.000 E0.02794
G1 X103.410 Y124.000 E0.04016
G1 X101.910 Y124.000 E0.05238
G1 X100.760 Y124.000 E0.04016
G1 X98.520 Y124.000 E0.07823
G1 X97.020 Y124.000 E0.05238
G1 X96.070 Y124.000 E0.03318
G1 X94.000 Y124.000 E0.07229
G1 X92.723 Y123.791 E0.04520
G1 X91.028 Y122.677 E0.07081
G1 X90.555 Y122.033 E0.02789
G1 X90.120 Y120.973 E0.04002
G1 X90.000 Y120.000 E0.03425
G1 X90.000 Y118.850 E0.04016
G1 X90.000 Y116.610 E0.07823
G1 X90.000 Y115.110 E0.05238
G1 X90.000 Y114.160 E0.03318
G1 X90.000 Y112.310 E0.06461
G1 X90.000 Y111.010 E0.04540
G1 X90.000 Y108.960 E0.07159
G1 X90.000 Y108.160 E0.02794
G1 X90.000 Y107.010 E0.04016
G1 X90.000 Y105.510 E0.05238
G1 X90.000 Y104.360 E0.04016
G1 X90.000 Y102.120 E0.07823
G1 X90.000 Y100.620 E0.05238
G1 X90.000 Y100.000 E0.02165
G1 X90.420 Y98.215 E0.06403
G1 X91.178 Y97.166 E0.04520
G1 X92.930 Y96.146 E0.07081
G1 X94.000 Y96.000 E0.03771
;TYPE:Inner wall
G1 X94.000 Y96.420 F9000
G1 X94.800 Y96.420 E0.02794 F1800
G1 X95.950 Y96.420 E0.04016
G1 X97.450 Y96.420 E0.05238
G1 X98.600 Y96.420 E0.04016
G1 X100.840 Y96.420 E0.07823
G1 X102.340 Y96.420 E0.05238
G1 X103.290 Y96.420 E0.03318
G1 X105.140 Y96.420 E0.06461
G1 X106.440 Y96.420 E0.04540
G1 X108.490 Y96.420 E0.07159
G1 X109.290 Y96.420 E0.02794
G1 X110.440 Y96.420 E0.04016
G1 X111.940 Y96.420 E0.05238
G1 X113.090 Y96.420 E0.04016
G1 X115.330 Y96.420 E0.07823
G1 X116.830 Y96.420 E0.05238
G1 X117.780 Y96.420 E0.03318
G1 X119.630 Y96.420 E0.06461
G1 X120.930 Y96.420 E0.04540
G1 X122.980 Y96.420 E0.07159
G1 X123.780 Y96.420 E0.02794
G1 X124.930 Y96.420 E0.04016
G1 X126.000 Y96.420 E0.03737
G1 X127.130 Y96.603 E0.03999
G1 X128.906 Y97.909 E0.07696
G1 X129.505 Y99.272 E0.05200
G1 X129.580 Y100.000 E0.02557
G1 X129.580 Y101.850 E0.06461
G1 X129.580 Y103.150 E0.04540
G1 X129.580 Y105.200 E0.07159
G1 X129.580 Y106.000 E0.02794
G1 X129.580 Y107.150 E0.04016
G1 X129.580 Y108.650 E0.05238
G1 X129.580 Y109.800 E0.04016
G1 X129.580 Y112.040 E0.07823
G1 X129.580 Y113.540 E0.05238
G1 X129.580 Y114.490 E0.03318
G1 X129.580 Y116.340 E0.06461
G1 X129.580 Y117.640 E0.04540
G1 X129.580 Y119.690 E0.07159
G1 X129.580 Y120.000 E0.01083
G1 X129.397 Y121.130 E0.03999
G1 X128.643 Y122.415 E0.05200
G1 X127.746 Y123.126 E0.03999
G1 X126.000 Y123.580 E0.06299
G1 X124.500 Y123.580 E0.05238
G1 X123.550 Y123.580 E0.03318
G1 X121.700 Y123.580 E0.06461
G1 X120.400 Y123.580 E0.04540
G1 X118.350 Y123.580 E0.07159
G1 X117.550 Y123.580 E0.02794
G1 X116.400 Y123.580 E0.04016
G1 X114.900 Y123.580 E0.05238
G1 X113.750 Y123.580 E0.04016
G1 X111.510 Y123.580 E0.07823
G1 X110.010 Y123.580 E0.05238
G1 X109.060 Y123.580 E0.03318
G1 X107.210 Y123.580 E0.06461
G1 X105.910 Y123.580 E0.04540
G1 X103.860 Y123.580 E0.07159
G1 X103.060 Y123.580 E0.02794
G1 X101.910 Y123.580 E0.04016
G1 X100.410 Y123.580 E0.05238
G1 X99.260 Y123.580 E0.04016
G1 X97.020 Y123.580 E0.07823
G1 X95.520 Y123.580 E0.05238
G1 X94.570 Y123.580 E0.03318
G1 X94.000 Y123.580 E0.01991
G1 X92.728 Y123.347 E0.04515
G1 X91.118 Y122.124 E0.07062
G1 X90.719 Y121.432 E0.02788
G1 X90.435 Y120.323 E0.03999
G1 X90.420 Y120.000 E0.01129
G1 X90.420 Y118.850 E0.04016
G1 X90.420 Y116.610 E0.07823
G1 X90.420 Y115.110 E0.05238
G1 X90.420 Y114.160 E0.03318
G1 X90.420 Y112.310 E0.06461
G1 X90.420 Y111.010 E0.04540
G1 X90.420 Y108.960 E0.07159
G1 X90.420 Y108.160 E0.02794
G1 X90.420 Y107.010 E0.04016
G1 X90.420 Y105.510 E0.05238
G1 X90.420 Y104.360 E0.04016
G1 X90.420 Y102.120 E0.07823
G1 X90.420 Y100.620 E0.05238
G1 X90.420 Y100.000 E0.02165
G1 X90.887 Y98.231 E0.06389
G1 X91.719 Y97.241 E0.04515
G1 X93.578 Y96.445 E0.07062
G1 X94.000 Y96.420 E0.01478
;TYPE:Sparse infill
G1 E-0.80000 F2100
G1 Z1.600 F9000
G1 X128.960 Y97.040
G1 Z1.200
G1 E0.80000 F2100
G1 X128.160 Y97.040 E0.02794 F2400
G1 X127.010 Y97.040 E0.04016
G1 X125.510 Y97.040 E0.05238
G1 X124.360 Y97.040 E0.04016
G1 X122.120 Y97.040 E0.07823
G1 X120.620 Y97.040 E0.05238
G1 X119.670 Y97.040 E0.03318
G1 X117.820 Y97.040 E0.06461
G1 X116.520 Y97.040 E0.04540
G1 X114.470 Y97.040 E0.07159
G1 X113.670 Y97.040 E0.02794
G1 X112.520 Y97.040 E0.04016
G1 X111.020 Y97.040 E0.05238
G1 X109.870 Y97.040 E0.04016
G1 X107.630 Y97.040 E0.07823
G1 X106.130 Y97.040 E0.05238
G1 X105.180 Y97.040 E0.03318
G1 X103.330 Y97.040 E0.06461
G1 X102.030 Y97.040 E0.04540
G1 X99.980 Y97.040 E0.07159
G1 X99.180 Y97.040 E0.02794
G1 X98.030 Y97.040 E0.04016
G1 X96.530 Y97.040 E0.05238
G1 X95.380 Y97.040 E0.04016
G1 X93.140 Y97.040 E0.07823
G1 X91.640 Y97.040 E0.05238
G1 X91.040 Y97.040 E0.02095
G1 X91.040 Y99.440 E0.08382
G1 X92.190 Y99.440 E0.04016
G1 X93.690 Y99.440 E0.05238
G1 X94.840 Y99.440 E0.04016
G1 X97.080 Y99.440 E0.07823
G1 X98.580 Y99.440 E0.05238
G1 X99.530 Y99.440 E0.03318
G1 X101.380 Y99.440 E0.06461
G1 X102.680 Y99.440 E0.04540
G1 X104.730 Y99.440 E0.07159
G1 X105.530 Y99.440 E0.02794
G1 X106.680 Y99.440 E0.04016
G1 X108.180 Y99.440 E0.05238
G1 X109.330 Y99.440 E0.04016
G1 X111.570 Y99.440 E0.07823
G1 X113.070 Y99.440 E0.05238
G1 X114.020 Y99.440 E0.03318
G1 X115.870 Y99.440 E0.06461
G1 X117.170 Y99.440 E0.04540
G1 X119.220 Y99.440 E0.07159
G1 X120.020 Y99.440 E0.02794
G1 X121.170 Y99.440 E0.04016
G1 X122.670 Y99.440 E0.05238
G1 X123.820 Y99.440 E0.04016
G1 X126.060 Y99.440 E0.07823
G1 X127.560 Y99.440 E0.05238
G1 X128.510 Y99.440 E0.03318
G1 X128.960 Y99.440 E0.01572
G1 X128.960 Y101.840 E0.08382
G1 X127.460 Y101.840 E0.05238
G1 X126.310 Y101.840 E0.04016
G1 X124.070 Y101.840 E0.07823
G1 X122.570 Y101.840 E0.05238
G1 X121.620 Y101.840 E0.03318
G1 X119.770 Y101.840 E0.06461
G1 X118.470 Y101.840 E0.04540
G1 X116.420 Y101.840 E0.07159
G1 X115.620 Y101.840 E0.02794
G1 X114.470 Y101.840 E0.04016
G1 X112.970 Y101.840 E0.05238
G1 X111.820 Y101.840 E0.04016
G1 X109.580 Y101.840 E0.07823
G1 X108.080 Y101.840 E0.05238
G1 X107.130 Y101.840 E0.03318
G1 X105.280 Y101.840 E0.06461
G1 X103.980 Y101.840 E0.04540
G1 X101.930 Y101.840 E0.07159
G1 X101.130 Y101.840 E0.02794
G1 X99.980 Y101.840 E0.04016
G1 X98.480 Y101.840 E0.05238
G1 X97.330 Y101.840 E0.04016
G1 X95.090 Y101.840 E0.07823
G1 X93.590 Y101.840 E0.05238
G1 X92.640 Y101.840 E0.03318
G1 X91.040 Y101.840 E0.05588
G1 X91.040 Y104.240 E0.08382
G1 X92.190 Y104.240 E0.04016
G1 X94.430 Y104.240 E0.07823
G1 X95.930 Y104.240 E0.05238
G1 X96.880 Y104.240 E0.03318
G1 X98.730 Y104.240 E0.06461
G1 X100.030 Y104.240 E0.04540
G1 X102.080 Y104.240 E0.07159
G1 X102.880 Y104.240 E0.02794
G1 X104.030 Y104.240 E0.04016
G1 X105.530 Y104.240 E0.05238
G1 X106.680 Y104.240 E0.04016
G1 X108.920 Y104.240 E0.07823
G1 X110.420 Y104.240 E0.05238
G1 X111.370 Y104.240 E0.03318
G1 X113.220 Y104.240 E0.06461
G1 X114.520 Y104.240 E0.04540
G1 X116.570 Y104.240 E0.07159
G1 X117.370 Y104.240 E0.02794
G1 X118.520 Y104.240 E0.04016
G1 X120.020 Y104.240 E0.05238
G1 X121.170 Y104.240 E0.04016
G1 X123.410 Y104.240 E0.07823
G1 X124.910 Y104.240 E0.05238
G1 X125.860 Y104.240 E0.03318
G1 X127.710 Y104.240 E0.06461
G1 X128.960 Y104.240 E0.04365
G1 X128.960 Y106.640 E0.08382
G1 X126.720 Y106.640 E0.07823
G1 X125.220 Y106.640 E0.05238
G1 X124.270 Y106.640 E0.03318
G1 X122.420 Y106.640 E0.06461
G1 X121.120 Y106.640 E0.04540
G1 X119.070 Y106.640 E0.07159
G1 X118.270 Y106.640 E0.02794
G1 X117.120 Y106.640 E0.04016
G1 X115.620 Y106.640 E0.05238
G1 X114.470 Y106.640 E0.04016
G1 X112.230 Y106.640 E0.07823
G1 X110.730 Y106.640 E0.05238
G1 X109.780 Y106.640 E0.03318
G1 X107.930 Y106.640 E0.06461
G1 X106.630 Y106.640 E0.04540
G1 X104.580 Y106.640 E0.07159
G1 X103.780 Y106.640 E0.02794
G1 X102.630 Y106.640 E0.04016
G1 X101.130 Y106.640 E0.05238
G1 X99.980 Y106.640 E0.04016
G1 X97.740 Y106.640 E0.07823
G1 X96.240 Y106.640 E0.05238
G1 X95.290 Y106.640 E0.03318
G1 X93.440 Y106.640 E0.06461
G1 X92.140 Y106.640 E0.04540
G1 X91.040 Y106.640 E0.03842
G1 X91.040 Y109.040 E0.08382
G1 X92.540 Y109.040 E0.05238
G1 X93.490 Y109.040 E0.03318
G1 X95.340 Y109.040 E0.06461
G1 X96.640 Y109.040 E0.04540
G1 X98.690 Y109.040 E0.07159
G1 X99.490 Y109.040 E0.02794
G1 X100.640 Y109.040 E0.04016
G1 X102.140 Y109.040 E0.05238
G1 X103.290 Y109.040 E0.04016
G1 X105.530 Y109.040 E0.07823
G1 X107.030 Y109.040 E0.05238
G1 X107.980 Y109.040 E0.03318
G1 X109.830 Y109.040 E0.06461
G1 X111.130 Y109.040 E0.04540
G1 X113.180 Y109.040 E0.07159
G1 X113.980 Y109.040 E0.02794
G1 X115.130 Y109.040 E0.04016
G1 X116.630 Y109.040 E0.05238
G1 X117.780 Y109.040 E0.04016
G1 X120.020 Y109.040 E0.07823
G1 X121.520 Y109.040 E0.05238
G1 X122.470 Y109.040 E0.03318
G1 X124.320 Y109.040 E0.06461
G1 X125.620 Y109.040 E0.04540
G1 X127.670 Y109.040 E0.07159
G1 X128.470 Y109.040 E0.02794
G1 X128.960 Y109.040 E0.01711
G1 X128.960 Y111.440 E0.08382
G1 X128.010 Y111.440 E0.03318
G1 X126.160 Y111.440 E0.06461
G1 X124.860 Y111.440 E0.04540
G1 X122.810 Y111.440 E0.07159
G1 X122.010 Y111.440 E0.02794
G1 X120.860 Y111.440 E0.04016
G1 X119.360 Y111.440 E0.05238
G1 X118.210 Y111.440 E0.04016
G1 X115.970 Y111.440 E0.07823
G1 X114.470 Y111.440 E0.05238
G1 X113.520 Y111.440 E0.03318
G1 X111.670 Y111.440 E0.06461
G1 X110.370 Y111.440 E0.04540
G1 X108.320 Y111.440 E0.07159
G1 X107.520 Y111.440 E0.02794
G1 X106.370 Y111.440 E0.04016
G1 X104.870 Y111.440 E0.05238
G1 X103.720 Y111.440 E0.04016
G1 X101.480 Y111.440 E0.07823
G1 X99.980 Y111.440 E0.05238
G1 X99.030 Y111.440 E0.03318
G1 X97.180 Y111.440 E0.06461
G1 X95.880 Y111.440 E0.04540
G1 X93.830 Y111.440 E0.07159
G1 X93.030 Y111.440 E0.02794
G1 X91.880 Y111.440 E0.04016
G1 X91.040 Y111.440 E0.02934
G1 X91.040 Y113.840 E0.08382
G1 X92.890 Y113.840 E0.06461
G1 X94.190 Y113.840 E0.04540
G1 X96.240 Y113.840 E0.07159
G1 X97.040 Y113.840 E0.02794
G1 X98.190 Y113.840 E0.04016
G1 X99.690 Y113.840 E0.05238
G1 X100.840 Y113.840 E0.04016
G1 X103.080 Y113.840 E0.07823
G1 X104.580 Y113.840 E0.05238
G1 X105.530 Y113.840 E0.03318
G1 X107.380 Y113.840 E0.06461
G1 X108.680 Y113.840 E0.04540
G1 X110.730 Y113.840 E0.07159
G1 X111.530 Y113.840 E0.02794
G1 X112.680 Y113.840 E0.04016
G1 X114.180 Y113.840 E0.05238
G1 X115.330 Y113.840 E0.04016
G1 X117.570 Y113.840 E0.07823
G1 X119.070 Y113.840 E0.05238
G1 X120.020 Y113.840 E0.03318
G1 X121.870 Y113.840 E0.06461
G1 X123.170 Y113.840 E0.04540
G1 X125.220 Y113.840 E0.07159
G1 X126.020 Y113.840 E0.02794
G1 X127.170 Y113.840 E0.04016
G1 X128.960 Y113.840 E0.06251
G1 X128.960 Y116.240 E0.08382
G1 X127.660 Y116.240 E0.04540
G1 X125.610 Y116.240 E0.07159
G1 X124.810 Y116.240 E0.02794
G1 X123.660 Y116.240 E0.04016
G1 X122.160 Y116.240 E0.05238
G1 X121.010 Y116.240 E0.04016
G1 X118.770 Y116.240 E0.07823
G1 X117.270 Y116.240 E0.05238
G1 X116.320 Y116.240 E0.03318
G1 X114.470 Y116.240 E0.06461
G1 X113.170 Y116.240 E0.04540
G1 X111.120 Y116.240 E0.07159
G1 X110.320 Y116.240 E0.02794
G1 X109.170 Y116.240 E0.04016
G1 X107.670 Y116.240 E0.05238
G1 X106.520 Y116.240 E0.04016
G1 X104.280 Y116.240 E0.07823
G1 X102.780 Y116.240 E0.05238
G1 X101.830 Y116.240 E0.03318
G1 X99.980 Y116.240 E0.06461
G1 X98.680 Y116.240 E0.04540
G1 X96.630 Y116.240 E0.07159
G1 X95.830 Y116.240 E0.02794
G1 X94.680 Y116.240 E0.04016
G1 X93.180 Y116.240 E0.05238
G1 X92.030 Y116.240 E0.04016
G1 X91.040 Y116.240 E0.03457
G1 X91.040 Y118.640 E0.08382
G1 X93.090 Y118.640 E0.07159
G1 X93.890 Y118.640 E0.02794
G1 X95.040 Y118.640 E0.04016
G1 X96.540 Y118.640 E0.05238
G1 X97.690 Y118.640 E0.04016
G1 X99.930 Y118.640 E0.07823
G1 X101.430 Y118.640 E0.05238
G1 X102.380 Y118.640 E0.03318
G1 X104.230 Y118.640 E0.06461
G1 X105.530 Y118.640 E0.04540
G1 X107.580 Y118.640 E0.07159
G1 X108.380 Y118.640 E0.02794
G1 X109.530 Y118.640 E0.04016
G1 X111.030 Y118.640 E0.05238
G1 X112.180 Y118.640 E0.04016
G1 X114.420 Y118.640 E0.07823
G1 X115.920 Y118.640 E0.05238
G1 X116.870 Y118.640 E0.03318
G1 X118.720 Y118.640 E0.06461
G1 X120.020 Y118.640 E0.04540
G1 X122.070 Y118.640 E0.07159
G1 X122.870 Y118.640 E0.02794
G1 X124.020 Y118.640 E0.04016
G1 X125.520 Y118.640 E0.05238
G1 X126.670 Y118.640 E0.04016
G1 X128.960 Y118.640 E0.07997
;LAYER_CHANGE
;Z:1.400
; CHANGE_LAYER
G1 Z1.400 F7200
;TYPE:Outer wall
G1 E-0.80000 F2100
G1 Z1.800 F9000
G1 X94.000 Y96.000
G1 Z1.400
G1 E0.80000 F2100
G1 X94.800 Y96.000 E0.02794 F1800
G1 X95.950 Y96.000 E0.04016
G1 X97.450 Y96.000 E0.05238
G1 X98.600 Y96.000 E0.04016
G1 X100.840 Y96.000 E0.07823
G1 X102.340 Y96.000 E0.05238
G1 X103.290 Y96.000 E0.03318
G1 X105.140 Y96.000 E0.06461
G1 X106.440 Y96.000 E0.04540
G1 X108.490 Y96.000 E0.07159
G1 X109.290 Y96.000 E0.02794
G1 X110.440 Y96.000 E0.04016
G1 X111.940 Y96.000 E0.05238
G1 X113.090 Y96.000 E0.04016
G1 X115.330 Y96.000 E0.07823
G1 X116.830 Y96.000 E0.05238
G1 X117.780 Y96.000 E0.03318
G1 X119.630 Y96.000 E0.06461
G1 X120.930 Y96.000 E0.04540
G1 X122.980 Y96.000 E0.07159
G1 X123.780 Y96.000 E0.02794
G1 X124.930 Y96.000 E0.04016
G1 X126.000 Y96.000 E0.03737
G1 X127.134 Y96.164 E0.04002
G1 X128.999 Y97.353 E0.07721
G1 X129.760 Y98.635 E0.05208
G1 X129.975 Y99.558 E0.03310
G1 X130.000 Y100.000 E0.01547
G1 X130.000 Y101.300 E0.04540
G1 X130.000 Y103.350 E0.07159
G1 X130.000 Y104.150 E0.02794
G1 X130.000 Y105.300 E0.04016
G1 X130.000 Y106.800 E0.05238
G1 X130.000 Y107.950 E0.04016
G1 X130.000 Y110.190 E0.07823
G1 X130.000 Y111.690 E0.05238
G1 X130.000 Y112.640 E0.03318
G1 X130.000 Y114.490 E0.06461
G1 X130.000 Y115.790 E0.04540
G1 X130.000 Y117.840 E0.07159
G1 X130.000 Y118.640 E0.02794
G1 X130.000 Y120.000 E0.04750
G1 X129.722 Y121.465 E0.05208
G1 X129.154 Y122.460 E0.04002
G1 X127.365 Y123.760 E0.07721
G1 X126.000 Y124.000 E0.04841
G1 X125.050 Y124.000 E0.03318
G1 X123.200 Y124.000 E0.06461
G1 X121.900 Y124.000 E0.04540
G1 X119.850 Y124.000 E0.07159
G1 X119.050 Y124.000 E0.02794
G1 X117.900 Y124.000 E0.04016
G1 X116.400 Y124.000 E0.05238
G1 X115.250 Y124.000 E0.04016
G1 X113.010 Y124.000 E0.07823
G1 X111.510 Y124.000 E0.05238
G1 X110.560 Y124.000 E0.03318
G1 X108.710 Y124.000 E0.06461
G1 X107.410 Y124.000 E0.04540
G1 X105.360 Y124.000 E0.07159
G1 X104.560 Y124.000 E0.02794
G1 X103.410 Y124.000 E0.04016
G1 X101.910 Y124.000 E0.05238
G1 X100.760 Y124.000 E0.04016
G1 X98.520 Y124.000 E0.07823
G1 X97.020 Y124.000 E0.05238
G1 X96.070 Y124.000 E0.03318
G1 X94.000 Y124.000 E0.07229
G1 X92.723 Y123.791 E0.04520
G1 X91.028 Y122.677 E0.07081
G1 X90.555 Y122.033 E0.02789
G1 X90.120 Y120.973 E0.04002
G1 X90.000 Y120.000 E0.03425
G1 X90.000 Y118.850 E0.04016
G1 X90.000 Y116.610 E0.07823
G1 X90.000 Y115.110 E0.05238
G1 X90.000 Y114.160 E0.03318
G1 X90.000 Y112.310 E0.06461
G1 X90.000 Y111.010 E0.04540
G1 X90.000 Y108.960 E0.07159
G1 X90.000 Y108.160 E0.02794
G1 X90.000 Y107.010 E0.04016
G1 X90.000 Y105.510 E0.05238
G1 X90.000 Y104.360 E0.04016
G1 X90.000 Y102.120 E0.07823
G1 X90.000 Y100.620 E0.05238
G1 X90.000 Y100.000 E0.02165
G1 X90.420 Y98.215 E0.06403
G1 X91.178 Y97.166 E0.04520
G1 X92.930 Y96.146 E0.07081
G1 X94.000 Y96.000 E0.03771
;TYPE:Inner wall
G1 X94.000 Y96.420 F9000
G1 X94.800 Y96.420 E0.02794 F1800
G1 X95.950 Y96.420 E0.04016
G1 X97.450 Y96.420 E0.05238
G1 X98.600 Y96.420 E0.04016
G1 X100.840 Y96.420 E0.07823
G1 X102.340 Y96.420 E0.05238
G1 X103.290 Y96.420 E0.03318
G1 X105.140 Y96.420 E0.06461
G1 X106.440 Y96.420 E0.04540
G1 X108.490 Y96.420 E0.07159
G1 X109.290 Y96.420 E0.02794
G1 X110.440 Y96.420 E0.04016
G1 X111.940 Y96.420 E0.05238
G1 X113.090 Y96.420 E0.04016
G1 X115.330 Y96.420 E0.07823
G1 X116.830 Y96.420 E0.05238
G1 X117.780 Y96.420 E0.03318
G1 X119.630 Y96.420 E0.06461
G1 X120.930 Y96.420 E0.04540
G1 X122.980 Y96.420 E0.07159
G1 X123.780 Y96.420 E0.02794
G1 X124.930 Y96.420 E0.04016
G1 X126.000 Y96.420 E0.03737
G1 X127.130 Y96.603 E0.03999
G1 X128.906 Y97.909 E0.07696
G1 X129.505 Y99.272 E0.05200
G1 X129.580 Y100.000 E0.02557
G1 X129.580 Y101.850 E0.06461
G1 X129.580 Y103.150 E0.04540
G1 X129.580 Y105.200 E0.07159
G1 X129.580 Y106.000 E0.02794
G1 X129.580 Y107.150 E0.04016
G1 X129.580 Y108.650 E0.05238
G1 X129.580 Y109.800 E0.04016
G1 X129.580 Y112.040 E0.07823
G1 X129.580 Y113.540 E0.05238
G1 X129.580 Y114.490 E0.03318
G1 X129.580 Y116.340 E0.06461
G1 X129.580 Y117.640 E0.04540
G1 X129.580 Y119.690 E0.07159
G1 X129.580 Y120.000 E0.01083
G1 X129.397 Y121.130 E0.03999
G1 X128.643 Y122.415 E0.05200
G1 X127.746 Y123.126 E0.03999
G1 X126.000 Y123.580 E0.06299
G1 X124.500 Y123.580 E0.05238
G1 X123.550 Y123.580 E0.03318
G1 X121.700 Y123.580 E0.06461
G1 X120.400 Y123.580 E0.04540
G1 X118.350 Y123.580 E0.07159
G1 X117.550 Y123.580 E0.02794
G1 X116.400 Y123.580 E0.04016
G1 X114.900 Y123.580 E0.05238
G1 X113.750 Y123.580 E0.04016
G1 X111.510 Y123.580 E0.07823
G1 X110.010 Y123.580 E0.05238
G1 X109.060 Y123.580 E0.03318
G1 X107.210 Y123.580 E0.06461
G1 X105.910 Y123.580 E0.04540
G1 X103.860 Y123.580 E0.07159
G1 X103.060 Y123.580 E0.02794
G1 X101.910 Y123.580 E0.04016
G1 X100.410 Y123.580 E0.05238
G1 X99.260 Y123.580 E0.04016
G1 X97.020 Y123.580 E0.07823
G1 X95.520 Y123.580 E0.05238
G1 X94.570 Y123.580 E0.03318
G1 X94.000 Y123.580 E0.01991
G1 X92.728 Y123.347 E0.04515
G1 X91.118 Y122.124 E0.07062
G1 X90.719 Y121.432 E0.02788
G1 X90.435 Y120.323 E0.03999
G1 X90.420 Y120.000 E0.01129
G1 X90.420 Y118.850 E0.04016
G1 X90.420 Y116.610 E0.07823
G1 X90.420 Y115.110 E0.05238
G1 X90.420 Y114.160 E0.03318
G1 X90.420 Y112.310 E0.06461
G1 X90.420 Y111.010 E0.04540
G1 X90.420 Y108.960 E0.07159
G1 X90.420 Y108.160 E0.02794
G1 X90.420 Y107.010 E0.04016
G1 X90.420 Y105.510 E0.05238
G1 X90.420 Y104.360 E0.04016
G1 X90.420 Y102.120 E0.07823
G1 X90.420 Y100.620 E0.05238
G1 X90.420 Y100.000 E0.02165
G1 X90.887 Y98.231 E0.06389
G1 X91.719 Y97.241 E0.04515
G1 X93.578 Y96.445 E0.07062
G1 X94.000 Y96.420 E0.01478
;TYPE:Sparse infill
G1 E-0.80000 F2100
G1 Z1.800 F9000
G1 X91.040 Y97.040
G1 Z1.400
G1 E0.80000 F2100
G1 X91.840 Y97.040 E0.02794 F2400
G1 X92.990 Y97.040 E0.04016
G1 X94.490 Y97.040 E0.05238
G1 X95.640 Y97.040 E0.04016
G1 X97.880 Y97.040 E0.07823
G1 X99.380 Y97.040 E0.05238
G1 X100.330 Y97.040 E0.03318
G1 X102.180 Y97.040 E0.06461
G1 X103.480 Y97.040 E0.04540
G1 X105.530 Y97.040 E0.07159
G1 X106.330 Y97.040 E0.02794
G1 X107.480 Y97.040 E0.04016
G1 X108.980 Y97.040 E0.05238
G1 X110.130 Y97.040 E0.04016
G1 X112.370 Y97.040 E0.07823
G1 X113.870 Y97.040 E0.05238
G1 X114.820 Y97.040 E0.03318
G1 X116.670 Y97.040 E0.06461
G1 X117.970 Y97.040 E0.04540
G1 X120.020 Y97.040 E0.07159
G1 X120.820 Y97.040 E0.02794
G1 X121.970 Y97.040 E0.04016
G1 X123.470 Y97.040 E0.05238
G1 X124.620 Y97.040 E0.04016
G1 X126.860 Y97.040 E0.07823
G1 X128.360 Y97.040 E0.05238
G1 X128.960 Y97.040 E0.02095
G1 X128.960 Y99.440 E0.08382
G1 X127.810 Y99.440 E0.04016
G1 X126.310 Y99.440 E0.05238
G1 X125.160 Y99.440 E0.04016
G1 X122.920 Y99.440 E0.07823
G1 X121.420 Y99.440 E0.05238
G1 X120.470 Y99.440 E0.03318
G1 X118.620 Y99.440 E0.06461
G1 X117.320 Y99.440 E0.04540
G1 X115.270 Y99.440 E0.07159
G1 X114.470 Y99.440 E0.02794
G1 X113.320 Y99.440 E0.04016
G1 X111.820 Y99.440 E0.05238
G1 X110.670 Y99.440 E0.04016
G1 X108.430 Y99.440 E0.07823
G1 X106.930 Y99.440 E0.05238
G1 X105.980 Y99.440 E0.03318
G1 X104.130 Y99.440 E0.06461
G1 X102.830 Y99.440 E0.04540
G1 X100.780 Y99.440 E0.07159
G1 X99.980 Y99.440 E0.02794
G1 X98.830 Y99.440 E0.04016
G1 X97.330 Y99.440 E0.05238
G1 X96.180 Y99.440 E0.04016
G1 X93.940 Y99.440 E0.07823
G1 X92.440 Y99.440 E0.05238
G1 X91.490 Y99.440 E0.03318
G1 X91.040 Y99.440 E0.01572
G1 X91.040 Y101.840 E0.08382
G1 X92.540 Y101.840 E0.05238
G1 X93.690 Y101.840 E0.04016
G1 X95.930 Y101.840 E0.07823
G1 X97.430 Y101.840 E0.05238
G1 X98.380 Y101.840 E0.03318
G1 X100.230 Y101.840 E0.06461
G1 X101.530 Y101.840 E0.04540
G1 X103.580 Y101.840 E0.07159
G1 X104.380 Y101.840 E0.02794
G1 X105.530 Y101.840 E0.04016
G1 X107.030 Y101.840 E0.05238
G1 X108.180 Y101.840 E0.04016
G1 X110.420 Y101.840 E0.07823
G1 X111.920 Y101.840 E0.05238
G1 X112.870 Y101.840 E0.03318
G1 X114.720 Y101.840 E0.06461
G1 X116.020 Y101.840 E0.04540
G1 X118.070 Y101.840 E0.07159
G1 X118.870 Y101.840 E0.02794
G1 X120.020 Y101.840 E0.04016
G1 X121.520 Y101.840 E0.05238
G1 X122.670 Y101.840 E0.04016
G1 X124.910 Y101.840 E0.07823
G1 X126.410 Y101.840 E0.05238
G1 X127.360 Y101.840 E0.03318
G1 X128.960 Y101.840 E0.05588
G1 X128.960 Y104.240 E0.08382
G1 X127.810 Y104.240 E0.04016
G1 X125.570 Y104.240 E0.07823
G1 X124.070 Y104.240 E0.05238
G1 X123.120 Y104.240 E0.03318
G1 X121.270 Y104.240 E0.06461
G1 X119.970 Y104.240 E0.04540
G1 X117.920 Y104.240 E0.07159
G1 X117.120 Y104.240 E0.02794
G1 X115.970 Y104.240 E0.04016
G1 X114.470 Y104.240 E0.05238
G1 X113.320 Y104.240 E0.04016
G1 X111.080 Y104.240 E0.07823
G1 X109.580 Y104.240 E0.05238
G1 X108.630 Y104.240 E0.03318
G1 X106.780 Y104.240 E0.06461
G1 X105.480 Y104.240 E0.04540
G1 X103.430 Y104.240 E0.07159
G1 X102.630 Y104.240 E0.02794
G1 X101.480 Y104.240 E0.04016
G1 X99.980 Y104.240 E0.05238
G1 X98.830 Y104.240 E0.04016
G1 X96.590 Y104.240 E0.07823
G1 X95.090 Y104.240 E0.05238
G1 X94.140 Y104.240 E0.03318
G1 X92.290 Y104.240 E0.06461
G1 X91.040 Y104.240 E0.04365
G1 X91.040 Y106.640 E0.08382
G1 X93.280 Y106.640 E0.07823
G1 X94.780 Y106.640 E0.05238
G1 X95.730 Y106.640 E0.03318
G1 X97.580 Y106.640 E0.06461
G1 X98.880 Y106.640 E0.04540
G1 X100.930 Y106.640 E0.07159
G1 X101.730 Y106.640 E0.02794
G1 X102.880 Y106.640 E0.04016
G1 X104.380 Y106.640 E0.05238
G1 X105.530 Y106.640 E0.04016
G1 X107.770 Y106.640 E0.07823
G1 X109.270 Y106.640 E0.05238
G1 X110.220 Y106.640 E0.03318
G1 X112.070 Y106.640 E0.06461
G1 X113.370 Y106.640 E0.04540
G1 X115.420 Y106.640 E0.07159
G1 X116.220 Y106.640 E0.02794
G1 X117.370 Y106.640 E0.04016
G1 X118.870 Y106.640 E0.05238
G1 X120.020 Y106.640 E0.04016
G1 X122.260 Y106.640 E0.07823
G1 X123.760 Y106.640 E0.05238
G1 X124.710 Y106.640 E0.03318
G1 X126.560 Y106.640 E0.06461
G1 X127.860 Y106.640 E0.04540
G1 X128.960 Y106.640 E0.03842
G1 X128.960 Y109.040 E0.08382
G1 X127.460 Y109.040 E0.05238
G1 X126.510 Y109.040 E0.03318
G1 X124.660 Y109.040 E0.06461
G1 X123.360 Y109.040 E0.04540
G1 X121.310 Y109.040 E0.07159
G1 X120.510 Y109.040 E0.02794
G1 X119.360 Y109.040 E0.04016
G1 X117.860 Y109.040 E0.05238
G1 X116.710 Y109.040 E0.04016
G1 X114.470 Y109.040 E0.07823
G1 X112.970 Y109.040 E0.05238
G1 X112.020 Y109.040 E0.03318
G1 X110.170 Y109.040 E0.06461
G1 X108.870 Y109.040 E0.04540
G1 X106.820 Y109.040 E0.07159
G1 X106.020 Y109.040 E0.02794
G1 X104.870 Y109.040 E0.04016
G1 X103.370 Y109.040 E0.05238
G1 X102.220 Y109.040 E0.04016
G1 X99.980 Y109.040 E0.07823
G1 X98.480 Y109.040 E0.05238
G1 X97.530 Y109.040 E0.03318
G1 X95.680 Y109.040 E0.06461
G1 X94.380 Y109.040 E0.04540
G1 X92.330 Y109.040 E0.07159
G1 X91.530 Y109.040 E0.02794
G1 X91.040 Y109.040 E0.01711
G1 X91.040 Y111.440 E0.08382
G1 X91.990 Y111.440 E0.03318
G1 X93.840 Y111.440 E0.06461
G1 X95.140 Y111.440 E0.04540
G1 X97.190 Y111.440 E0.07159
G1 X97.990 Y111.440 E0.02794
G1 X99.140 Y111.440 E0.04016
G1 X100.640 Y111.440 E0.05238
G1 X101.790 Y111.440 E0.04016
G1 X104.030 Y111.440 E0.07823
G1 X105.530 Y111.440 E0.05238
G1 X106.480 Y111.440 E0.03318
G1 X108.330 Y111.440 E0.06461
G1 X109.630 Y111.440 E0.04540
G1 X111.680 Y111.440 E0.07159
G1 X112.480 Y111.440 E0.02794
G1 X113.630 Y111.440 E0.04016
G1 X115.130 Y111.440 E0.05238
G1 X116.280 Y111.440 E0.04016
G1 X118.520 Y111.440 E0.07823
G1 X120.020 Y111.440 E0.05238
G1 X120.970 Y111.440 E0.03318
G1 X122.820 Y111.440 E0.06461
G1 X124.120 Y111.440 E0.04540
G1 X126.170 Y111.440 E0.07159
G1 X126.970 Y111.440 E0.02794
G1 X128.120 Y111.440 E0.04016
G1 X128.960 Y111.440 E0.02934
G1 X128.960 Y113.840 E0.08382
G1 X127.110 Y113.840 E0.06461
G1 X125.810 Y113.840 E0.04540
G1 X123.760 Y113.840 E0.07159
G1 X122.960 Y113.840 E0.02794
G1 X121.810 Y113.840 E0.04016
G1 X120.310 Y113.840 E0.05238
G1 X119.160 Y113.840 E0.04016
G1 X116.920 Y113.840 E0.07823
G1 X115.420 Y113.840 E0.05238
G1 X114.470 Y113.840 E0.03318
G1 X112.620 Y113.840 E0.06461
G1 X111.320 Y113.840 E0.04540
G1 X109.270 Y113.840 E0.07159
G1 X108.470 Y113.840 E0.02794
G1 X107.320 Y113.840 E0.04016
G1 X105.820 Y113.840 E0.05238
G1 X104.670 Y113.840 E0.04016
G1 X102.430 Y113.840 E0.07823
G1 X100.930 Y113.840 E0.05238
G1 X99.980 Y113.840 E0.03318
G1 X98.130 Y113.840 E0.06461
G1 X96.830 Y113.840 E0.04540
G1 X94.780 Y113.840 E0.07159
G1 X93.980 Y113.840 E0.02794
G1 X92.830 Y113.840 E0.04016
G1 X91.040 Y113.840 E0.06251
G1 X91.040 Y116.240 E0.08382
G1 X92.340 Y116.240 E0.04540
G1 X94.390 Y116.240 E0.07159
G1 X95.190 Y116.240 E0.02794
G1 X96.340 Y116.240 E0.04016
G1 X97.840 Y116.240 E0.05238
G1 X98.990 Y116.240 E0.04016
G1 X101.230 Y116.240 E0.07823
G1 X102.730 Y116.240 E0.05238
G1 X103.680 Y116.240 E0.03318
G1 X105.530 Y116.240 E0.06461
G1 X106.830 Y116.240 E0.04540
G1 X108.880 Y116.240 E0.07159
G1 X109.680 Y116.240 E0.02794
G1 X110.830 Y116.240 E0.04016
G1 X112.330 Y116.240 E0.05238
G1 X113.480 Y116.240 E0.04016
G1 X115.720 Y116.240 E0.07823
G1 X117.220 Y116.240 E0.05238
G1 X118.170 Y116.240 E0.03318
G1 X120.020 Y116.240 E0.06461
G1 X121.320 Y116.240 E0.04540
G1 X123.370 Y116.240 E0.07159
G1 X124.170 Y116.240 E0.02794
G1 X125.320 Y116.240 E0.04016
G1 X126.820 Y116.240 E0.05238
G1 X127.970 Y116.240 E0.04016
G1 X128.960 Y116.240 E0.03457
G1 X128.960 Y118.640 E0.08382
G1 X126.910 Y118.640 E0.07159
G1 X126.110 Y118.640 E0.02794
G1 X124.960 Y118.640 E0.04016
G1 X123.460 Y118.640 E0.05238
G1 X122.310 Y118.640 E0.04016
G1 X120.070 Y118.640 E0.07823
G1 X118.570 Y118.640 E0.05238
G1 X117.620 Y118.640 E0.03318
G1 X115.770 Y118.640 E0.06461
G1 X114.470 Y118.640 E0.04540
G1 X112.420 Y118.640 E0.07159
G1 X111.620 Y118.640 E0.02794
G1 X110.470 Y118.640 E0.04016
G1 X108.970 Y118.640 E0.05238
G1 X107.820 Y118.640 E0.04016
G1 X105.580 Y118.640 E0.07823
G1 X104.080 Y118.640 E0.05238
G1 X103.130 Y118.640 E0.03318
G1 X101.280 Y118.640 E0.06461
G1 X99.980 Y118.640 E0.04540
G1 X97.930 Y118.640 E0.07159
G1 X97.130 Y118.640 E0.02794
G1 X95.980 Y118.640 E0.04016
G1 X94.480 Y118.640 E0.05238
G1 X93.330 Y118.640 E0.04016
G1 X91.040 Y118.640 E0.07997
;LAYER_CHANGE
;Z:1.600
; CHANGE_LAYER
G1 Z1.600 F7200
;TYPE:Outer wall
G1 E-0.80000 F2100
G1 Z2.000 F9000
G1 X94.000 Y96.000
G1 Z1.600
G1 E0.80000 F2100
G1 X94.800 Y96.000 E0.02794 F1800
G1 X95.950 Y96.000 E0.04016
G1 X97.450 Y96.000 E0.05238
G1 X98.600 Y96.000 E0.04016
G1 X100.840 Y96.000 E0.07823
G1 X102.340 Y96.000 E0.05238
G1 X103.290 Y96.000 E0.03318
G1 X105.140 Y96.000 E0.06461
G1 X106.440 Y96.000 E0.04540
G1 X108.490 Y96.000 E0.07159
G1 X109.290 Y96.000 E0.02794
G1 X110.440 Y96.000 E0.04016
G1 X111.940 Y96.000 E0.05238
G1 X113.090 Y96.000 E0.04016
G1 X115.330 Y96.000 E0.07823
G1 X116.830 Y96.000 E0.05238
G1 X117.780 Y96.000 E0.03318
G1 X119.630 Y96.000 E0.06461
G1 X120.930 Y96.000 E0.04540
G1 X122.980 Y96.000 E0.07159
G1 X123.780 Y96.000 E0.02794
G1 X124.930 Y96.000 E0.04016
G1 X126.000 Y96.000 E0.03737
G1 X127.134 Y96.164 E0.04002
G1 X128.999 Y97.353 E0.07721
G1 X129.760 Y98.635 E0.05208
G1 X129.975 Y99.558 E0.03310
G1 X130.000 Y100.000 E0.01547
G1 X130.000 Y101.300 E0.04540
G1 X130.000 Y103.350 E0.07159
G1 X130.000 Y104.150 E0.02794
G1 X130.000 Y105.300 E0.04016
G1 X130.000 Y106.800 E0.05238
G1 X130.000 Y107.950 E0.04016
G1 X130.000 Y110.190 E0.07823
G1 X130.000 Y111.690 E0.05238
G1 X130.000 Y112.640 E0.03318
G1 X130.000 Y114.490 E0.06461
G1 X130.000 Y115.790 E0.04540
G1 X130.000 Y117.840 E0.07159
G1 X130.000 Y118.640 E0.02794
G1 X130.000 Y120.000 E0.04750
G1 X129.722 Y121.465 E0.05208
G1 X129.154 Y122.460 E0.04002
G1 X127.365 Y123.760 E0.07721
G1 X126.000 Y124.000 E0.04841
G1 X125.050 Y124.000 E0.03318
G1 X123.200 Y124.000 E0.06461
G1 X121.900 Y124.000 E0.04540
G1 X119.850 Y124.000 E0.07159
G1 X119.050 Y124.000 E0.02794
G1 X117.900 Y124.000 E0.04016
G1 X116.400 Y124.000 E0.05238
G1 X115.250 Y124.000 E0.04016
G1 X113.010 Y124.000 E0.07823
G1 X111.510 Y124.000 E0.05238
G1 X110.560 Y124.000 E0.03318
G1 X108.710 Y124.000 E0.06461
G1 X107.410 Y124.000 E0.04540
G1 X105.360 Y124.000 E0.07159
G1 X104.560 Y124.000 E0.02794
G1 X103.410 Y124.000 E0.04016
G1 X101.910 Y124.000 E0.05238
G1 X100.760 Y124.000 E0.04016
G1 X98.520 Y124.000 E0.07823
G1 X97.020 Y124.000 E0.05238
G1 X96.070 Y124.000 E0.03318
G1 X94.000 Y124.000 E0.07229
G1 X92.723 Y123.791 E0.04520
G1 X91.028 Y122.677 E0.07081
G1 X90.555 Y122.033 E0.02789
G1 X90.120 Y120.973 E0.04002
G1 X90.000 Y120.000 E0.03425
G1 X90.000 Y118.850 E0.04016
G1 X90.000 Y116.610 E0.07823
G1 X90.000 Y115.110 E0.05238
G1 X90.000 Y114.160 E0.03318
G1 X90.000 Y112.310 E0.06461
G1 X90.000 Y111.010 E0.04540
G1 X90.000 Y108.960 E0.07159
G1 X90.000 Y108.160 E0.02794
G1 X90.000 Y107.010 E0.04016
G1 X90.000 Y105.510 E0.05238
G1 X90.000 Y104.360 E0.04016
G1 X90.000 Y102.120 E0.07823
G1 X90.000 Y100.620 E0.05238
G1 X90.000 Y100.000 E0.02165
G1 X90.420 Y98.215 E0.06403
G1 X91.178 Y97.166 E0.04520
G1 X92.930 Y96.146 E0.07081
G1 X94.000 Y96.000 E0.03771
;TYPE:Inner wall
G1 X94.000 Y96.420 F9000
G1 X94.800 Y96.420 E0.02794 F1800
G1 X95.950 Y96.420 E0.04016
G1 X97.450 Y96.420 E0.05238
G1 X98.600 Y96.420 E0.04016
G1 X100.840 Y96.420 E0.07823
G1 X102.340 Y96.420 E0.05238
G1 X103.290 Y96.420 E0.03318
G1 X105.140 Y96.420 E0.06461
G1 X106.440 Y96.420 E0.04540
G1 X108.490 Y96.420 E0.07159
G1 X109.290 Y96.420 E0.02794
G1 X110.440 Y96.420 E0.04016
G1 X111.940 Y96.420 E0.05238
G1 X113.090 Y96.420 E0.04016
G1 X115.330 Y96.420 E0.07823
G1 X116.830 Y96.420 E0.05238
G1 X117.780 Y96.420 E0.03318
G1 X119.630 Y96.420 E0.06461
G1 X120.930 Y96.420 E0.04540
G1 X122.980 Y96.420 E0.07159
G1 X123.780 Y96.420 E0.02794
G1 X124.930 Y96.420 E0.04016
G1 X126.000 Y96.420 E0.03737
G1 X127.130 Y96.603 E0.03999
G1 X128.906 Y97.909 E0.07696
G1 X129.505 Y99.272 E0.05200
G1 X129.580 Y100.000 E0.02557
G1 X129.580 Y101.850 E0.06461
G1 X129.580 Y103.150 E0.04540
G1 X129.580 Y105.200 E0.07159
G1 X129.580 Y106.000 E0.02794
G1 X129.580 Y107.150 E0.04016
G1 X129.580 Y108.650 E0.05238
G1 X129.580 Y109.800 E0.04016
G1 X129.580 Y112.040 E0.07823
G1 X129.580 Y113.540 E0.05238
G1 X129.580 Y114.490 E0.03318
G1 X129.580 Y116.340 E0.06461
G1 X129.580 Y117.640 E0.04540
G1 X129.580 Y119.690 E0.07159
G1 X129.580 Y120.000 E0.01083
G1 X129.397 Y121.130 E0.03999
G1 X128.643 Y122.415 E0.05200
G1 X127.746 Y123.126 E0.03999
G1 X126.000 Y123.580 E0.06299
G1 X124.500 Y123.580 E0.05238
G1 X123.550 Y123.580 E0.03318
G1 X121.700 Y123.580 E0.06461
G1 X120.400 Y123.580 E0.04540
G1 X118.350 Y123.580 E0.07159
G1 X117.550 Y123.580 E0.02794
G1 X116.400 Y123.580 E0.04016
G1 X114.900 Y123.580 E0.05238
G1 X113.750 Y123.580 E0.04016
G1 X111.510 Y123.580 E0.07823
G1 X110.010 Y123.580 E0.05238
G1 X109.060 Y123.580 E0.03318
G1 X107.210 Y123.580 E0.06461
G1 X105.910 Y123.580 E0.04540
G1 X103.860 Y123.580 E0.07159
G1 X103.060 Y123.580 E0.02794
G1 X101.910 Y123.580 E0.04016
G1 X100.410 Y123.580 E0.05238
G1 X99.260 Y123.580 E0.04016
G1 X97.020 Y123.580 E0.07823
G1 X95.520 Y123.580 E0.05238
G1 X94.570 Y123.580 E0.03318
G1 X94.000 Y123.580 E0.01991
G1 X92.728 Y123.347 E0.04515
G1 X91.118 Y122.124 E0.07062
G1 X90.719 Y121.432 E0.02788
G1 X90.435 Y120.323 E0.03999
G1 X90.420 Y120.000 E0.01129
G1 X90.420 Y118.850 E0.04016
G1 X90.420 Y116.610 E0.07823
G1 X90.420 Y115.110 E0.05238
G1 X90.420 Y114.160 E0.03318
G1 X90.420 Y112.310 E0.06461
G1 X90.420 Y111.010 E0.04540
G1 X90.420 Y108.960 E0.07159
G1 X90.420 Y108.160 E0.02794
G1 X90.420 Y107.010 E0.04016
G1 X90.420 Y105.510 E0.05238
G1 X90.420 Y104.360 E0.04016
G1 X90.420 Y102.120 E0.07823
G1 X90.420 Y100.620 E0.05238
G1 X90.420 Y100.000 E0.02165
G1 X90.887 Y98.231 E0.06389
G1 X91.719 Y97.241 E0.04515
G1 X93.578 Y96.445 E0.07062
G1 X94.000 Y96.420 E0.01478
;TYPE:Sparse infill
G1 E-0.80000 F2100
G1 Z2.000 F9000
G1 X128.960 Y97.040
G1 Z1.600
G1 E0.80000 F2100
G1 X128.160 Y97.040 E0.02794 F2400
G1 X127.010 Y97.040 E0.04016
G1 X125.510 Y97.040 E0.05238
G1 X124.360 Y97.040 E0.04016
G1 X122.120 Y97.040 E0.07823
G1 X120.620 Y97.040 E0.05238
G1 X119.670 Y97.040 E0.03318
G1 X117.820 Y97.040 E0.06461
G1 X116.520 Y97.040 E0.04540
G1 X114.470 Y97.040 E0.07159
G1 X113.670 Y97.040 E0.02794
G1 X112.520 Y97.040 E0.04016
G1 X111.020 Y97.040 E0.05238
G1 X109.870 Y97.040 E0.04016
G1 X107.630 Y97.040 E0.07823
G1 X106.130 Y97.040 E0.05238
G1 X105.180 Y97.040 E0.03318
G1 X103.330 Y97.040 E0.06461
G1 X102.030 Y97.040 E0.04540
G1 X99.980 Y97.040 E0.07159
G1 X99.180 Y97.040 E0.02794
G1 X98.030 Y97.040 E0.04016
G1 X96.530 Y97.040 E0.05238
G1 X95.380 Y97.040 E0.04016
G1 X93.140 Y97.040 E0.07823
G1 X91.640 Y97.040 E0.05238
G1 X91.040 Y97.040 E0.02095
G1 X91.040 Y99.440 E0.08382
G1 X92.190 Y99.440 E0.04016
G1 X93.690 Y99.440 E0.05238
G1 X94.840 Y99.440 E0.04016
G1 X97.080 Y99.440 E0.07823
G1 X98.580 Y99.440 E0.05238
G1 X99.530 Y99.440 E0.03318
G1 X101.380 Y99.440 E0.06461
G1 X102.680 Y99.440 E0.04540
G1 X104.730 Y99.440 E0.07159
G1 X105.530 Y99.440 E0.02794
G1 X106.680 Y99.440 E0.04016
G1 X108.180 Y99.440 E0.05238
G1 X109.330 Y99.440 E0.04016
G1 X111.570 Y99.440 E0.07823
G1 X113.070 Y99.440 E0.05238
G1 X114.020 Y99.440 E0.03318
G1 X115.870 Y99.440 E0.06461
G1 X117.170 Y99.440 E0.04540
G1 X119.220 Y99.440 E0.07159
G1 X120.020 Y99.440 E0.02794
G1 X121.170 Y99.440 E0.04016
G1 X122.670 Y99.440 E0.05238
G1 X123.820 Y99.440 E0.04016
G1 X126.060 Y99.440 E0.07823
G1 X127.560 Y99.440 E0.05238
G1 X128.510 Y99.440 E0.03318
G1 X128.960 Y99.440 E0.01572
G1 X128.960 Y101.840 E0.08382
G1 X127.460 Y101.840 E0.05238
G1 X126.310 Y101.840 E0.04016
G1 X124.070 Y101.840 E0.07823
G1 X122.570 Y101.840 E0.05238
G1 X121.620 Y101.840 E0.03318
G1 X119.770 Y101.840 E0.06461
G1 X118.470 Y101.840 E0.04540
G1 X116.420 Y101.840 E0.07159
G1 X115.620 Y101.840 E0.02794
G1 X114.470 Y101.840 E0.04016
G1 X112.970 Y101.840 E0.05238
G1 X111.820 Y101.840 E0.04016
G1 X109.580 Y101.840 E0.07823
G1 X108.080 Y101.840 E0.05238
G1 X107.130 Y101.840 E0.03318
G1 X105.280 Y101.840 E0.06461
G1 X103.980 Y101.840 E0.04540
G1 X101.930 Y101.840 E0.07159
G1 X101.130 Y101.840 E0.02794
G1 X99.980 Y101.840 E0.04016
G1 X98.480 Y101.840 E0.05238
G1 X97.330 Y101.840 E0.04016
G1 X95.090 Y101.840 E0.07823
G1 X93.590 Y101.840 E0.05238
G1 X92.640 Y101.840 E0.03318
G1 X91.040 Y101.840 E0.05588
G1 X91.040 Y104.240 E0.08382
G1 X92.190 Y104.240 E0.04016
G1 X94.430 Y104.240 E0.07823
G1 X95.930 Y104.240 E0.05238
G1 X96.880 Y104.240 E0.03318
G1 X98.730 Y104.240 E0.06461
G1 X100.030 Y104.240 E0.04540
G1 X102.080 Y104.240 E0.07159
G1 X102.880 Y104.240 E0.02794
G1 X104.030 Y104.240 E0.04016
G1 X105.530 Y104.240 E0.05238
G1 X106.680 Y104.240 E0.04016
G1 X108.920 Y104.240 E0.07823
G1 X110.420 Y104.240 E0.05238
G1 X111.370 Y104.240 E0.03318
G1 X113.220 Y104.240 E0.06461
G1 X114.520 Y104.240 E0.04540
G1 X116.570 Y104.240 E0.07159
G1 X117.370 Y104.240 E0.02794
G1 X118.520 Y104.240 E0.04016
G1 X120.020 Y104.240 E0.05238
G1 X121.170 Y104.240 E0.04016
G1 X123.410 Y104.240 E0.07823
G1 X124.910 Y104.240 E0.05238
G1 X125.860 Y104.240 E0.03318
G1 X127.710 Y104.240 E0.06461
G1 X128.960 Y104.240 E0.04365
G1 X128.960 Y106.640 E0.08382
G1 X126.720 Y106.640 E0.07823
G1 X125.220 Y106.640 E0.05238
G1 X124.270 Y106.640 E0.03318
G1 X122.420 Y106.640 E0.06461
G1 X121.120 Y106.640 E0.04540
G1 X119.070 Y106.640 E0.07159
G1 X118.270 Y106.640 E0.02794
G1 X117.120 Y106.640 E0.04016
G1 X115.620 Y106.640 E0.05238
G1 X114.470 Y106.640 E0.04016
G1 X112.230 Y106.640 E0.07823
G1 X110.730 Y106.640 E0.05238
G1 X109.780 Y106.640 E0.03318
G1 X107.930 Y106.640 E0.06461
G1 X106.630 Y106.640 E0.04540
G1 X104.580 Y106.640 E0.07159
G1 X103.780 Y106.640 E0.02794
G1 X102.630 Y106.640 E0.04016
G1 X101.130 Y106.640 E0.05238
G1 X99.980 Y106.640 E0.04016
G1 X97.740 Y106.640 E0.07823
G1 X96.240 Y106.640 E0.05238
G1 X95.290 Y106.640 E0.03318
G1 X93.440 Y106.640 E0.06461
G1 X92.140 Y106.640 E0.04540
G1 X91.040 Y106.640 E0.03842
G1 X91.040 Y109.040 E0.08382
G1 X92.540 Y109.040 E0.05238
G1 X93.490 Y109.040 E0.03318
G1 X95.340 Y109.040 E0.06461
G1 X96.640 Y109.040 E0.04540
G1 X98.690 Y109.040 E0.07159
G1 X99.490 Y109.040 E0.02794
G1 X100.640 Y109.040 E0.04016
G1 X102.140 Y109.040 E0.05238
G1 X103.290 Y109.040 E0.04016
G1 X105.530 Y109.040 E0.07823
G1 X107.030 Y109.040 E0.05238
G1 X107.980 Y109.040 E0.03318
G1 X109.830 Y109.040 E0.06461
G1 X111.130 Y109.040 E0.04540
G1 X113.180 Y109.040 E0.07159
G1 X113.980 Y109.040 E0.02794
G1 X115.130 Y109.040 E0.04016
G1 X116.630 Y109.040 E0.05238
G1 X117.780 Y109.040 E0.04016
G1 X120.020 Y109.040 E0.07823
G1 X121.520 Y109.040 E0.05238
G1 X122.470 Y109.040 E0.03318
G1 X124.320 Y109.040 E0.06461
G1 X125.620 Y109.040 E0.04540
G1 X127.670 Y109.040 E0.07159
G1 X128.470 Y109.040 E0.02794
G1 X128.960 Y109.040 E0.01711
G1 X128.960 Y111.440 E0.08382
G1 X128.010 Y111.440 E0.03318
G1 X126.160 Y111.440 E0.06461
G1 X124.860 Y111.440 E0.04540
G1 X122.810 Y111.440 E0.07159
G1 X122.010 Y111.440 E0.02794
G1 X120.860 Y111.440 E0.04016
G1 X119.360 Y111.440 E0.05238
G1 X118.210 Y111.440 E0.04016
G1 X115.970 Y111.440 E0.07823
G1 X114.470 Y111.440 E0.05238
G1 X113.520 Y111.440 E0.03318
G1 X111.670 Y111.440 E0.06461
G1 X110.370 Y111.440 E0.04540
G1 X108.320 Y111.440 E0.07159
G1 X107.520 Y111.440 E0.02794
G1 X106.370 Y111.440 E0.04016
G1 X104.870 Y111.440 E0.05238
G1 X103.720 Y111.440 E0.04016
G1 X101.480 Y111.440 E0.07823
G1 X99.980 Y111.440 E0.05238
G1 X99.030 Y111.440 E0.03318
G1 X97.180 Y111.440 E0.06461
G1 X95.880 Y111.440 E0.04540
G1 X93.830 Y111.440 E0.07159
G1 X93.030 Y111.440 E0.02794
G1 X91.880 Y111.440 E0.04016
G1 X91.040 Y111.440 E0.02934
G1 X91.040 Y113.840 E0.08382
G1 X92.890 Y113.840 E0.06461
G1 X94.190 Y113.840 E0.04540
G1 X96.240 Y113.840 E0.07159
G1 X97.040 Y113.840 E0.02794
G1 X98.190 Y113.840 E0.04016
G1 X99.690 Y113.840 E0.05238
G1 X100.840 Y113.840 E0.04016
G1 X103.080 Y113.840 E0.07823
G1 X104.580 Y113.840 E0.05238
G1 X105.530 Y113.840 E0.03318
G1 X107.380 Y113.840 E0.06461
G1 X108.680 Y113.840 E0.04540
G1 X110.730 Y113.840 E0.07159
G1 X111.530 Y113.840 E0.02794
G1 X112.680 Y113.840 E0.04016
G1 X114.180 Y113.840 E0.05238
G1 X115.330 Y113.840 E0.04016
G1 X117.570 Y113.840 E0.07823
G1 X119.070 Y113.840 E0.05238
G1 X120.020 Y113.840 E0.03318
G1 X121.870 Y113.840 E0.06461
G1 X123.170 Y113.840 E0.04540
G1 X125.220 Y113.840 E0.07159
G1 X126.020 Y113.840 E0.02794
G1 X127.170 Y113.840 E0.04016
G1 X128.960 Y113.840 E0.06251
G1 X128.960 Y116.240 E0.08382
G1 X127.660 Y116.240 E0.04540
G1 X125.610 Y116.240 E0.07159
G1 X124.810 Y116.240 E0.02794
G1 X123.660 Y116.240 E0.04016
G1 X122.160 Y116.240 E0.05238
G1 X121.010 Y116.240 E0.04016
G1 X118.770 Y116.240 E0.07823
G1 X117.270 Y116.240 E0.05238
G1 X116.320 Y116.240 E0.03318
G1 X114.470 Y116.240 E0.06461
G1 X113.170 Y116.240 E0.04540
G1 X111.120 Y116.240 E0.07159
G1 X110.320 Y116.240 E0.02794
G1 X109.170 Y116.240 E0.04016
G1 X107.670 Y116.240 E0.05238
G1 X106.520 Y116.240 E0.04016
G1 X104.280 Y116.240 E0.07823
G1 X102.780 Y116.240 E0.05238
G1 X101.830 Y116.240 E0.03318
G1 X99.980 Y116.240 E0.06461
G1 X98.680 Y116.240 E0.04540
G1 X96.630 Y116.240 E0.07159
G1 X95.830 Y116.240 E0.02794
G1 X94.680 Y116.240 E0.04016
G1 X93.180 Y116.240 E0.05238
G1 X92.030 Y116.240 E0.04016
G1 X91.040 Y116.240 E0.03457
G1 X91.040 Y118.640 E0.08382
G1 X93.090 Y118.640 E0.07159
G1 X93.890 Y118.640 E0.02794
G1 X95.040 Y118.640 E0.04016
G1 X96.540 Y118.640 E0.05238
G1 X97.690 Y118.640 E0.04016
G1 X99.930 Y118.640 E0.07823
G1 X101.430 Y118.640 E0.05238
G1 X102.380 Y118.640 E0.03318
G1 X104.230 Y118.640 E0.06461
G1 X105.530 Y118.640 E0.04540
G1 X107.580 Y118.640 E0.07159
G1 X108.380 Y118.640 E0.02794
G1 X109.530 Y118.640 E0.04016
G1 X111.030 Y118.640 E0.05238
G1 X112.180 Y118.640 E0.04016
G1 X114.420 Y118.640 E0.07823
G1 X115.920 Y118.640 E0.05238
G1 X116.870 Y118.640 E0.03318
G1 X118.720 Y118.640 E0.06461
G1 X120.020 Y118.640 E0.04540
G1 X122.070 Y118.640 E0.07159
G1 X122.870 Y118.640 E0.02794
G1 X124.020 Y118.640 E0.04016
G1 X125.520 Y118.640 E0.05238
G1 X126.670 Y118.640 E0.04016
G1 X128.960 Y118.640 E0.07997
;LAYER_CHANGE
;Z:1.800
; CHANGE_LAYER
G1 Z1.800 F7200
;TYPE:Outer wall
G1 E-0.80000 F2100
G1 Z2.200 F9000
G1 X94.000 Y96.000
G1 Z1.800
G1 E0.80000 F2100
G1 X94.800 Y96.000 E0.02794 F1800
G1 X95.950 Y96.000 E0.04016
G1 X97.450 Y96.000 E0.05238
G1 X98.600 Y96.000 E0.04016
G1 X100.840 Y96.000 E0.07823
G1 X102.340 Y96.000 E0.05238
G1 X103.290 Y96.000 E0.03318
G1 X105.140 Y96.000 E0.06461
G1 X106.440 Y96.000 E0.04540
G1 X108.490 Y96.000 E0.07159
G1 X109.290 Y96.000 E0.02794
G1 X110.440 Y96.000 E0.04016
G1 X111.940 Y96.000 E0.05238
G1 X113.090 Y96.000 E0.04016
G1 X115.330 Y96.000 E0.07823
G1 X116.830 Y96.000 E0.05238
G1 X117.780 Y96.000 E0.03318
G1 X119.630 Y96.000 E0.06461
G1 X120.930 Y96.000 E0.04540
G1 X122.980 Y96.000 E0.07159
G1 X123.780 Y96.000 E0.02794
G1 X124.930 Y96.000 E0.04016
G1 X126.000 Y96.000 E0.03737
G1 X127.134 Y96.164 E0.04002
G1 X128.999 Y97.353 E0.07721
G1 X129.760 Y98.635 E0.05208
G1 X129.975 Y99.558 E0.03310
G1 X130.000 Y100.000 E0.01547
G1 X130.000 Y101.300 E0.04540
G1 X130.000 Y103.350 E0.07159
G1 X130.000 Y104.150 E0.02794
G1 X130.000 Y105.300 E0.04016
G1 X130.000 Y106.800 E0.05238
G1 X130.000 Y107.950 E0.04016
G1 X130.000 Y110.190 E0.07823
G1 X130.000 Y111.690 E0.05238
G1 X130.000 Y112.640 E0.03318
G1 X130.000 Y114.490 E0.06461
G1 X130.000 Y115.790 E0.04540
G1 X130.000 Y117.840 E0.07159
G1 X130.000 Y118.640 E0.02794
G1 X130.000 Y120.000 E0.04750
G1 X129.722 Y121.465 E0.05208
G1 X129.154 Y122.460 E0.04002
G1 X127.365 Y123.760 E0.07721
G1 X126.000 Y124.000 E0.04841
G1 X125.050 Y124.000 E0.03318
G1 X123.200 Y124.000 E0.06461
G1 X121.900 Y124.000 E0.04540
G1 X119.850 Y124.000 E0.07159
G1 X119.050 Y124.000 E0.02794
G1 X117.900 Y124.000 E0.04016
G1 X116.400 Y124.000 E0.05238
G1 X115.250 Y124.000 E0.04016
G1 X113.010 Y124.000 E0.07823
G1 X111.510 Y124.000 E0.05238
G1 X110.560 Y124.000 E0.03318
G1 X108.710 Y124.000 E0.06461
G1 X107.410 Y124.000 E0.04540
G1 X105.360 Y124.000 E0.07159
G1 X104.560 Y124.000 E0.02794
G1 X103.410 Y124.000 E0.04016
G1 X101.910 Y124.000 E0.05238
G1 X100.760 Y124.000 E0.04016
G1 X98.520 Y124.000 E0.07823
G1 X97.020 Y124.000 E0.05238
G1 X96.070 Y124.000 E0.03318
G1 X94.000 Y124.000 E0.07229
G1 X92.723 Y123.791 E0.04520
G1 X91.028 Y122.677 E0.07081
G1 X90.555 Y122.033 E0.02789
G1 X90.120 Y120.973 E0.04002
G1 X90.000 Y120.000 E0.03425
G1 X90.000 Y118.850 E0.04016
G1 X90.000 Y116.610 E0.07823
G1 X90.000 Y115.110 E0.05238
G1 X90.000 Y114.160 E0.03318
G1 X90.000 Y112.310 E0.06461
G1 X90.000 Y111.010 E0.04540
G1 X90.000 Y108.960 E0.07159
G1 X90.000 Y108.160 E0.02794
G1 X90.000 Y107.010 E0.04016
G1 X90.000 Y105.510 E0.05238
G1 X90.000 Y104.360 E0.04016
G1 X90.000 Y102.120 E0.07823
G1 X90.000 Y100.620 E0.05238
G1 X90.000 Y100.000 E0.02165
G1 X90.420 Y98.215 E0.06403
G1 X91.178 Y97.166 E0.04520
G1 X92.930 Y96.146 E0.07081
G1 X94.000 Y96.000 E0.03771
;TYPE:Inner wall
G1 X94.000 Y96.420 F9000
G1 X94.800 Y96.420 E0.02794 F1800
G1 X95.950 Y96.420 E0.04016
G1 X97.450 Y96.420 E0.05238
G1 X98.600 Y96.420 E0.04016
G1 X100.840 Y96.420 E0.07823
G1 X102.340 Y96.420 E0.05238
G1 X103.290 Y96.420 E0.03318
G1 X105.140 Y96.420 E0.06461
G1 X106.440 Y96.420 E0.04540
G1 X108.490 Y96.420 E0.07159
G1 X109.290 Y96.420 E0.02794
G1 X110.440 Y96.420 E0.04016
G1 X111.940 Y96.420 E0.05238
G1 X113.090 Y96.420 E0.04016
G1 X115.330 Y96.420 E0.07823
G1 X116.830 Y96.420 E0.05238
G1 X117.780 Y96.420 E0.03318
G1 X119.630 Y96.420 E0.06461
G1 X120.930 Y96.420 E0.04540
G1 X122.980 Y96.420 E0.07159
G1 X123.780 Y96.420 E0.02794
G1 X124.930 Y96.420 E0.04016
G1 X126.000 Y96.420 E0.03737
G1 X127.130 Y96.603 E0.03999
G1 X128.906 Y97.909 E0.07696
G1 X129.505 Y99.272 E0.05200
G1 X129.580 Y100.000 E0.02557
G1 X129.580 Y101.850 E0.06461
G1 X129.580 Y103.150 E0.04540
G1 X129.580 Y105.200 E0.07159
G1 X129.580 Y106.000 E0.02794
G1 X129.580 Y107.150 E0.04016
G1 X129.580 Y108.650 E0.05238
G1 X129.580 Y109.800 E0.04016
G1 X129.580 Y112.040 E0.07823
G1 X129.580 Y113.540 E0.05238
G1 X129.580 Y114.490 E0.03318
G1 X129.580 Y116.340 E0.06461
G1 X129.580 Y117.640 E0.04540
G1 X129.580 Y119.690 E0.07159
G1 X129.580 Y120.000 E0.01083
G1 X129.397 Y121.130 E0.03999
G1 X128.643 Y122.415 E0.05200
G1 X127.746 Y123.126 E0.03999
G1 X126.000 Y123.580 E0.06299
G1 X124.500 Y123.580 E0.05238
G1 X123.550 Y123.580 E0.03318
G1 X121.700 Y123.580 E0.06461
G1 X120.400 Y123.580 E0.04540
G1 X118.350 Y123.580 E0.07159
G1 X117.550 Y123.580 E0.02794
G1 X116.400 Y123.580 E0.04016
G1 X114.900 Y123.580 E0.05238
G1 X113.750 Y123.580 E0.04016
G1 X111.510 Y123.580 E0.07823
G1 X110.010 Y123.580 E0.05238
G1 X109.060 Y123.580 E0.03318
G1 X107.210 Y123.580 E0.06461
G1 X105.910 Y123.580 E0.04540
G1 X103.860 Y123.580 E0.07159
G1 X103.060 Y123.580 E0.02794
G1 X101.910 Y123.580 E0.04016
G1 X100.410 Y123.580 E0.05238
G1 X99.260 Y123.580 E0.04016
G1 X97.020 Y123.580 E0.07823
G1 X95.520 Y123.580 E0.05238
G1 X94.570 Y123.580 E0.03318
G1 X94.000 Y123.580 E0.01991
G1 X92.728 Y123.347 E0.04515
G1 X91.118 Y122.124 E0.07062
G1 X90.719 Y121.432 E0.02788
G1 X90.435 Y120.323 E0.03999
G1 X90.420 Y120.000 E0.01129
G1 X90.420 Y118.850 E0.04016
G1 X90.420 Y116.610 E0.07823
G1 X90.420 Y115.110 E0.05238
G1 X90.420 Y114.160 E0.03318
G1 X90.420 Y112.310 E0.06461
G1 X90.420 Y111.010 E0.04540
G1 X90.420 Y108.960 E0.07159
G1 X90.420 Y108.160 E0.02794
G1 X90.420 Y107.010 E0.04016
G1 X90.420 Y105.510 E0.05238
G1 X90.420 Y104.360 E0.04016
G1 X90.420 Y102.120 E0.07823
G1 X90.420 Y100.620 E0.05238
G1 X90.420 Y100.000 E0.02165
G1 X90.887 Y98.231 E0.06389
G1 X91.719 Y97.241 E0.04515
G1 X93.578 Y96.445 E0.07062
G1 X94.000 Y96.420 E0.01478
;TYPE:Sparse infill
G1 E-0.80000 F2100
G1 Z2.200 F9000
G1 X91.040 Y97.040
G1 Z1.800
G1 E0.80000 F2100
G1 X91.840 Y97.040 E0.02794 F2400
G1 X92.990 Y97.040 E0.04016
G1 X94.490 Y97.040 E0.05238
G1 X95.640 Y97.040 E0.04016
G1 X97.880 Y97.040 E0.07823
G1 X99.380 Y97.040 E0.05238
G1 X100.330 Y97.040 E0.03318
G1 X102.180 Y97.040 E0.06461
G1 X103.480 Y97.040 E0.04540
G1 X105.530 Y97.040 E0.07159
G1 X106.330 Y97.040 E0.02794
G1 X107.480 Y97.040 E0.04016
G1 X108.980 Y97.040 E0.05238
G1 X110.130 Y97.040 E0.04016
G1 X112.370 Y97.040 E0.07823
G1 X113.870 Y97.040 E0.05238
G1 X114.820 Y97.040 E0.03318
G1 X116.670 Y97.040 E0.06461
G1 X117.970 Y97.040 E0.04540
G1 X120.020 Y97.040 E0.07159
G1 X120.820 Y97.040 E0.02794
G1 X121.970 Y97.040 E0.04016
G1 X123.470 Y97.040 E0.05238
G1 X124.620 Y97.040 E0.04016
G1 X126.860 Y97.040 E0.07823
G1 X128.360 Y97.040 E0.05238
G1 X128.960 Y97.040 E0.02095
G1 X128.960 Y99.440 E0.08382
G1 X127.810 Y99.440 E0.04016
G1 X126.310 Y99.440 E0.05238
G1 X125.160 Y99.440 E0.04016
G1 X122.920 Y99.440 E0.07823
G1 X121.420 Y99.440 E0.05238
G1 X120.470 Y99.440 E0.03318
G1 X118.620 Y99.440 E0.06461
G1 X117.320 Y99.440 E0.04540
G1 X115.270 Y99.440 E0.07159
G1 X114.470 Y99.440 E0.02794
G1 X113.320 Y99.440 E0.04016
G1 X111.820 Y99.440 E0.05238
G1 X110.670 Y99.440 E0.04016
G1 X108.430 Y99.440 E0.07823
G1 X106.930 Y99.440 E0.05238
G1 X105.980 Y99.440 E0.03318
G1 X104.130 Y99.440 E0.06461
G1 X102.830 Y99.440 E0.04540
G1 X100.780 Y99.440 E0.07159
G1 X99.980 Y99.440 E0.02794
G1 X98.830 Y99.440 E0.04016
G1 X97.330 Y99.440 E0.05238
G1 X96.180 Y99.440 E0.04016
G1 X93.940 Y99.440 E0.07823
G1 X92.440 Y99.440 E0.05238
G1 X91.490 Y99.440 E0.03318
G1 X91.040 Y99.440 E0.01572
G1 X91.040 Y101.840 E0.08382
G1 X92.540 Y101.840 E0.05238
G1 X93.690 Y101.840 E0.04016
G1 X95.930 Y101.840 E0.07823
G1 X97.430 Y101.840 E0.05238
G1 X98.380 Y101.840 E0.03318
G1 X100.230 Y101.840 E0.06461
G1 X101.530 Y101.840 E0.04540
G1 X103.580 Y101.840 E0.07159
G1 X104.380 Y101.840 E0.02794
G1 X105.530 Y101.840 E0.04016
G1 X107.030 Y101.840 E0.05238
G1 X108.180 Y101.840 E0.04016
G1 X110.420 Y101.840 E0.07823
G1 X111.920 Y101.840 E0.05238
G1 X112.870 Y101.840 E0.03318
G1 X114.720 Y101.840 E0.06461
G1 X116.020 Y101.840 E0.04540
G1 X118.070 Y101.840 E0.07159
G1 X118.870 Y101.840 E0.02794
G1 X120.020 Y101.840 E0.04016
G1 X121.520 Y101.840 E0.05238
G1 X122.670 Y101.840 E0.04016
G1 X124.910 Y101.840 E0.07823
G1 X126.410 Y101.840 E0.05238
G1 X127.360 Y101.840 E0.03318
G1 X128.960 Y101.840 E0.05588
G1 X128.960 Y104.240 E0.08382
G1 X127.810 Y104.240 E0.04016
G1 X125.570 Y104.240 E0.07823
G1 X124.070 Y104.240 E0.05238
G1 X123.120 Y104.240 E0.03318
G1 X121.270 Y104.240 E0.06461
G1 X119.970 Y104.240 E0.04540
G1 X117.920 Y104.240 E0.07159
G1 X117.120 Y104.240 E0.02794
G1 X115.970 Y104.240 E0.04016
G1 X114.470 Y104.240 E0.05238
G1 X113.320 Y104.240 E0.04016
G1 X111.080 Y104.240 E0.07823
G1 X109.580 Y104.240 E0.05238
G1 X108.630 Y104.240 E0.03318
G1 X106.780 Y104.240 E0.06461
G1 X105.480 Y104.240 E0.04540
G1 X103.430 Y104.240 E0.07159
G1 X102.630 Y104.240 E0.02794
G1 X101.480 Y104.240 E0.04016
G1 X99.980 Y104.240 E0.05238
G1 X98.830 Y104.240 E0.04016
G1 X96.590 Y104.240 E0.07823
G1 X95.090 Y104.240 E0.05238
G1 X94.140 Y104.240 E0.03318
G1 X92.290 Y104.240 E0.06461
G1 X91.040 Y104.240 E0.04365
G1 X91.040 Y106.640 E0.08382
G1 X93.280 Y106.640 E0.07823
G1 X94.780 Y106.640 E0.05238
G1 X95.730 Y106.640 E0.03318
G1 X97.580 Y106.640 E0.06461
G1 X98.880 Y106.640 E0.04540
G1 X100.930 Y106.640 E0.07159
G1 X101.730 Y106.640 E0.02794
G1 X102.880 Y106.640 E0.04016
G1 X104.380 Y106.640 E0.05238
G1 X105.530 Y106.640 E0.04016
G1 X107.770 Y106.640 E0.07823
G1 X109.270 Y106.640 E0.05238
G1 X110.220 Y106.640 E0.03318
G1 X112.070 Y106.640 E0.06461
G1 X113.370 Y106.640 E0.04540
G1 X115.420 Y106.640 E0.07159
G1 X116.220 Y106.640 E0.02794
G1 X117.370 Y106.640 E0.04016
G1 X118.870 Y106.640 E0.05238
G1 X120.020 Y106.640 E0.04016
G1 X122.260 Y106.640 E0.07823
G1 X123.760 Y106.640 E0.05238
G1 X124.710 Y106.640 E0.03318
G1 X126.560 Y106.640 E0.06461
G1 X127.860 Y106.640 E0.04540
G1 X128.960 Y106.640 E0.03842
G1 X128.960 Y109.040 E0.08382
G1 X127.460 Y109.040 E0.05238
G1 X126.510 Y109.040 E0.03318
G1 X124.660 Y109.040 E0.06461
G1 X123.360 Y109.040 E0.04540
G1 X121.310 Y109.040 E0.07159
G1 X120.510 Y109.040 E0.02794
G1 X119.360 Y109.040 E0.04016
G1 X117.860 Y109.040 E0.05238
G1 X116.710 Y109.040 E0.04016
G1 X114.470 Y109.040 E0.07823
G1 X112.970 Y109.040 E0.05238
G1 X112.020 Y109.040 E0.03318
G1 X110.170 Y109.040 E0.06461
G1 X108.870 Y109.040 E0.04540
G1 X106.820 Y109.040 E0.07159
G1 X106.020 Y109.040 E0.02794
G1 X104.870 Y109.040 E0.04016
G1 X103.370 Y109.040 E0.05238
G1 X102.220 Y109.040 E0.04016
G1 X99.980 Y109.040 E0.07823
G1 X98.480 Y109.040 E0.05238
G1 X97.530 Y109.040 E0.03318
G1 X95.680 Y109.040 E0.06461
G1 X94.380 Y109.040 E0.04540
G1 X92.330 Y109.040 E0.07159
G1 X91.530 Y109.040 E0.02794
G1 X91.040 Y109.040 E0.01711
G1 X91.040 Y111.440 E0.08382
G1 X91.990 Y111.440 E0.03318
G1 X93.840 Y111.440 E0.06461
G1 X95.140 Y111.440 E0.04540
G1 X97.190 Y111.440 E0.07159
G1 X97.990 Y111.440 E0.02794
G1 X99.140 Y111.440 E0.04016
G1 X100.640 Y111.440 E0.05238
G1 X101.790 Y111.440 E0.04016
G1 X104.030 Y111.440 E0.07823
G1 X105.530 Y111.440 E0.05238
G1 X106.480 Y111.440 E0.03318
G1 X108.330 Y111.440 E0.06461
G1 X109.630 Y111.440 E0.04540
G1 X111.680 Y111.440 E0.07159
G1 X112.480 Y111.440 E0.02794
G1 X113.630 Y111.440 E0.04016
G1 X115.130 Y111.440 E0.05238
G1 X116.280 Y111.440 E0.04016
G1 X118.520 Y111.440 E0.07823
G1 X120.020 Y111.440 E0.05238
G1 X120.970 Y111.440 E0.03318
G1 X122.820 Y111.440 E0.06461
G1 X124.120 Y111.440 E0.04540
G1 X126.170 Y111.440 E0.07159
G1 X126.970 Y111.440 E0.02794
G1 X128.120 Y111.440 E0.04016
G1 X128.960 Y111.440 E0.02934
G1 X128.960 Y113.840 E0.08382
G1 X127.110 Y113.840 E0.06461
G1 X125.810 Y113.840 E0.04540
G1 X123.760 Y113.840 E0.07159
G1 X122.960 Y113.840 E0.02794
G1 X121.810 Y113.840 E0.04016
G1 X120.310 Y113.840 E0.05238
G1 X119.160 Y113.840 E0.04016
G1 X116.920 Y113.840 E0.07823
G1 X115.420 Y113.840 E0.05238
G1 X114.470 Y113.840 E0.03318
G1 X112.620 Y113.840 E0.06461
G1 X111.320 Y113.840 E0.04540
G1 X109.270 Y113.840 E0.07159
G1 X108.470 Y113.840 E0.02794
G1 X107.320 Y113.840 E0.04016
G1 X105.820 Y113.840 E0.05238
G1 X104.670 Y113.840 E0.04016
G1 X102.430 Y113.840 E0.07823
G1 X100.930 Y113.840 E0.05238
G1 X99.980 Y113.840 E0.03318
G1 X98.130 Y113.840 E0.06461
G1 X96.830 Y113.840 E0.04540
G1 X94.780 Y113.840 E0.07159
G1 X93.980 Y113.840 E0.02794
G1 X92.830 Y113.840 E0.04016
G1 X91.040 Y113.840 E0.06251
G1 X91.040 Y116.240 E0.08382
G1 X92.340 Y116.240 E0.04540
G1 X94.390 Y116.240 E0.07159
G1 X95.190 Y116.240 E0.02794
G1 X96.340 Y116.240 E0.04016
G1 X97.840 Y116.240 E0.05238
G1 X98.990 Y116.240 E0.04016
G1 X101.230 Y116.240 E0.07823
G1 X102.730 Y116.240 E0.05238
G1 X103.680 Y116.240 E0.03318
G1 X105.530 Y116.240 E0.06461
G1 X106.830 Y116.240 E0.04540
G1 X108.880 Y116.240 E0.07159
G1 X109.680 Y116.240 E0.02794
G1 X110.830 Y116.240 E0.04016
G1 X112.330 Y116.240 E0.05238
G1 X113.480 Y116.240 E0.04016
G1 X115.720 Y116.240 E0.07823
G1 X117.220 Y116.240 E0.05238
G1 X118.170 Y116.240 E0.03318
G1 X120.020 Y116.240 E0.06461
G1 X121.320 Y116.240 E0.04540
G1 X123.370 Y116.240 E0.07159
G1 X124.170 Y116.240 E0.02794
G1 X125.320 Y116.240 E0.04016
G1 X126.820 Y116.240 E0.05238
G1 X127.970 Y116.240 E0.04016
G1 X128.960 Y116.240 E0.03457
G1 X128.960 Y118.640 E0.08382
G1 X126.910 Y118.640 E0.07159
G1 X126.110 Y118.640 E0.02794
G1 X124.960 Y118.640 E0.04016
G1 X123.460 Y118.640 E0.05238
G1 X122.310 Y118.640 E0.04016
G1 X120.070 Y118.640 E0.07823
G1 X118.570 Y118.640 E0.05238
G1 X117.620 Y118.640 E0.03318
G1 X115.770 Y118.640 E0.06461
G1 X114.470 Y118.640 E0.04540
G1 X112.420 Y118.640 E0.07159
G1 X111.620 Y118.640 E0.02794
G1 X110.470 Y118.640 E0.04016
G1 X108.970 Y118.640 E0.05238
G1 X107.820 Y118.640 E0.04016
G1 X105.580 Y118.640 E0.07823
G1 X104.080 Y118.640 E0.05238
G1 X103.130 Y118.640 E0.03318
G1 X101.280 Y118.640 E0.06461
G1 X99.980 Y118.640 E0.04540
G1 X97.930 Y118.640 E0.07159
G1 X97.130 Y118.640 E0.02794
G1 X95.980 Y118.640 E0.04016
G1 X94.480 Y118.640 E0.05238
G1 X93.330 Y118.640 E0.04016
G1 X91.040 Y118.640 E0.07997
;LAYER_CHANGE
;Z:2.000
; CHANGE_LAYER
G1 Z2.000 F7200
;TYPE:Outer wall
G1 E-0.80000 F2100
G1 Z2.400 F9000
G1 X94.000 Y96.000
G1 Z2.000
G1 E0.80000 F2100
G1 X94.800 Y96.000 E0.02794 F1800
G1 X95.950 Y96.000 E0.04016
G1 X97.450 Y96.000 E0.05238
G1 X98.600 Y96.000 E0.04016
G1 X100.840 Y96.000 E0.07823
G1 X102.340 Y96.000 E0.05238
G1 X103.290 Y96.000 E0.03318
G1 X105.140 Y96.000 E0.06461
G1 X106.440 Y96.000 E0.04540
G1 X108.490 Y96.000 E0.07159
G1 X109.290 Y96.000 E0.02794
G1 X110.440 Y96.000 E0.04016
G1 X111.940 Y96.000 E0.05238
G1 X113.090 Y96.000 E0.04016
G1 X115.330 Y96.000 E0.07823
G1 X116.830 Y96.000 E0.05238
G1 X117.780 Y96.000 E0.03318
G1 X119.630 Y96.000 E0.06461
G1 X120.930 Y96.000 E0.04540
G1 X122.980 Y96.000 E0.07159
G1 X123.780 Y96.000 E0.02794
G1 X124.930 Y96.000 E0.04016
G1 X126.000 Y96.000 E0.03737
G1 X127.134 Y96.164 E0.04002
G1 X128.999 Y97.353 E0.07721
G1 X129.760 Y98.635 E0.05208
G1 X129.975 Y99.558 E0.03310
G1 X130.000 Y100.000 E0.01547
G1 X130.000 Y101.300 E0.04540
G1 X130.000 Y103.350 E0.07159
G1 X130.000 Y104.150 E0.02794
G1 X130.000 Y105.300 E0.04016
G1 X130.000 Y106.800 E0.05238
G1 X130.000 Y107.950 E0.04016
G1 X130.000 Y110.190 E0.07823
G1 X130.000 Y111.690 E0.05238
G1 X130.000 Y112.640 E0.03318
G1 X130.000 Y114.490 E0.06461
G1 X130.000 Y115.790 E0.04540
G1 X130.000 Y117.840 E0.07159
G1 X130.000 Y118.640 E0.02794
G1 X130.000 Y120.000 E0.04750
G1 X129.722 Y121.465 E0.05208
G1 X129.154 Y122.460 E0.04002
G1 X127.365 Y123.760 E0.07721
G1 X126.000 Y124.000 E0.04841
G1 X125.050 Y124.000 E0.03318
G1 X123.200 Y124.000 E0.06461
G1 X121.900 Y124.000 E0.04540
G1 X119.850 Y124.000 E0.07159
G1 X119.050 Y124.000 E0.02794
G1 X117.900 Y124.000 E0.04016
G1 X116.400 Y124.000 E0.05238
G1 X115.250 Y124.000 E0.04016
G1 X113.010 Y124.000 E0.07823
G1 X111.510 Y124.000 E0.05238
G1 X110.560 Y124.000 E0.03318
G1 X108.710 Y124.000 E0.06461
G1 X107.410 Y124.000 E0.04540
G1 X105.360 Y124.000 E0.07159
G1 X104.560 Y124.000 E0.02794
G1 X103.410 Y124.000 E0.04016
G1 X101.910 Y124.000 E0.05238
G1 X100.760 Y124.000 E0.04016
G1 X98.520 Y124.000 E0.07823
G1 X97.020 Y124.000 E0.05238
G1 X96.070 Y124.000 E0.03318
G1 X94.000 Y124.000 E0.07229
G1 X92.723 Y123.791 E0.04520
G1 X91.028 Y122.677 E0.07081
G1 X90.555 Y122.033 E0.02789
G1 X90.120 Y120.973 E0.04002
G1 X90.000 Y120.000 E0.03425
G1 X90.000 Y118.850 E0.04016
G1 X90.000 Y116.610 E0.07823
G1 X90.000 Y115.110 E0.05238
G1 X90.000 Y114.160 E0.03318
G1 X90.000 Y112.310 E0.06461
G1 X90.000 Y111.010 E0.04540
G1 X90.000 Y108.960 E0.07159
G1 X90.000 Y108.160 E0.02794
G1 X90.000 Y107.010 E0.04016
G1 X90.000 Y105.510 E0.05238
G1 X90.000 Y104.360 E0.04016
G1 X90.000 Y102.120 E0.07823
G1 X90.000 Y100.620 E0.05238
G1 X90.000 Y100.000 E0.02165
G1 X90.420 Y98.215 E0.06403
G1 X91.178 Y97.166 E0.04520
G1 X92.930 Y96.146 E0.07081
G1 X94.000 Y96.000 E0.03771
;TYPE:Inner wall
G1 X94.000 Y96.420 F9000
G1 X94.800 Y96.420 E0.02794 F1800
G1 X95.950 Y96.420 E0.04016
G1 X97.450 Y96.420 E0.05238
G1 X98.600 Y96.420 E0.04016
G1 X100.840 Y96.420 E0.07823
G1 X102.340 Y96.420 E0.05238
G1 X103.290 Y96.420 E0.03318
G1 X105.140 Y96.420 E0.06461
G1 X106.440 Y96.420 E0.04540
G1 X108.490 Y96.420 E0.07159
G1 X109.290 Y96.420 E0.02794
G1 X110.440 Y96.420 E0.04016
G1 X111.940 Y96.420 E0.05238
G1 X113.090 Y96.420 E0.04016
G1 X115.330 Y96.420 E0.07823
G1 X116.830 Y96.420 E0.05238
G1 X117.780 Y96.420 E0.03318
G1 X119.630 Y96.420 E0.06461
G1 X120.930 Y96.420 E0.04540
G1 X122.980 Y96.420 E0.07159
G1 X123.780 Y96.420 E0.02794
G1 X124.930 Y96.420 E0.04016
G1 X126.000 Y96.420 E0.03737
G1 X127.130 Y96.603 E0.03999
G1 X128.906 Y97.909 E0.07696
G1 X129.505 Y99.272 E0.05200
G1 X129.580 Y100.000 E0.02557
G1 X129.580 Y101.850 E0.06461
G1 X129.580 Y103.150 E0.04540
G1 X129.580 Y105.200 E0.07159
G1 X129.580 Y106.000 E0.02794
G1 X129.580 Y107.150 E0.04016
G1 X129.580 Y108.650 E0.05238
G1 X129.580 Y109.800 E0.04016
G1 X129.580 Y112.040 E0.07823
G1 X129.580 Y113.540 E0.05238
G1 X129.580 Y114.490 E0.03318
G1 X129.580 Y116.340 E0.06461
G1 X129.580 Y117.640 E0.04540
G1 X129.580 Y119.690 E0.07159
G1 X129.580 Y120.000 E0.01083
G1 X129.397 Y121.130 E0.03999
G1 X128.643 Y122.415 E0.05200
G1 X127.746 Y123.126 E0.03999
G1 X126.000 Y123.580 E0.06299
G1 X124.500 Y123.580 E0.05238
G1 X123.550 Y123.580 E0.03318
G1 X121.700 Y123.580 E0.06461
G1 X120.400 Y123.580 E0.04540
G1 X118.350 Y123.580 E0.07159
G1 X117.550 Y123.580 E0.02794
G1 X116.400 Y123.580 E0.04016
G1 X114.900 Y123.580 E0.05238
G1 X113.750 Y123.580 E0.04016
G1 X111.510 Y123.580 E0.07823
G1 X110.010 Y123.580 E0.05238
G1 X109.060 Y123.580 E0.03318
G1 X107.210 Y123.580 E0.06461
G1 X105.910 Y123.580 E0.04540
G1 X103.860 Y123.580 E0.07159
G1 X103.060 Y123.580 E0.02794
G1 X101.910 Y123.580 E0.04016
G1 X100.410 Y123.580 E0.05238
G1 X99.260 Y123.580 E0.04016
G1 X97.020 Y123.580 E0.07823
G1 X95.520 Y123.580 E0.05238
G1 X94.570 Y123.580 E0.03318
G1 X94.000 Y123.580 E0.01991
G1 X92.728 Y123.347 E0.04515
G1 X91.118 Y122.124 E0.07062
G1 X90.719 Y121.432 E0.02788
G1 X90.435 Y120.323 E0.03999
G1 X90.420 Y120.000 E0.01129
G1 X90.420 Y118.850 E0.04016
G1 X90.420 Y116.610 E0.07823
G1 X90.420 Y115.110 E0.05238
G1 X90.420 Y114.160 E0.03318
G1 X90.420 Y112.310 E0.06461
G1 X90.420 Y111.010 E0.04540
G1 X90.420 Y108.960 E0.07159
G1 X90.420 Y108.160 E0.02794
G1 X90.420 Y107.010 E0.04016
G1 X90.420 Y105.510 E0.05238
G1 X90.420 Y104.360 E0.04016
G1 X90.420 Y102.120 E0.07823
G1 X90.420 Y100.620 E0.05238
G1 X90.420 Y100.000 E0.02165
G1 X90.887 Y98.231 E0.06389
G1 X91.719 Y97.241 E0.04515
G1 X93.578 Y96.445 E0.07062
G1 X94.000 Y96.420 E0.01478
;TYPE:Sparse infill
G1 E-0.80000 F2100
G1 Z2.400 F9000
G1 X128.960 Y97.040
G1 Z2.000
G1 E0.80000 F2100
G1 X128.160 Y97.040 E0.02794 F2400
G1 X127.010 Y97.040 E0.04016
G1 X125.510 Y97.040 E0.05238
G1 X124.360 Y97.040 E0.04016
G1 X122.120 Y97.040 E0.07823
G1 X120.620 Y97.040 E0.05238
G1 X119.670 Y97.040 E0.03318
G1 X117.820 Y97.040 E0.06461
G1 X116.520 Y97.040 E0.04540
G1 X114.470 Y97.040 E0.07159
G1 X113.670 Y97.040 E0.02794
G1 X112.520 Y97.040 E0.04016
G1 X111.020 Y97.040 E0.05238
G1 X109.870 Y97.040 E0.04016
G1 X107.630 Y97.040 E0.07823
G1 X106.130 Y97.040 E0.05238
G1 X105.180 Y97.040 E0.03318
G1 X103.330 Y97.040 E0.06461
G1 X102.030 Y97.040 E0.04540
G1 X99.980 Y97.040 E0.07159
G1 X99.180 Y97.040 E0.02794
G1 X98.030 Y97.040 E0.04016
G1 X96.530 Y97.040 E0.05238
G1 X95.380 Y97.040 E0.04016
G1 X93.140 Y97.040 E0.07823
G1 X91.640 Y97.040 E0.05238
G1 X91.040 Y97.040 E0.02095
G1 X91.040 Y99.440 E0.08382
G1 X92.190 Y99.440 E0.04016
G1 X93.690 Y99.440 E0.05238
G1 X94.840 Y99.440 E0.04016
G1 X97.080 Y99.440 E0.07823
G1 X98.580 Y99.440 E0.05238
G1 X99.530 Y99.440 E0.03318
G1 X101.380 Y99.440 E0.06461
G1 X102.680 Y99.440 E0.04540
G1 X104.730 Y99.440 E0.07159
G1 X105.530 Y99.440 E0.02794
G1 X106.680 Y99.440 E0.04016
G1 X108.180 Y99.440 E0.05238
G1 X109.330 Y99.440 E0.04016
G1 X111.570 Y99.440 E0.07823
G1 X113.070 Y99.440 E0.05238
G1 X114.020 Y99.440 E0.03318
G1 X115.870 Y99.440 E0.06461
G1 X117.170 Y99.440 E0.04540
G1 X119.220 Y99.440 E0.07159
G1 X120.020 Y99.440 E0.02794
G1 X121.170 Y99.440 E0.04016
G1 X122.670 Y99.440 E0.05238
G1 X123.820 Y99.440 E0.04016
G1 X126.060 Y99.440 E0.07823
G1 X127.560 Y99.440 E0.05238
G1 X128.510 Y99.440 E0.03318
G1 X128.960 Y99.440 E0.01572
G1 X128.960 Y101.840 E0.08382
G1 X127.460 Y101.840 E0.05238
G1 X126.310 Y101.840 E0.04016
G1 X124.070 Y101.840 E0.07823
G1 X122.570 Y101.840 E0.05238
G1 X121.620 Y101.840 E0.03318
G1 X119.770 Y101.840 E0.06461
G1 X118.470 Y101.840 E0.04540
G1 X116.420 Y101.840 E0.07159
G1 X115.620 Y101.840 E0.02794
G1 X114.470 Y101.840 E0.04016
G1 X112.970 Y101.840 E0.05238
G1 X111.820 Y101.840 E0.04016
G1 X109.580 Y101.840 E0.07823
G1 X108.080 Y101.840 E0.05238
G1 X107.130 Y101.840 E0.03318
G1 X105.280 Y101.840 E0.06461
G1 X103.980 Y101.840 E0.04540
G1 X101.930 Y101.840 E0.07159
G1 X101.130 Y101.840 E0.02794
G1 X99.980 Y101.840 E0.04016
G1 X98.480 Y101.840 E0.05238
G1 X97.330 Y101.840 E0.04016
G1 X95.090 Y101.840 E0.07823
G1 X93.590 Y101.840 E0.05238
G1 X92.640 Y101.840 E0.03318
G1 X91.040 Y101.840 E0.05588
G1 X91.040 Y104.240 E0.08382
G1 X92.190 Y104.240 E0.04016
G1 X94.430 Y104.240 E0.07823
G1 X95.930 Y104.240 E0.05238
G1 X96.880 Y104.240 E0.03318
G1 X98.730 Y104.240 E0.06461
G1 X100.030 Y104.240 E0.04540
G1 X102.080 Y104.240 E0.07159
G1 X102.880 Y104.240 E0.02794
G1 X104.030 Y104.240 E0.04016
G1 X105.530 Y104.240 E0.05238
G1 X106.680 Y104.240 E0.04016
G1 X108.920 Y104.240 E0.07823
G1 X110.420 Y104.240 E0.05238
G1 X111.370 Y104.240 E0.03318
G1 X113.220 Y104.240 E0.06461
G1 X114.520 Y104.240 E0.04540
G1 X116.570 Y104.240 E0.07159
G1 X117.370 Y104.240 E0.02794
G1 X118.520 Y104.240 E0.04016
G1 X120.020 Y104.240 E0.05238
G1 X121.170 Y104.240 E0.04016
G1 X123.410 Y104.240 E0.07823
G1 X124.910 Y104.240 E0.05238
G1 X125.860 Y104.240 E0.03318
G1 X127.710 Y104.240 E0.06461
G1 X128.960 Y104.240 E0.04365
G1 X128.960 Y106.640 E0.08382
G1 X126.720 Y106.640 E0.07823
G1 X125.220 Y106.640 E0.05238
G1 X124.270 Y106.640 E0.03318
G1 X122.420 Y106.640 E0.06461
G1 X121.120 Y106.640 E0.04540
G1 X119.070 Y106.640 E0.07159
G1 X118.270 Y106.640 E0.02794
G1 X117.120 Y106.640 E0.04016
G1 X115.620 Y106.640 E0.05238
G1 X114.470 Y106.640 E0.04016
G1 X112.230 Y106.640 E0.07823
G1 X110.730 Y106.640 E0.05238
G1 X109.780 Y106.640 E0.03318
G1 X107.930 Y106.640 E0.06461
G1 X106.630 Y106.640 E0.04540
G1 X104.580 Y106.640 E0.07159
G1 X103.780 Y106.640 E0.02794
G1 X102.630 Y106.640 E0.04016
G1 X101.130 Y106.640 E0.05238
G1 X99.980 Y106.640 E0.04016
G1 X97.740 Y106.640 E0.07823
G1 X96.240 Y106.640 E0.05238
G1 X95.290 Y106.640 E0.03318
G1 X93.440 Y106.640 E0.06461
G1 X92.140 Y106.640 E0.04540
G1 X91.040 Y106.640 E0.03842
G1 X91.040 Y109.040 E0.08382
G1 X92.540 Y109.040 E0.05238
G1 X93.490 Y109.040 E0.03318
G1 X95.340 Y109.040 E0.06461
G1 X96.640 Y109.040 E0.04540
G1 X98.690 Y109.040 E0.07159
G1 X99.490 Y109.040 E0.02794
G1 X100.640 Y109.040 E0.04016
G1 X102.140 Y109.040 E0.05238
G1 X103.290 Y109.040 E0.04016
G1 X105.530 Y109.040 E0.07823
G1 X107.030 Y109.040 E0.05238
G1 X107.980 Y109.040 E0.03318
G1 X109.830 Y109.040 E0.06461
G1 X111.130 Y109.040 E0.04540
G1 X113.180 Y109.040 E0.07159
G1 X113.980 Y109.040 E0.02794
G1 X115.130 Y109.040 E0.04016
G1 X116.630 Y109.040 E0.05238
G1 X117.780 Y109.040 E0.04016
G1 X120.020 Y109.040 E0.07823
G1 X121.520 Y109.040 E0.05238
G1 X122.470 Y109.040 E0.03318
G1 X124.320 Y109.040 E0.06461
G1 X125.620 Y109.040 E0.04540
G1 X127.670 Y109.040 E0.07159
G1 X128.470 Y109.040 E0.02794
G1 X128.960 Y109.040 E0.01711
G1 X128.960 Y111.440 E0.08382
G1 X128.010 Y111.440 E0.03318
G1 X126.160 Y111.440 E0.06461
G1 X124.860 Y111.440 E0.04540
G1 X122.810 Y111.440 E0.07159
G1 X122.010 Y111.440 E0.02794
G1 X120.860 Y111.440 E0.04016
G1 X119.360 Y111.440 E0.05238
G1 X118.210 Y111.440 E0.04016
G1 X115.970 Y111.440 E0.07823
G1 X114.470 Y111.440 E0.05238
G1 X113.520 Y111.440 E0.03318
G1 X111.670 Y111.440 E0.06461
G1 X110.370 Y111.440 E0.04540
G1 X108.320 Y111.440 E0.07159
G1 X107.520 Y111.440 E0.02794
G1 X106.370 Y111.440 E0.04016
G1 X104.870 Y111.440 E0.05238
G1 X103.720 Y111.440 E0.04016
G1 X101.480 Y111.440 E0.07823
G1 X99.980 Y111.440 E0.05238
G1 X99.030 Y111.440 E0.03318
G1 X97.180 Y111.440 E0.06461
G1 X95.880 Y111.440 E0.04540
G1 X93.830 Y111.440 E0.07159
G1 X93.030 Y111.440 E0.02794
G1 X91.880 Y111.440 E0.04016
G1 X91.040 Y111.440 E0.02934
G1 X91.040 Y113.840 E0.08382
G1 X92.890 Y113.840 E0.06461
G1 X94.190 Y113.840 E0.04540
G1 X96.240 Y113.840 E0.07159
G1 X97.040 Y113.840 E0.02794
G1 X98.190 Y113.840 E0.04016
G1 X99.690 Y113.840 E0.05238
G1 X100.840 Y113.840 E0.04016
G1 X103.080 Y113.840 E0.07823
G1 X104.580 Y113.840 E0.05238
G1 X105.530 Y113.840 E0.03318
G1 X107.380 Y113.840 E0.06461
G1 X108.680 Y113.840 E0.04540
G1 X110.730 Y113.840 E0.07159
G1 X111.530 Y113.840 E0.02794
G1 X112.680 Y113.840 E0.04016
G1 X114.180 Y113.840 E0.05238
G1 X115.330 Y113.840 E0.04016
G1 X117.570 Y113.840 E0.07823
G1 X119.070 Y113.840 E0.05238
G1 X120.020 Y113.840 E0.03318
G1 X121.870 Y113.840 E0.06461
G1 X123.170 Y113.840 E0.04540
G1 X125.220 Y113.840 E0.07159
G1 X126.020 Y113.840 E0.02794
G1 X127.170 Y113.840 E0.04016
G1 X128.960 Y113.840 E0.06251
G1 X128.960 Y116.240 E0.08382
G1 X127.660 Y116.240 E0.04540
G1 X125.610 Y116.240 E0.07159
G1 X124.810 Y116.240 E0.02794
G1 X123.660 Y116.240 E0.04016
G1 X122.160 Y116.240 E0.05238
G1 X121.010 Y116.240 E0.04016
G1 X118.770 Y116.240 E0.07823
G1 X117.270 Y116.240 E0.05238
G1 X116.320 Y116.240 E0.03318
G1 X114.470 Y116.240 E0.06461
G1 X113.170 Y116.240 E0.04540
G1 X111.120 Y116.240 E0.07159
G1 X110.320 Y116.240 E0.02794
G1 X109.170 Y116.240 E0.04016
G1 X107.670 Y116.240 E0.05238
G1 X106.520 Y116.240 E0.04016
G1 X104.280 Y116.240 E0.07823
G1 X102.780 Y116.240 E0.05238
G1 X101.830 Y116.240 E0.03318
G1 X99.980 Y116.240 E0.06461
G1 X98.680 Y116.240 E0.04540
G1 X96.630 Y116.240 E0.07159
G1 X95.830 Y116.240 E0.02794
G1 X94.680 Y116.240 E0.04016
G1 X93.180 Y116.240 E0.05238
G1 X92.030 Y116.240 E0.04016
G1 X91.040 Y116.240 E0.03457
G1 X91.040 Y118.640 E0.08382
G1 X93.090 Y118.640 E0.07159
G1 X93.890 Y118.640 E0.02794
G1 X95.040 Y118.640 E0.04016
G1 X96.540 Y118.640 E0.05238
G1 X97.690 Y118.640 E0.04016
G1 X99.930 Y118.640 E0.07823
G1 X101.430 Y118.640 E0.05238
G1 X102.380 Y118.640 E0.03318
G1 X104.230 Y118.640 E0.06461
G1 X105.530 Y118.640 E0.04540
G1 X107.580 Y118.640 E0.07159
G1 X108.380 Y118.640 E0.02794
G1 X109.530 Y118.640 E0.04016
G1 X111.030 Y118.640 E0.05238
G1 X112.180 Y118.640 E0.04016
G1 X114.420 Y118.640 E0.07823
G1 X115.920 Y118.640 E0.05238
G1 X116.870 Y118.640 E0.03318
G1 X118.720 Y118.640 E0.06461
G1 X120.020 Y118.640 E0.04540
G1 X122.070 Y118.640 E0.07159
G1 X122.870 Y118.640 E0.02794
G1 X124.020 Y118.640 E0.04016
G1 X125.520 Y118.640 E0.05238
G1 X126.670 Y118.640 E0.04016
G1 X128.960 Y118.640 E0.07997
;LAYER_CHANGE
;Z:2.200
; CHANGE_LAYER
G1 Z2.200 F7200
;TYPE:Outer wall
G1 E-0.80000 F2100
G1 Z2.600 F9000
G1 X94.000 Y96.000
G1 Z2.200
G1 E0.80000 F2100
G1 X94.800 Y96.000 E0.02794 F1800
G1 X95.950 Y96.000 E0.04016
G1 X97.450 Y96.000 E0.05238
G1 X98.600 Y96.000 E0.04016
G1 X100.840 Y96.000 E0.07823
G1 X102.340 Y96.000 E0.05238
G1 X103.290 Y96.000 E0.03318
G1 X105.140 Y96.000 E0.06461
G1 X106.440 Y96.000 E0.04540
G1 X108.490 Y96.000 E0.07159
G1 X109.290 Y96.000 E0.02794
G1 X110.440 Y96.000 E0.04016
G1 X111.940 Y96.000 E0.05238
G1 X113.090 Y96.000 E0.04016
G1 X115.330 Y96.000 E0.07823
G1 X116.830 Y96.000 E0.05238
G1 X117.780 Y96.000 E0.03318
G1 X119.630 Y96.000 E0.06461
G1 X120.930 Y96.000 E0.04540
G1 X122.980 Y96.000 E0.07159
G1 X123.780 Y96.000 E0.02794
G1 X124.930 Y96.000 E0.04016
G1 X126.000 Y96.000 E0.03737
G1 X127.134 Y96.164 E0.04002
G1 X128.999 Y97.353 E0.07721
G1 X129.760 Y98.635 E0.05208
G1 X129.975 Y99.558 E0.03310
G1 X130.000 Y100.000 E0.01547
G1 X130.000 Y101.300 E0.04540
G1 X130.000 Y103.350 E0.07159
G1 X130.000 Y104.150 E0.02794
G1 X130.000 Y105.300 E0.04016
G1 X130.000 Y106.800 E0.05238
G1 X130.000 Y107.950 E0.04016
G1 X130.000 Y110.190 E0.07823
G1 X130.000 Y111.690 E0.05238
G1 X130.000 Y112.640 E0.03318
G1 X130.000 Y114.490 E0.06461
G1 X130.000 Y115.790 E0.04540
G1 X130.000 Y117.840 E0.07159
G1 X130.000 Y118.640 E0.02794
G1 X130.000 Y120.000 E0.04750
G1 X129.722 Y121.465 E0.05208
G1 X129.154 Y122.460 E0.04002
G1 X127.365 Y123.760 E0.07721
G1 X126.000 Y124.000 E0.04841
G1 X125.050 Y124.000 E0.03318
G1 X123.200 Y124.000 E0.06461
G1 X121.900 Y124.000 E0.04540
G1 X119.850 Y124.000 E0.07159
G1 X119.050 Y124.000 E0.02794
G1 X117.900 Y124.000 E0.04016
G1 X116.400 Y124.000 E0.05238
G1 X115.250 Y124.000 E0.04016
G1 X113.010 Y124.000 E0.07823
G1 X111.510 Y124.000 E0.05238
G1 X110.560 Y124.000 E0.03318
G1 X108.710 Y124.000 E0.06461
G1 X107.410 Y124.000 E0.04540
G1 X105.360 Y124.000 E0.07159
G1 X104.560 Y124.000 E0.02794
G1 X103.410 Y124.000 E0.04016
G1 X101.910 Y124.000 E0.05238
G1 X100.760 Y124.000 E0.04016
G1 X98.520 Y124.000 E0.07823
G1 X97.020 Y124.000 E0.05238
G1 X96.070 Y124.000 E0.03318
G1 X94.000 Y124.000 E0.07229
G1 X92.723 Y123.791 E0.04520
G1 X91.028 Y122.677 E0.07081
G1 X90.555 Y122.033 E0.02789
G1 X90.120 Y120.973 E0.04002
G1 X90.000 Y120.000 E0.03425
G1 X90.000 Y118.850 E0.04016
G1 X90.000 Y116.610 E0.07823
G1 X90.000 Y115.110 E0.05238
G1 X90.000 Y114.160 E0.03318
G1 X90.000 Y112.310 E0.06461
G1 X90.000 Y111.010 E0.04540
G1 X90.000 Y108.960 E0.07159
G1 X90.000 Y108.160 E0.02794
G1 X90.000 Y107.010 E0.04016
G1 X90.000 Y105.510 E0.05238
G1 X90.000 Y104.360 E0.04016
G1 X90.000 Y102.120 E0.07823
G1 X90.000 Y100.620 E0.05238
G1 X90.000 Y100.000 E0.02165
G1 X90.420 Y98.215 E0.06403
G1 X91.178 Y97.166 E0.04520
G1 X92.930 Y96.146 E0.07081
G1 X94.000 Y96.000 E0.03771
;TYPE:Inner wall
G1 X94.000 Y96.420 F9000
G1 X94.800 Y96.420 E0.02794 F1800
G1 X95.950 Y96.420 E0.04016
G1 X97.450 Y96.420 E0.05238
G1 X98.600 Y96.420 E0.04016
G1 X100.840 Y96.420 E0.07823
G1 X102.340 Y96.420 E0.05238
G1 X103.290 Y96.420 E0.03318
G1 X105.140 Y96.420 E0.06461
G1 X106.440 Y96.420 E0.04540
G1 X108.490 Y96.420 E0.07159
G1 X109.290 Y96.420 E0.02794
G1 X110.440 Y96.420 E0.04016
G1 X111.940 Y96.420 E0.05238
G1 X113.090 Y96.420 E0.04016
G1 X115.330 Y96.420 E0.07823
G1 X116.830 Y96.420 E0.05238
G1 X117.780 Y96.420 E0.03318
G1 X119.630 Y96.420 E0.06461
G1 X120.930 Y96.420 E0.04540
G1 X122.980 Y96.420 E0.07159
G1 X123.780 Y96.420 E0.02794
G1 X124.930 Y96.420 E0.04016
G1 X126.000 Y96.420 E0.03737
G1 X127.130 Y96.603 E0.03999
G1 X128.906 Y97.909 E0.07696
G1 X129.505 Y99.272 E0.05200
G1 X129.580 Y100.000 E0.02557
G1 X129.580 Y101.850 E0.06461
G1 X129.580 Y103.150 E0.04540
G1 X129.580 Y105.200 E0.07159
G1 X129.580 Y106.000 E0.02794
G1 X129.580 Y107.150 E0.04016
G1 X129.580 Y108.650 E0.05238
G1 X129.580 Y109.800 E0.04016
G1 X129.580 Y112.040 E0.07823
G1 X129.580 Y113.540 E0.05238
G1 X129.580 Y114.490 E0.03318
G1 X129.580 Y116.340 E0.06461
G1 X129.580 Y117.640 E0.04540
G1 X129.580 Y119.690 E0.07159
G1 X129.580 Y120.000 E0.01083
G1 X129.397 Y121.130 E0.03999
G1 X128.643 Y122.415 E0.05200
G1 X127.746 Y123.126 E0.03999
G1 X126.000 Y123.580 E0.06299
G1 X124.500 Y123.580 E0.05238
G1 X123.550 Y123.580 E0.03318
G1 X121.700 Y123.580 E0.06461
G1 X120.400 Y123.580 E0.04540
G1 X118.350 Y123.580 E0.07159
G1 X117.550 Y123.580 E0.02794
G1 X116.400 Y123.580 E0.04016
G1 X114.900 Y123.580 E0.05238
G1 X113.750 Y123.580 E0.04016
G1 X111.510 Y123.580 E0.07823
G1 X110.010 Y123.580 E0.05238
G1 X109.060 Y123.580 E0.03318
G1 X107.210 Y123.580 E0.06461
G1 X105.910 Y123.580 E0.04540
G1 X103.860 Y123.580 E0.07159
G1 X103.060 Y123.580 E0.02794
G1 X101.910 Y123.580 E0.04016
G1 X100.410 Y123.580 E0.05238
G1 X99.260 Y123.580 E0.04016
G1 X97.020 Y123.580 E0.07823
G1 X95.520 Y123.580 E0.05238
G1 X94.570 Y123.580 E0.03318
G1 X94.000 Y123.580 E0.01991
G1 X92.728 Y123.347 E0.04515
G1 X91.118 Y122.124 E0.07062
G1 X90.719 Y121.432 E0.02788
G1 X90.435 Y120.323 E0.03999
G1 X90.420 Y120.000 E0.01129
G1 X90.420 Y118.850 E0.04016
G1 X90.420 Y116.610 E0.07823
G1 X90.420 Y115.110 E0.05238
G1 X90.420 Y114.160 E0.03318
G1 X90.420 Y112.310 E0.06461
G1 X90.420 Y111.010 E0.04540
G1 X90.420 Y108.960 E0.07159
G1 X90.420 Y108.160 E0.02794
G1 X90.420 Y107.010 E0.04016
G1 X90.420 Y105.510 E0.05238
G1 X90.420 Y104.360 E0.04016
G1 X90.420 Y102.120 E0.07823
G1 X90.420 Y100.620 E0.05238
G1 X90.420 Y100.000 E0.02165
G1 X90.887 Y98.231 E0.06389
G1 X91.719 Y97.241 E0.04515
G1 X93.578 Y96.445 E0.07062
G1 X94.000 Y96.420 E0.01478
;TYPE:Sparse infill
G1 E-0.80000 F2100
G1 Z2.600 F9000
G1 X91.040 Y97.040
G1 Z2.200
G1 E0.80000 F2100
G1 X91.840 Y97.040 E0.02794 F2400
G1 X92.990 Y97.040 E0.04016
G1 X94.490 Y97.040 E0.05238
G1 X95.640 Y97.040 E0.04016
G1 X97.880 Y97.040 E0.07823
G1 X99.380 Y97.040 E0.05238
G1 X100.330 Y97.040 E0.03318
G1 X102.180 Y97.040 E0.06461
G1 X103.480 Y97.040 E0.04540
G1 X105.530 Y97.040 E0.07159
G1 X106.330 Y97.040 E0.02794
G1 X107.480 Y97.040 E0.04016
G1 X108.980 Y97.040 E0.05238
G1 X110.130 Y97.040 E0.04016
G1 X112.370 Y97.040 E0.07823
G1 X113.870 Y97.040 E0.05238
G1 X114.820 Y97.040 E0.03318
G1 X116.670 Y97.040 E0.06461
G1 X117.970 Y97.040 E0.04540
G1 X120.020 Y97.040 E0.07159
G1 X120.820 Y97.040 E0.02794
G1 X121.970 Y97.040 E0.04016
G1 X123.470 Y97.040 E0.05238
G1 X124.620 Y97.040 E0.04016
G1 X126.860 Y97.040 E0.07823
G1 X128.360 Y97.040 E0.05238
G1 X128.960 Y97.040 E0.02095
G1 X128.960 Y99.440 E0.08382
G1 X127.810 Y99.440 E0.04016
G1 X126.310 Y99.440 E0.05238
G1 X125.160 Y99.440 E0.04016
G1 X122.920 Y99.440 E0.07823
G1 X121.420 Y99.440 E0.05238
G1 X120.470 Y99.440 E0.03318
G1 X118.620 Y99.440 E0.06461
G1 X117.320 Y99.440 E0.04540
G1 X115.270 Y99.440 E0.07159
G1 X114.470 Y99.440 E0.02794
G1 X113.320 Y99.440 E0.04016
G1 X111.820 Y99.440 E0.05238
G1 X110.670 Y99.440 E0.04016
G1 X108.430 Y99.440 E0.07823
G1 X106.930 Y99.440 E0.05238
G1 X105.980 Y99.440 E0.03318
G1 X104.130 Y99.440 E0.06461
G1 X102.830 Y99.440 E0.04540
G1 X100.780 Y99.440 E0.07159
G1 X99.980 Y99.440 E0.02794
G1 X98.830 Y99.440 E0.04016
G1 X97.330 Y99.440 E0.05238
G1 X96.180 Y99.440 E0.04016
G1 X93.940 Y99.440 E0.07823
G1 X92.440 Y99.440 E0.05238
G1 X91.490 Y99.440 E0.03318
G1 X91.040 Y99.440 E0.01572
G1 X91.040 Y101.840 E0.08382
G1 X92.540 Y101.840 E0.05238
G1 X93.690 Y101.840 E0.04016
G1 X95.930 Y101.840 E0.07823
G1 X97.430 Y101.840 E0.05238
G1 X98.380 Y101.840 E0.03318
G1 X100.230 Y101.840 E0.06461
G1 X101.530 Y101.840 E0.04540
G1 X103.580 Y101.840 E0.07159
G1 X104.380 Y101.840 E0.02794
G1 X105.530 Y101.840 E0.04016
G1 X107.030 Y101.840 E0.05238
G1 X108.180 Y101.840 E0.04016
G1 X110.420 Y101.840 E0.07823
G1 X111.920 Y101.840 E0.05238
G1 X112.870 Y101.840 E0.03318
G1 X114.720 Y101.840 E0.06461
G1 X116.020 Y101.840 E0.04540
G1 X118.070 Y101.840 E0.07159
G1 X118.870 Y101.840 E0.02794
G1 X120.020 Y101.840 E0.04016
G1 X121.520 Y101.840 E0.05238
G1 X122.670 Y101.840 E0.04016
G1 X124.910 Y101.840 E0.07823
G1 X126.410 Y101.840 E0.05238
G1 X127.360 Y101.840 E0.03318
G1 X128.960 Y101.840 E0.05588
G1 X128.960 Y104.240 E0.08382
G1 X127.810 Y104.240 E0.04016
G1 X125.570 Y104.240 E0.07823
G1 X124.070 Y104.240 E0.05238
G1 X123.120 Y104.240 E0.03318
G1 X121.270 Y104.240 E0.06461
G1 X119.970 Y104.240 E0.04540
G1 X117.920 Y104.240 E0.07159
G1 X117.120 Y104.240 E0.02794
G1 X115.970 Y104.240 E0.04016
G1 X114.470 Y104.240 E0.05238
G1 X113.320 Y104.240 E0.04016
G1 X111.080 Y104.240 E0.07823
G1 X109.580 Y104.240 E0.05238
G1 X108.630 Y104.240 E0.03318
G1 X106.780 Y104.240 E0.06461
G1 X105.480 Y104.240 E0.04540
G1 X103.430 Y104.240 E0.07159
G1 X102.630 Y104.240 E0.02794
G1 X101.480 Y104.240 E0.04016
G1 X99.980 Y104.240 E0.05238
G1 X98.830 Y104.240 E0.04016
G1 X96.590 Y104.240 E0.07823
G1 X95.090 Y104.240 E0.05238
G1 X94.140 Y104.240 E0.03318
G1 X92.290 Y104.240 E0.06461
G1 X91.040 Y104.240 E0.04365
G1 X91.040 Y106.640 E0.08382
G1 X93.280 Y106.640 E0.07823
G1 X94.780 Y106.640 E0.05238
G1 X95.730 Y106.640 E0.03318
G1 X97.580 Y106.640 E0.06461
G1 X98.880 Y106.640 E0.04540
G1 X100.930 Y106.640 E0.07159
G1 X101.730 Y106.640 E0.02794
G1 X102.880 Y106.640 E0.04016
G1 X104.380 Y106.640 E0.05238
G1 X105.530 Y106.640 E0.04016
G1 X107.770 Y106.640 E0.07823
G1 X109.270 Y106.640 E0.05238
G1 X110.220 Y106.640 E0.03318
G1 X112.070 Y106.640 E0.06461
G1 X113.370 Y106.640 E0.04540
G1 X115.420 Y106.640 E0.07159
G1 X116.220 Y106.640 E0.02794
G1 X117.370 Y106.640 E0.04016
G1 X118.870 Y106.640 E0.05238
G1 X120.020 Y106.640 E0.04016
G1 X122.260 Y106.640 E0.07823
G1 X123.760 Y106.640 E0.05238
G1 X124.710 Y106.640 E0.03318
G1 X126.560 Y106.640 E0.06461
G1 X127.860 Y106.640 E0.04540
G1 X128.960 Y106.640 E0.03842
G1 X128.960 Y109.040 E0.08382
G1 X127.460 Y109.040 E0.05238
G1 X126.510 Y109.040 E0.03318
G1 X124.660 Y109.040 E0.06461
G1 X123.360 Y109.040 E0.04540
G1 X121.310 Y109.040 E0.07159
G1 X120.510 Y109.040 E0.02794
G1 X119.360 Y109.040 E0.04016
G1 X117.860 Y109.040 E0.05238
G1 X116.710 Y109.040 E0.04016
G1 X114.470 Y109.040 E0.07823
G1 X112.970 Y109.040 E0.05238
G1 X112.020 Y109.040 E0.03318
G1 X110.170 Y109.040 E0.06461
G1 X108.870 Y109.040 E0.04540
G1 X106.820 Y109.040 E0.07159
G1 X106.020 Y109.040 E0.02794
G1 X104.870 Y109.040 E0.04016
G1 X103.370 Y109.040 E0.05238
G1 X102.220 Y109.040 E0.04016
G1 X99.980 Y109.040 E0.07823
G1 X98.480 Y109.040 E0.05238
G1 X97.530 Y109.040 E0.03318
G1 X95.680 Y109.040 E0.06461
G1 X94.380 Y109.040 E0.04540
G1 X92.330 Y109.040 E0.07159
G1 X91.530 Y109.040 E0.02794
G1 X91.040 Y109.040 E0.01711
G1 X91.040 Y111.440 E0.08382
G1 X91.990 Y111.440 E0.03318
G1 X93.840 Y111.440 E0.06461
G1 X95.140 Y111.440 E0.04540
G1 X97.190 Y111.440 E0.07159
G1 X97.990 Y111.440 E0.02794
G1 X99.140 Y111.440 E0.04016
G1 X100.640 Y111.440 E0.05238
G1 X101.790 Y111.440 E0.04016
G1 X104.030 Y111.440 E0.07823
G1 X105.530 Y111.440 E0.05238
G1 X106.480 Y111.440 E0.03318
G1 X108.330 Y111.440 E0.06461
G1 X109.630 Y111.440 E0.04540
G1 X111.680 Y111.440 E0.07159
G1 X112.480 Y111.440 E0.02794
G1 X113.630 Y111.440 E0.04016
G1 X115.130 Y111.440 E0.05238
G1 X116.280 Y111.440 E0.04016
G1 X118.520 Y111.440 E0.07823
G1 X120.020 Y111.440 E0.05238
G1 X120.970 Y111.440 E0.03318
G1 X122.820 Y111.440 E0.06461
G1 X124.120 Y111.440 E0.04540
G1 X126.170 Y111.440 E0.07159
G1 X126.970 Y111.440 E0.02794
G1 X128.120 Y111.440 E0.04016
G1 X128.960 Y111.440 E0.02934
G1 X128.960 Y113.840 E0.08382
G1 X127.110 Y113.840 E0.06461
G1 X125.810 Y113.840 E0.04540
G1 X123.760 Y113.840 E0.07159
G1 X122.960 Y113.840 E0.02794
G1 X121.810 Y113.840 E0.04016
G1 X120.310 Y113.840 E0.05238
G1 X119.160 Y113.840 E0.04016
G1 X116.920 Y113.840 E0.07823
G1 X115.420 Y113.840 E0.05238
G1 X114.470 Y113.840 E0.03318
G1 X112.620 Y113.840 E0.06461
G1 X111.320 Y113.840 E0.04540
G1 X109.270 Y113.840 E0.07159
G1 X108.470 Y113.840 E0.02794
G1 X107.320 Y113.840 E0.04016
G1 X105.820 Y113.840 E0.05238
G1 X104.670 Y113.840 E0.04016
G1 X102.430 Y113.840 E0.07823
G1 X100.930 Y113.840 E0.05238
G1 X99.980 Y113.840 E0.03318
G1 X98.130 Y113.840 E0.06461
G1 X96.830 Y113.840 E0.04540
G1 X94.780 Y113.840 E0.07159
G1 X93.980 Y113.840 E0.02794
G1 X92.830 Y113.840 E0.04016
G1 X91.040 Y113.840 E0.06251
G1 X91.040 Y116.240 E0.08382
G1 X92.340 Y116.240 E0.04540
G1 X94.390 Y116.240 E0.07159
G1 X95.190 Y116.240 E0.02794
G1 X96.340 Y116.240 E0.04016
G1 X97.840 Y116.240 E0.05238
G1 X98.990 Y116.240 E0.04016
G1 X101.230 Y116.240 E0.07823
G1 X102.730 Y116.240 E0.05238
G1 X103.680 Y116.240 E0.03318
G1 X105.530 Y116.240 E0.06461
G1 X106.830 Y116.240 E0.04540
G1 X108.880 Y116.240 E0.07159
G1 X109.680 Y116.240 E0.02794
G1 X110.830 Y116.240 E0.04016
G1 X112.330 Y116.240 E0.05238
G1 X113.480 Y116.240 E0.04016
G1 X115.720 Y116.240 E0.07823
G1 X117.220 Y116.240 E0.05238
G1 X118.170 Y116.240 E0.03318
G1 X120.020 Y116.240 E0.06461
G1 X121.320 Y116.240 E0.04540
G1 X123.370 Y116.240 E0.07159
G1 X124.170 Y116.240 E0.02794
G1 X125.320 Y116.240 E0.04016
G1 X126.820 Y116.240 E0.05238
G1 X127.970 Y116.240 E0.04016
G1 X128.960 Y116.240 E0.03457
G1 X128.960 Y118.640 E0.08382
G1 X126.910 Y118.640 E0.07159
G1 X126.110 Y118.640 E0.02794
G1 X124.960 Y118.640 E0.04016
G1 X123.460 Y118.640 E0.05238
G1 X122.310 Y118.640 E0.04016
G1 X120.070 Y118.640 E0.07823
G1 X118.570 Y118.640 E0.05238
G1 X117.620 Y118.640 E0.03318
G1 X115.770 Y118.640 E0.06461
G1 X114.470 Y118.640 E0.04540
G1 X112.420 Y118.640 E0.07159
G1 X111.620 Y118.640 E0.02794
G1 X110.470 Y118.640 E0.04016
G1 X108.970 Y118.640 E0.05238
G1 X107.820 Y118.640 E0.04016
G1 X105.580 Y118.640 E0.07823
G1 X104.080 Y118.640 E0.05238
G1 X103.130 Y118.640 E0.03318
G1 X101.280 Y118.640 E0.06461
G1 X99.980 Y118.640 E0.04540
G1 X97.930 Y118.640 E0.07159
G1 X97.130 Y118.640 E0.02794
G1 X95.980 Y118.640 E0.04016
G1 X94.480 Y118.640 E0.05238
G1 X93.330 Y118.640 E0.04016
G1 X91.040 Y118.640 E0.07997
;LAYER_CHANGE
;Z:2.400
; CHANGE_LAYER
G1 Z2.400 F7200
;TYPE:Outer wall
G1 E-0.80000 F2100
G1 Z2.800 F9000
G1 X94.000 Y96.000
G1 Z2.400
G1 E0.80000 F2100
G1 X94.800 Y96.000 E0.02794 F1800
G1 X95.950 Y96.000 E0.04016
G1 X97.450 Y96.000 E0.05238
G1 X98.600 Y96.000 E0.04016
G1 X100.840 Y96.000 E0.07823
G1 X102.340 Y96.000 E0.05238
G1 X103.290 Y96.000 E0.03318
G1 X105.140 Y96.000 E0.06461
G1 X106.440 Y96.000 E0.04540
G1 X108.490 Y96.000 E0.07159
G1 X109.290 Y96.000 E0.02794
G1 X110.440 Y96.000 E0.04016
G1 X111.940 Y96.000 E0.05238
G1 X113.090 Y96.000 E0.04016
G1 X115.330 Y96.000 E0.07823
G1 X116.830 Y96.000 E0.05238
G1 X117.780 Y96.000 E0.03318
G1 X119.630 Y96.000 E0.06461
G1 X120.930 Y96.000 E0.04540
G1 X122.980 Y96.000 E0.07159
G1 X123.780 Y96.000 E0.02794
G1 X124.930 Y96.000 E0.04016
G1 X126.000 Y96.000 E0.03737
G1 X127.134 Y96.164 E0.04002
G1 X128.999 Y97.353 E0.07721
G1 X129.760 Y98.635 E0.05208
G1 X129.975 Y99.558 E0.03310
G1 X130.000 Y100.000 E0.01547
G1 X130.000 Y101.300 E0.04540
G1 X130.000 Y103.350 E0.07159
G1 X130.000 Y104.150 E0.02794
G1 X130.000 Y105.300 E0.04016
G1 X130.000 Y106.800 E0.05238
G1 X130.000 Y107.950 E0.04016
G1 X130.000 Y110.190 E0.07823
G1 X130.000 Y111.690 E0.05238
G1 X130.000 Y112.640 E0.03318
G1 X130.000 Y114.490 E0.06461
G1 X130.000 Y115.790 E0.04540
G1 X130.000 Y117.840 E0.07159
G1 X130.000 Y118.640 E0.02794
G1 X130.000 Y120.000 E0.04750
G1 X129.722 Y121.465 E0.05208
G1 X129.154 Y122.460 E0.04002
G1 X127.365 Y123.760 E0.07721
G1 X126.000 Y124.000 E0.04841
G1 X125.050 Y124.000 E0.03318
G1 X123.200 Y124.000 E0.06461
G1 X121.900 Y124.000 E0.04540
G1 X119.850 Y124.000 E0.07159
G1 X119.050 Y124.000 E0.02794
G1 X117.900 Y124.000 E0.04016
G1 X116.400 Y124.000 E0.05238
G1 X115.250 Y124.000 E0.04016
G1 X113.010 Y124.000 E0.07823
G1 X111.510 Y124.000 E0.05238
G1 X110.560 Y124.000 E0.03318
G1 X108.710 Y124.000 E0.06461
G1 X107.410 Y124.000 E0.04540
G1 X105.360 Y124.000 E0.07159
G1 X104.560 Y124.000 E0.02794
G1 X103.410 Y124.000 E0.04016
G1 X101.910 Y124.000 E0.05238
G1 X100.760 Y124.000 E0.04016
G1 X98.520 Y124.000 E0.07823
G1 X97.020 Y124.000 E0.05238
G1 X96.070 Y124.000 E0.03318
G1 X94.000 Y124.000 E0.07229
G1 X92.723 Y123.791 E0.04520
G1 X91.028 Y122.677 E0.07081
G1 X90.555 Y122.033 E0.02789
G1 X90.120 Y120.973 E0.04002
G1 X90.000 Y120.000 E0.03425
G1 X90.000 Y118.850 E0.04016
G1 X90.000 Y116.610 E0.07823
G1 X90.000 Y115.110 E0.05238
G1 X90.000 Y114.160 E0.03318
G1 X90.000 Y112.310 E0.06461
G1 X90.000 Y111.010 E0.04540
G1 X90.000 Y108.960 E0.07159
G1 X90.000 Y108.160 E0.02794
G1 X90.000 Y107.010 E0.04016
G1 X90.000 Y105.510 E0.05238
G1 X90.000 Y104.360 E0.04016
G1 X90.000 Y102.120 E0.07823
G1 X90.000 Y100.620 E0.05238
G1 X90.000 Y100.000 E0.02165
G1 X90.420 Y98.215 E0.06403
G1 X91.178 Y97.166 E0.04520
G1 X92.930 Y96.146 E0.07081
G1 X94.000 Y96.000 E0.03771
;TYPE:Inner wall
G1 X94.000 Y96.420 F9000
G1 X94.800 Y96.420 E0.02794 F1800
G1 X95.950 Y96.420 E0.04016
G1 X97.450 Y96.420 E0.05238
G1 X98.600 Y96.420 E0.04016
G1 X100.840 Y96.420 E0.07823
G1 X102.340 Y96.420 E0.05238
G1 X103.290 Y96.420 E0.03318
G1 X105.140 Y96.420 E0.06461
G1 X106.440 Y96.420 E0.04540
G1 X108.490 Y96.420 E0.07159
G1 X109.290 Y96.420 E0.02794
G1 X110.440 Y96.420 E0.04016
G1 X111.940 Y96.420 E0.05238
G1 X113.090 Y96.420 E0.04016
G1 X115.330 Y96.420 E0.07823
G1 X116.830 Y96.420 E0.05238
G1 X117.780 Y96.420 E0.03318
G1 X119.630 Y96.420 E0.06461
G1 X120.930 Y96.420 E0.04540
G1 X122.980 Y96.420 E0.07159
G1 X123.780 Y96.420 E0.02794
G1 X124.930 Y96.420 E0.04016
G1 X126.000 Y96.420 E0.03737
G1 X127.130 Y96.603 E0.03999
G1 X128.906 Y97.909 E0.07696
G1 X129.505 Y99.272 E0.05200
G1 X129.580 Y100.000 E0.02557
G1 X129.580 Y101.850 E0.06461
G1 X129.580 Y103.150 E0.04540
G1 X129.580 Y105.200 E0.07159
G1 X129.580 Y106.000 E0.02794
G1 X129.580 Y107.150 E0.04016
G1 X129.580 Y108.650 E0.05238
G1 X129.580 Y109.800 E0.04016
G1 X129.580 Y112.040 E0.07823
G1 X129.580 Y113.540 E0.05238
G1 X129.580 Y114.490 E0.03318
G1 X129.580 Y116.340 E0.06461
G1 X129.580 Y117.640 E0.04540
G1 X129.580 Y119.690 E0.07159
G1 X129.580 Y120.000 E0.01083
G1 X129.397 Y121.130 E0.03999
G1 X128.643 Y122.415 E0.05200
G1 X127.746 Y123.126 E0.03999
G1 X126.000 Y123.580 E0.06299
G1 X124.500 Y123.580 E0.05238
G1 X123.550 Y123.580 E0.03318
G1 X121.700 Y123.580 E0.06461
G1 X120.400 Y123.580 E0.04540
G1 X118.350 Y123.580 E0.07159
G1 X117.550 Y123.580 E0.02794
G1 X116.400 Y123.580 E0.04016
G1 X114.900 Y123.580 E0.05238
G1 X113.750 Y123.580 E0.04016
G1 X111.510 Y123.580 E0.07823
G1 X110.010 Y123.580 E0.05238
G1 X109.060 Y123.580 E0.03318
G1 X107.210 Y123.580 E0.06461
G1 X105.910 Y123.580 E0.04540
G1 X103.860 Y123.580 E0.07159
G1 X103.060 Y123.580 E0.02794
G1 X101.910 Y123.580 E0.04016
G1 X100.410 Y123.580 E0.05238
G1 X99.260 Y123.580 E0.04016
G1 X97.020 Y123.580 E0.07823
G1 X95.520 Y123.580 E0.05238
G1 X94.570 Y123.580 E0.03318
G1 X94.000 Y123.580 E0.01991
G1 X92.728 Y123.347 E0.04515
G1 X91.118 Y122.124 E0.07062
G1 X90.719 Y121.432 E0.02788
G1 X90.435 Y120.323 E0.03999
G1 X90.420 Y120.000 E0.01129
G1 X90.420 Y118.850 E0.04016
G1 X90.420 Y116.610 E0.07823
G1 X90.420 Y115.110 E0.05238
G1 X90.420 Y114.160 E0.03318
G1 X90.420 Y112.310 E0.06461
G1 X90.420 Y111.010 E0.04540
G1 X90.420 Y108.960 E0.07159
G1 X90.420 Y108.160 E0.02794
G1 X90.420 Y107.010 E0.04016
G1 X90.420 Y105.510 E0.05238
G1 X90.420 Y104.360 E0.04016
G1 X90.420 Y102.120 E0.07823
G1 X90.420 Y100.620 E0.05238
G1 X90.420 Y100.000 E0.02165
G1 X90.887 Y98.231 E0.06389
G1 X91.719 Y97.241 E0.04515
G1 X93.578 Y96.445 E0.07062
G1 X94.000 Y96.420 E0.01478
;TYPE:Sparse infill
G1 E-0.80000 F2100
G1 Z2.800 F9000
G1 X128.960 Y97.040
G1 Z2.400
G1 E0.80000 F2100
G1 X128.160 Y97.040 E0.02794 F2400
G1 X127.010 Y97.040 E0.04016
G1 X125.510 Y97.040 E0.05238
G1 X124.360 Y97.040 E0.04016
G1 X122.120 Y97.040 E0.07823
G1 X120.620 Y97.040 E0.05238
G1 X119.670 Y97.040 E0.03318
G1 X117.820 Y97.040 E0.06461
G1 X116.520 Y97.040 E0.04540
G1 X114.470 Y97.040 E0.07159
G1 X113.670 Y97.040 E0.02794
G1 X112.520 Y97.040 E0.04016
G1 X111.020 Y97.040 E0.05238
G1 X109.870 Y97.040 E0.04016
G1 X107.630 Y97.040 E0.07823
G1 X106.130 Y97.040 E0.05238
G1 X105.180 Y97.040 E0.03318
G1 X103.330 Y97.040 E0.06461
G1 X102.030 Y97.040 E0.04540
G1 X99.980 Y97.040 E0.07159
G1 X99.180 Y97.040 E0.02794
G1 X98.030 Y97.040 E0.04016
G1 X96.530 Y97.040 E0.05238
G1 X95.380 Y97.040 E0.04016
G1 X93.140 Y97.040 E0.07823
G1 X91.640 Y97.040 E0.05238
G1 X91.040 Y97.040 E0.02095
G1 X91.040 Y99.440 E0.08382
G1 X92.190 Y99.440 E0.04016
G1 X93.690 Y99.440 E0.05238
G1 X94.840 Y99.440 E0.04016
G1 X97.080 Y99.440 E0.07823
G1 X98.580 Y99.440 E0.05238
G1 X99.530 Y99.440 E0.03318
G1 X101.380 Y99.440 E0.06461
G1 X102.680 Y99.440 E0.04540
G1 X104.730 Y99.440 E0.07159
G1 X105.530 Y99.440 E0.02794
G1 X106.680 Y99.440 E0.04016
G1 X108.180 Y99.440 E0.05238
G1 X109.330 Y99.440 E0.04016
G1 X111.570 Y99.440 E0.07823
G1 X113.070 Y99.440 E0.05238
G1 X114.020 Y99.440 E0.03318
G1 X115.870 Y99.440 E0.06461
G1 X117.170 Y99.440 E0.04540
G1 X119.220 Y99.440 E0.07159
G1 X120.020 Y99.440 E0.02794
G1 X121.170 Y99.440 E0.04016
G1 X122.670 Y99.440 E0.05238
G1 X123.820 Y99.440 E0.04016
G1 X126.060 Y99.440 E0.07823
G1 X127.560 Y99.440 E0.05238
G1 X128.510 Y99.440 E0.03318
G1 X128.960 Y99.440 E0.01572
G1 X128.960 Y101.840 E0.08382
G1 X127.460 Y101.840 E0.05238
G1 X126.310 Y101.840 E0.04016
G1 X124.070 Y101.840 E0.07823
G1 X122.570 Y101.840 E0.05238
G1 X121.620 Y101.840 E0.03318
G1 X119.770 Y101.840 E0.06461
G1 X118.470 Y101.840 E0.04540
G1 X116.420 Y101.840 E0.07159
G1 X115.620 Y101.840 E0.02794
G1 X114.470 Y101.840 E0.04016
G1 X112.970 Y101.840 E0.05238
G1 X111.820 Y101.840 E0.04016
G1 X109.580 Y101.840 E0.07823
G1 X108.080 Y101.840 E0.05238
G1 X107.130 Y101.840 E0.03318
G1 X105.280 Y101.840 E0.06461
G1 X103.980 Y101.840 E0.04540
G1 X101.930 Y101.840 E0.07159
G1 X101.130 Y101.840 E0.02794
G1 X99.980 Y101.840 E0.04016
G1 X98.480 Y101.840 E0.05238
G1 X97.330 Y101.840 E0.04016
G1 X95.090 Y101.840 E0.07823
G1 X93.590 Y101.840 E0.05238
G1 X92.640 Y101.840 E0.03318
G1 X91.040 Y101.840 E0.05588
G1 X91.040 Y104.240 E0.08382
G1 X92.190 Y104.240 E0.04016
G1 X94.430 Y104.240 E0.07823
G1 X95.930 Y104.240 E0.05238
G1 X96.880 Y104.240 E0.03318
G1 X98.730 Y104.240 E0.06461
G1 X100.030 Y104.240 E0.04540
G1 X102.080 Y104.240 E0.07159
G1 X102.880 Y104.240 E0.02794
G1 X104.030 Y104.240 E0.04016
G1 X105.530 Y104.240 E0.05238
G1 X106.680 Y104.240 E0.04016
G1 X108.920 Y104.240 E0.07823
G1 X110.420 Y104.240 E0.05238
G1 X111.370 Y104.240 E0.03318
G1 X113.220 Y104.240 E0.06461
G1 X114.520 Y104.240 E0.04540
G1 X116.570 Y104.240 E0.07159
G1 X117.370 Y104.240 E0.02794
G1 X118.520 Y104.240 E0.04016
G1 X120.020 Y104.240 E0.05238
G1 X121.170 Y104.240 E0.04016
G1 X123.410 Y104.240 E0.07823
G1 X124.910 Y104.240 E0.05238
G1 X125.860 Y104.240 E0.03318
G1 X127.710 Y104.240 E0.06461
G1 X128.960 Y104.240 E0.04365
G1 X128.960 Y106.640 E0.08382
G1 X126.720 Y106.640 E0.07823
G1 X125.220 Y106.640 E0.05238
G1 X124.270 Y106.640 E0.03318
G1 X122.420 Y106.640 E0.06461
G1 X121.120 Y106.640 E0.04540
G1 X119.070 Y106.640 E0.07159
G1 X118.270 Y106.640 E0.02794
G1 X117.120 Y106.640 E0.04016
G1 X115.620 Y106.640 E0.05238
G1 X114.470 Y106.640 E0.04016
G1 X112.230 Y106.640 E0.07823
G1 X110.730 Y106.640 E0.05238
G1 X109.780 Y106.640 E0.03318
G1 X107.930 Y106.640 E0.06461
G1 X106.630 Y106.640 E0.04540
G1 X104.580 Y106.640 E0.07159
G1 X103.780 Y106.640 E0.02794
G1 X102.630 Y106.640 E0.04016
G1 X101.130 Y106.640 E0.05238
G1 X99.980 Y106.640 E0.04016
G1 X97.740 Y106.640 E0.07823
G1 X96.240 Y106.640 E0.05238
G1 X95.290 Y106.640 E0.03318
G1 X93.440 Y106.640 E0.06461
G1 X92.140 Y106.640 E0.04540
G1 X91.040 Y106.640 E0.03842
G1 X91.040 Y109.040 E0.08382
G1 X92.540 Y109.040 E0.05238
G1 X93.490 Y109.040 E0.03318
G1 X95.340 Y109.040 E0.06461
G1 X96.640 Y109.040 E0.04540
G1 X98.690 Y109.040 E0.07159
G1 X99.490 Y109.040 E0.02794
G1 X100.640 Y109.040 E0.04016
G1 X102.140 Y109.040 E0.05238
G1 X103.290 Y109.040 E0.04016
G1 X105.530 Y109.040 E0.07823
G1 X107.030 Y109.040 E0.05238
G1 X107.980 Y109.040 E0.03318
G1 X109.830 Y109.040 E0.06461
G1 X111.130 Y109.040 E0.04540
G1 X113.180 Y109.040 E0.07159
G1 X113.980 Y109.040 E0.02794
G1 X115.130 Y109.040 E0.04016
G1 X116.630 Y109.040 E0.05238
G1 X117.780 Y109.040 E0.04016
G1 X120.020 Y109.040 E0.07823
G1 X121.520 Y109.040 E0.05238
G1 X122.470 Y109.040 E0.03318
G1 X124.320 Y109.040 E0.06461
G1 X125.620 Y109.040 E0.04540
G1 X127.670 Y109.040 E0.07159
G1 X128.470 Y109.040 E0.02794
G1 X128.960 Y109.040 E0.01711
G1 X128.960 Y111.440 E0.08382
G1 X128.010 Y111.440 E0.03318
G1 X126.160 Y111.440 E0.06461
G1 X124.860 Y111.440 E0.04540
G1 X122.810 Y111.440 E0.07159
G1 X122.010 Y111.440 E0.02794
G1 X120.860 Y111.440 E0.04016
G1 X119.360 Y111.440 E0.05238
G1 X118.210 Y111.440 E0.04016
G1 X115.970 Y111.440 E0.07823
G1 X114.470 Y111.440 E0.05238
G1 X113.520 Y111.440 E0.03318
G1 X111.670 Y111.440 E0.06461
G1 X110.370 Y111.440 E0.04540
G1 X108.320 Y111.440 E0.07159
G1 X107.520 Y111.440 E0.02794
G1 X106.370 Y111.440 E0.04016
G1 X104.870 Y111.440 E0.05238
G1 X103.720 Y111.440 E0.04016
G1 X101.480 Y111.440 E0.07823
G1 X99.980 Y111.440 E0.05238
G1 X99.030 Y111.440 E0.03318
G1 X97.180 Y111.440 E0.06461
G1 X95.880 Y111.440 E0.04540
G1 X93.830 Y111.440 E0.07159
G1 X93.030 Y111.440 E0.02794
G1 X91.880 Y111.440 E0.04016
G1 X91.040 Y111.440 E0.02934
G1 X91.040 Y113.840 E0.08382
G1 X92.890 Y113.840 E0.06461
G1 X94.190 Y113.840 E0.04540
G1 X96.240 Y113.840 E0.07159
G1 X97.040 Y113.840 E0.02794
G1 X98.190 Y113.840 E0.04016
G1 X99.690 Y113.840 E0.05238
G1 X100.840 Y113.840 E0.04016
G1 X103.080 Y113.840 E0.07823
G1 X104.580 Y113.840 E0.05238
G1 X105.530 Y113.840 E0.03318
G1 X107.380 Y113.840 E0.06461
G1 X108.680 Y113.840 E0.04540
G1 X110.730 Y113.840 E0.07159
G1 X111.530 Y113.840 E0.02794
G1 X112.680 Y113.840 E0.04016
G1 X114.180 Y113.840 E0.05238
G1 X115.330 Y113.840 E0.04016
G1 X117.570 Y113.840 E0.07823
G1 X119.070 Y113.840 E0.05238
G1 X120.020 Y113.840 E0.03318
G1 X121.870 Y113.840 E0.06461
G1 X123.170 Y113.840 E0.04540
G1 X125.220 Y113.840 E0.07159
G1 X126.020 Y113.840 E0.02794
G1 X127.170 Y113.840 E0.04016
G1 X128.960 Y113.840 E0.06251
G1 X128.960 Y116.240 E0.08382
G1 X127.660 Y116.240 E0.04540
G1 X125.610 Y116.240 E0.07159
G1 X124.810 Y116.240 E0.02794
G1 X123.660 Y116.240 E0.04016
G1 X122.160 Y116.240 E0.05238
G1 X121.010 Y116.240 E0.04016
G1 X118.770 Y116.240 E0.07823
G1 X117.270 Y116.240 E0.05238
G1 X116.320 Y116.240 E0.03318
G1 X114.470 Y116.240 E0.06461
G1 X113.170 Y116.240 E0.04540
G1 X111.120 Y116.240 E0.07159
G1 X110.320 Y116.240 E0.02794
G1 X109.170 Y116.240 E0.04016
G1 X107.670 Y116.240 E0.05238
G1 X106.520 Y116.240 E0.04016
G1 X104.280 Y116.240 E0.07823
G1 X102.780 Y116.240 E0.05238
G1 X101.830 Y116.240 E0.03318
G1 X99.980 Y116.240 E0.06461
G1 X98.680 Y116.240 E0.04540
G1 X96.630 Y116.240 E0.07159
G1 X95.830 Y116.240 E0.02794
G1 X94.680 Y116.240 E0.04016
G1 X93.180 Y116.240 E0.05238
G1 X92.030 Y116.240 E0.04016
G1 X91.040 Y116.240 E0.03457
G1 X91.040 Y118.640 E0.08382
G1 X93.090 Y118.640 E0.07159
G1 X93.890 Y118.640 E0.02794
G1 X95.040 Y118.640 E0.04016
G1 X96.540 Y118.640 E0.05238
G1 X97.690 Y118.640 E0.04016
G1 X99.930 Y118.640 E0.07823
G1 X101.430 Y118.640 E0.05238
G1 X102.380 Y118.640 E0.03318
G1 X104.230 Y118.640 E0.06461
G1 X105.530 Y118.640 E0.04540
G1 X107.580 Y118.640 E0.07159
G1 X108.380 Y118.640 E0.02794
G1 X109.530 Y118.640 E0.04016
G1 X111.030 Y118.640 E0.05238
G1 X112.180 Y118.640 E0.04016
G1 X114.420 Y118.640 E0.07823
G1 X115.920 Y118.640 E0.05238
G1 X116.870 Y118.640 E0.03318
G1 X118.720 Y118.640 E0.06461
G1 X120.020 Y118.640 E0.04540
G1 X122.070 Y118.640 E0.07159
G1 X122.870 Y118.640 E0.02794
G1 X124.020 Y118.640 E0.04016
G1 X125.520 Y118.640 E0.05238
G1 X126.670 Y118.640 E0.04016
G1 X128.960 Y118.640 E0.07997
;LAYER_CHANGE
;Z:2.600
; CHANGE_LAYER
G1 Z2.600 F7200
;TYPE:Outer wall
G1 E-0.80000 F2100
G1 Z3.000 F9000
G1 X94.000 Y96.000
G1 Z2.600
G1 E0.80000 F2100
G1 X94.800 Y96.000 E0.02794 F1800
G1 X95.950 Y96.000 E0.04016
G1 X97.450 Y96.000 E0.05238
G1 X98.600 Y96.000 E0.04016
G1 X100.840 Y96.000 E0.07823
G1 X102.340 Y96.000 E0.05238
G1 X103.290 Y96.000 E0.03318
G1 X105.140 Y96.000 E0.06461
G1 X106.440 Y96.000 E0.04540
G1 X108.490 Y96.000 E0.07159
G1 X109.290 Y96.000 E0.02794
G1 X110.440 Y96.000 E0.04016
G1 X111.940 Y96.000 E0.05238
G1 X113.090 Y96.000 E0.04016
G1 X115.330 Y96.000 E0.07823
G1 X116.830 Y96.000 E0.05238
G1 X117.780 Y96.000 E0.03318
G1 X119.630 Y96.000 E0.06461
G1 X120.930 Y96.000 E0.04540
G1 X122.980 Y96.000 E0.07159
G1 X123.780 Y96.000 E0.02794
G1 X124.930 Y96.000 E0.04016
G1 X126.000 Y96.000 E0.03737
G1 X127.134 Y96.164 E0.04002
G1 X128.999 Y97.353 E0.07721
G1 X129.760 Y98.635 E0.05208
G1 X129.975 Y99.558 E0.03310
G1 X130.000 Y100.000 E0.01547
G1 X130.000 Y101.300 E0.04540
G1 X130.000 Y103.350 E0.07159
G1 X130.000 Y104.150 E0.02794
G1 X130.000 Y105.300 E0.04016
G1 X130.000 Y106.800 E0.05238
G1 X130.000 Y107.950 E0.04016
G1 X130.000 Y110.190 E0.07823
G1 X130.000 Y111.690 E0.05238
G1 X130.000 Y112.640 E0.03318
G1 X130.000 Y114.490 E0.06461
G1 X130.000 Y115.790 E0.04540
G1 X130.000 Y117.840 E0.07159
G1 X130.000 Y118.640 E0.02794
G1 X130.000 Y120.000 E0.04750
G1 X129.722 Y121.465 E0.05208
G1 X129.154 Y122.460 E0.04002
G1 X127.365 Y123.760 E0.07721
G1 X126.000 Y124.000 E0.04841
G1 X125.050 Y124.000 E0.03318
G1 X123.200 Y124.000 E0.06461
G1 X121.900 Y124.000 E0.04540
G1 X119.850 Y124.000 E0.07159
G1 X119.050 Y124.000 E0.02794
G1 X117.900 Y124.000 E0.04016
G1 X116.400 Y124.000 E0.05238
G1 X115.250 Y124.000 E0.04016
G1 X113.010 Y124.000 E0.07823
G1 X111.510 Y124.000 E0.05238
G1 X110.560 Y124.000 E0.03318
G1 X108.710 Y124.000 E0.06461
G1 X107.410 Y124.000 E0.04540
G1 X105.360 Y124.000 E0.07159
G1 X104.560 Y124.000 E0.02794
G1 X103.410 Y124.000 E0.04016
G1 X101.910 Y124.000 E0.05238
G1 X100.760 Y124.000 E0.04016
G1 X98.520 Y124.000 E0.07823
G1 X97.020 Y124.000 E0.05238
G1 X96.070 Y124.000 E0.03318
G1 X94.000 Y124.000 E0.07229
G1 X92.723 Y123.791 E0.04520
G1 X91.028 Y122.677 E0.07081
G1 X90.555 Y122.033 E0.02789
G1 X90.120 Y120.973 E0.04002
G1 X90.000 Y120.000 E0.03425
G1 X90.000 Y118.850 E0.04016
G1 X90.000 Y116.610 E0.07823
G1 X90.000 Y115.110 E0.05238
G1 X90.000 Y114.160 E0.03318
G1 X90.000 Y112.310 E0.06461
G1 X90.000 Y111.010 E0.04540
G1 X90.000 Y108.960 E0.07159
G1 X90.000 Y108.160 E0.02794
G1 X90.000 Y107.010 E0.04016
G1 X90.000 Y105.510 E0.05238
G1 X90.000 Y104.360 E0.04016
G1 X90.000 Y102.120 E0.07823
G1 X90.000 Y100.620 E0.05238
G1 X90.000 Y100.000 E0.02165
G1 X90.420 Y98.215 E0.06403
G1 X91.178 Y97.166 E0.04520
G1 X92.930 Y96.146 E0.07081
G1 X94.000 Y96.000 E0.03771
;TYPE:Inner wall
G1 X94.000 Y96.420 F9000
G1 X94.800 Y96.420 E0.02794 F1800
G1 X95.950 Y96.420 E0.04016
G1 X97.450 Y96.420 E0.05238
G1 X98.600 Y96.420 E0.04016
G1 X100.840 Y96.420 E0.07823
G1 X102.340 Y96.420 E0.05238
G1 X103.290 Y96.420 E0.03318
G1 X105.140 Y96.420 E0.06461
G1 X106.440 Y96.420 E0.04540
G1 X108.490 Y96.420 E0.07159
G1 X109.290 Y96.420 E0.02794
G1 X110.440 Y96.420 E0.04016
G1 X111.940 Y96.420 E0.05238
G1 X113.090 Y96.420 E0.04016
G1 X115.330 Y96.420 E0.07823
G1 X116.830 Y96.420 E0.05238
G1 X117.780 Y96.420 E0.03318
G1 X119.630 Y96.420 E0.06461
G1 X120.930 Y96.420 E0.04540
G1 X122.980 Y96.420 E0.07159
G1 X123.780 Y96.420 E0.02794
G1 X124.930 Y96.420 E0.04016
G1 X126.000 Y96.420 E0.03737
G1 X127.130 Y96.603 E0.03999
G1 X128.906 Y97.909 E0.07696
G1 X129.505 Y99.272 E0.05200
G1 X129.580 Y100.000 E0.02557
G1 X129.580 Y101.850 E0.06461
G1 X129.580 Y103.150 E0.04540
G1 X129.580 Y105.200 E0.07159
G1 X129.580 Y106.000 E0.02794
G1 X129.580 Y107.150 E0.04016
G1 X129.580 Y108.650 E0.05238
G1 X129.580 Y109.800 E0.04016
G1 X129.580 Y112.040 E0.07823
G1 X129.580 Y113.540 E0.05238
G1 X129.580 Y114.490 E0.03318
G1 X129.580 Y116.340 E0.06461
G1 X129.580 Y117.640 E0.04540
G1 X129.580 Y119.690 E0.07159
G1 X129.580 Y120.000 E0.01083
G1 X129.397 Y121.130 E0.03999
G1 X128.643 Y122.415 E0.05200
G1 X127.746 Y123.126 E0.03999
G1 X126.000 Y123.580 E0.06299
G1 X124.500 Y123.580 E0.05238
G1 X123.550 Y123.580 E0.03318
G1 X121.700 Y123.580 E0.06461
G1 X120.400 Y123.580 E0.04540
G1 X118.350 Y123.580 E0.07159
G1 X117.550 Y123.580 E0.02794
G1 X116.400 Y123.580 E0.04016
G1 X114.900 Y123.580 E0.05238
G1 X113.750 Y123.580 E0.04016
G1 X111.510 Y123.580 E0.07823
G1 X110.010 Y123.580 E0.05238
G1 X109.060 Y123.580 E0.03318
G1 X107.210 Y123.580 E0.06461
G1 X105.910 Y123.580 E0.04540
G1 X103.860 Y123.580 E0.07159
G1 X103.060 Y123.580 E0.02794
G1 X101.910 Y123.580 E0.04016
G1 X100.410 Y123.580 E0.05238
G1 X99.260 Y123.580 E0.04016
G1 X97.020 Y123.580 E0.07823
G1 X95.520 Y123.580 E0.05238
G1 X94.570 Y123.580 E0.03318
G1 X94.000 Y123.580 E0.01991
G1 X92.728 Y123.347 E0.04515
G1 X91.118 Y122.124 E0.07062
G1 X90.719 Y121.432 E0.02788
G1 X90.435 Y120.323 E0.03999
G1 X90.420 Y120.000 E0.01129
G1 X90.420 Y118.850 E0.04016
G1 X90.420 Y116.610 E0.07823
G1 X90.420 Y115.110 E0.05238
G1 X90.420 Y114.160 E0.03318
G1 X90.420 Y112.310 E0.06461
G1 X90.420 Y111.010 E0.04540
G1 X90.420 Y108.960 E0.07159
G1 X90.420 Y108.160 E0.02794
G1 X90.420 Y107.010 E0.04016
G1 X90.420 Y105.510 E0.05238
G1 X90.420 Y104.360 E0.04016
G1 X90.420 Y102.120 E0.07823
G1 X90.420 Y100.620 E0.05238
G1 X90.420 Y100.000 E0.02165
G1 X90.887 Y98.231 E0.06389
G1 X91.719 Y97.241 E0.04515
G1 X93.578 Y96.445 E0.07062
G1 X94.000 Y96.420 E0.01478
;TYPE:Sparse infill
G1 E-0.80000 F2100
G1 Z3.000 F9000
G1 X91.040 Y97.040
G1 Z2.600
G1 E0.80000 F2100
G1 X91.840 Y97.040 E0.02794 F2400
G1 X92.990 Y97.040 E0.04016
G1 X94.490 Y97.040 E0.05238
G1 X95.640 Y97.040 E0.04016
G1 X97.880 Y97.040 E0.07823
G1 X99.380 Y97.040 E0.05238
G1 X100.330 Y97.040 E0.03318
G1 X102.180 Y97.040 E0.06461
G1 X103.480 Y97.040 E0.04540
G1 X105.530 Y97.040 E0.07159
G1 X106.330 Y97.040 E0.02794
G1 X107.480 Y97.040 E0.04016
G1 X108.980 Y97.040 E0.05238
G1 X110.130 Y97.040 E0.04016
G1 X112.370 Y97.040 E0.07823
G1 X113.870 Y97.040 E0.05238
G1 X114.820 Y97.040 E0.03318
G1 X116.670 Y97.040 E0.06461
G1 X117.970 Y97.040 E0.04540
G1 X120.020 Y97.040 E0.07159
G1 X120.820 Y97.040 E0.02794
G1 X121.970 Y97.040 E0.04016
G1 X123.470 Y97.040 E0.05238
G1 X124.620 Y97.040 E0.04016
G1 X126.860 Y97.040 E0.07823
G1 X128.360 Y97.040 E0.05238
G1 X128.960 Y97.040 E0.02095
G1 X128.960 Y99.440 E0.08382
G1 X127.810 Y99.440 E0.04016
G1 X126.310 Y99.440 E0.05238
G1 X125.160 Y99.440 E0.04016
G1 X122.920 Y99.440 E0.07823
G1 X121.420 Y99.440 E0.05238
G1 X120.470 Y99.440 E0.03318
G1 X118.620 Y99.440 E0.06461
G1 X117.320 Y99.440 E0.04540
G1 X115.270 Y99.440 E0.07159
G1 X114.470 Y99.440 E0.02794
G1 X113.320 Y99.440 E0.04016
G1 X111.820 Y99.440 E0.05238
G1 X110.670 Y99.440 E0.04016
G1 X108.430 Y99.440 E0.07823
G1 X106.930 Y99.440 E0.05238
G1 X105.980 Y99.440 E0.03318
G1 X104.130 Y99.440 E0.06461
G1 X102.830 Y99.440 E0.04540
G1 X100.780 Y99.440 E0.07159
G1 X99.980 Y99.440 E0.02794
G1 X98.830 Y99.440 E0.04016
G1 X97.330 Y99.440 E0.05238
G1 X96.180 Y99.440 E0.04016
G1 X93.940 Y99.440 E0.07823
G1 X92.440 Y99.440 E0.05238
G1 X91.490 Y99.440 E0.03318
G1 X91.040 Y99.440 E0.01572
G1 X91.040 Y101.840 E0.08382
G1 X92.540 Y101.840 E0.05238
G1 X93.690 Y101.840 E0.04016
G1 X95.930 Y101.840 E0.07823
G1 X97.430 Y101.840 E0.05238
G1 X98.380 Y101.840 E0.03318
G1 X100.230 Y101.840 E0.06461
G1 X101.530 Y101.840 E0.04540
G1 X103.580 Y101.840 E0.07159
G1 X104.380 Y101.840 E0.02794
G1 X105.530 Y101.840 E0.04016
G1 X107.030 Y101.840 E0.05238
G1 X108.180 Y101.840 E0.04016
G1 X110.420 Y101.840 E0.07823
G1 X111.920 Y101.840 E0.05238
G1 X112.870 Y101.840 E0.03318
G1 X114.720 Y101.840 E0.06461
G1 X116.020 Y101.840 E0.04540
G1 X118.070 Y101.840 E0.07159
G1 X118.870 Y101.840 E0.02794
G1 X120.020 Y101.840 E0.04016
G1 X121.520 Y101.840 E0.05238
G1 X122.670 Y101.840 E0.04016
G1 X124.910 Y101.840 E0.07823
G1 X126.410 Y101.840 E0.05238
G1 X127.360 Y101.840 E0.03318
G1 X128.960 Y101.840 E0.05588
G1 X128.960 Y104.240 E0.08382
G1 X127.810 Y104.240 E0.04016
G1 X125.570 Y104.240 E0.07823
G1 X124.070 Y104.240 E0.05238
G1 X123.120 Y104.240 E0.03318
G1 X121.270 Y104.240 E0.06461
G1 X119.970 Y104.240 E0.04540
G1 X117.920 Y104.240 E0.07159
G1 X117.120 Y104.240 E0.02794
G1 X115.970 Y104.240 E0.04016
G1 X114.470 Y104.240 E0.05238
G1 X113.320 Y104.240 E0.04016
G1 X111.080 Y104.240 E0.07823
G1 X109.580 Y104.240 E0.05238
G1 X108.630 Y104.240 E0.03318
G1 X106.780 Y104.240 E0.06461
G1 X105.480 Y104.240 E0.04540
G1 X103.430 Y104.240 E0.07159
G1 X102.630 Y104.240 E0.02794
G1 X101.480 Y104.240 E0.04016
G1 X99.980 Y104.240 E0.05238
G1 X98.830 Y104.240 E0.04016
G1 X96.590 Y104.240 E0.07823
G1 X95.090 Y104.240 E0.05238
G1 X94.140 Y104.240 E0.03318
G1 X92.290 Y104.240 E0.06461
G1 X91.040 Y104.240 E0.04365
G1 X91.040 Y106.640 E0.08382
G1 X93.280 Y106.640 E0.07823
G1 X94.780 Y106.640 E0.05238
G1 X95.730 Y106.640 E0.03318
G1 X97.580 Y106.640 E0.06461
G1 X98.880 Y106.640 E0.04540
G1 X100.930 Y106.640 E0.07159
G1 X101.730 Y106.640 E0.02794
G1 X102.880 Y106.640 E0.04016
G1 X104.380 Y106.640 E0.05238
G1 X105.530 Y106.640 E0.04016
G1 X107.770 Y106.640 E0.07823
G1 X109.270 Y106.640 E0.05238
G1 X110.220 Y106.640 E0.03318
G1 X112.070 Y106.640 E0.06461
G1 X113.370 Y106.640 E0.04540
G1 X115.420 Y106.640 E0.07159
G1 X116.220 Y106.640 E0.02794
G1 X117.370 Y106.640 E0.04016
G1 X118.870 Y106.640 E0.05238
G1 X120.020 Y106.640 E0.04016
G1 X122.260 Y106.640 E0.07823
G1 X123.760 Y106.640 E0.05238
G1 X124.710 Y106.640 E0.03318
G1 X126.560 Y106.640 E0.06461
G1 X127.860 Y106.640 E0.04540
G1 X128.960 Y106.640 E0.03842
G1 X128.960 Y109.040 E0.08382
G1 X127.460 Y109.040 E0.05238
G1 X126.510 Y109.040 E0.03318
G1 X124.660 Y109.040 E0.06461
G1 X123.360 Y109.040 E0.04540
G1 X121.310 Y109.040 E0.07159
G1 X120.510 Y109.040 E0.02794
G1 X119.360 Y109.040 E0.04016
G1 X117.860 Y109.040 E0.05238
G1 X116.710 Y109.040 E0.04016
G1 X114.470 Y109.040 E0.07823
G1 X112.970 Y109.040 E0.05238
G1 X112.020 Y109.040 E0.03318
G1 X110.170 Y109.040 E0.06461
G1 X108.870 Y109.040 E0.04540
G1 X106.820 Y109.040 E0.07159
G1 X106.020 Y109.040 E0.02794
G1 X104.870 Y109.040 E0.04016
G1 X103.370 Y109.040 E0.05238
G1 X102.220 Y109.040 E0.04016
G1 X99.980 Y109.040 E0.07823
G1 X98.480 Y109.040 E0.05238
G1 X97.530 Y109.040 E0.03318
G1 X95.680 Y109.040 E0.06461
G1 X94.380 Y109.040 E0.04540
G1 X92.330 Y109.040 E0.07159
G1 X91.530 Y109.040 E0.02794
G1 X91.040 Y109.040 E0.01711
G1 X91.040 Y111.440 E0.08382
G1 X91.990 Y111.440 E0.03318
G1 X93.840 Y111.440 E0.06461
G1 X95.140 Y111.440 E0.04540
G1 X97.190 Y111.440 E0.07159
G1 X97.990 Y111.440 E0.02794
G1 X99.140 Y111.440 E0.04016
G1 X100.640 Y111.440 E0.05238
G1 X101.790 Y111.440 E0.04016
G1 X104.030 Y111.440 E0.07823
G1 X105.530 Y111.440 E0.05238
G1 X106.480 Y111.440 E0.03318
G1 X108.330 Y111.440 E0.06461
G1 X109.630 Y111.440 E0.04540
G1 X111.680 Y111.440 E0.07159
G1 X112.480 Y111.440 E0.02794
G1 X113.630 Y111.440 E0.04016
G1 X115.130 Y111.440 E0.05238
G1 X116.280 Y111.440 E0.04016
G1 X118.520 Y111.440 E0.07823
G1 X120.020 Y111.440 E0.05238
G1 X120.970 Y111.440 E0.03318
G1 X122.820 Y111.440 E0.06461
G1 X124.120 Y111.440 E0.04540
G1 X126.170 Y111.440 E0.07159
G1 X126.970 Y111.440 E0.02794
G1 X128.120 Y111.440 E0.04016
G1 X128.960 Y111.440 E0.02934
G1 X128.960 Y113.840 E0.08382
G1 X127.110 Y113.840 E0.06461
G1 X125.810 Y113.840 E0.04540
G1 X123.760 Y113.840 E0.07159
G1 X122.960 Y113.840 E0.02794
G1 X121.810 Y113.840 E0.04016
G1 X120.310 Y113.840 E0.05238
G1 X119.160 Y113.840 E0.04016
G1 X116.920 Y113.840 E0.07823
G1 X115.420 Y113.840 E0.05238
G1 X114.470 Y113.840 E0.03318
G1 X112.620 Y113.840 E0.06461
G1 X111.320 Y113.840 E0.04540
G1 X109.270 Y113.840 E0.07159
G1 X108.470 Y113.840 E0.02794
G1 X107.320 Y113.840 E0.04016
G1 X105.820 Y113.840 E0.05238
G1 X104.670 Y113.840 E0.04016
G1 X102.430 Y113.840 E0.07823
G1 X100.930 Y113.840 E0.05238
G1 X99.980 Y113.840 E0.03318
G1 X98.130 Y113.840 E0.06461
G1 X96.830 Y113.840 E0.04540
G1 X94.780 Y113.840 E0.07159
G1 X93.980 Y113.840 E0.02794
G1 X92.830 Y113.840 E0.04016
G1 X91.040 Y113.840 E0.06251
G1 X91.040 Y116.240 E0.08382
G1 X92.340 Y116.240 E0.04540
G1 X94.390 Y116.240 E0.07159
G1 X95.190 Y116.240 E0.02794
G1 X96.340 Y116.240 E0.04016
G1 X97.840 Y116.240 E0.05238
G1 X98.990 Y116.240 E0.04016
G1 X101.230 Y116.240 E0.07823
G1 X102.730 Y116.240 E0.05238
G1 X103.680 Y116.240 E0.03318
G1 X105.530 Y116.240 E0.06461
G1 X106.830 Y116.240 E0.04540
G1 X108.880 Y116.240 E0.07159
G1 X109.680 Y116.240 E0.02794
G1 X110.830 Y116.240 E0.04016
G1 X112.330 Y116.240 E0.05238
G1 X113.480 Y116.240 E0.04016
G1 X115.720 Y116.240 E0.07823
G1 X117.220 Y116.240 E0.05238
G1 X118.170 Y116.240 E0.03318
G1 X120.020 Y116.240 E0.06461
G1 X121.320 Y116.240 E0.04540
G1 X123.370 Y116.240 E0.07159
G1 X124.170 Y116.240 E0.02794
G1 X125.320 Y116.240 E0.04016
G1 X126.820 Y116.240 E0.05238
G1 X127.970 Y116.240 E0.04016
G1 X128.960 Y116.240 E0.03457
G1 X128.960 Y118.640 E0.08382
G1 X126.910 Y118.640 E0.07159
G1 X126.110 Y118.640 E0.02794
G1 X124.960 Y118.640 E0.04016
G1 X123.460 Y118.640 E0.05238
G1 X122.310 Y118.640 E0.04016
G1 X120.070 Y118.640 E0.07823
G1 X118.570 Y118.640 E0.05238
G1 X117.620 Y118.640 E0.03318
G1 X115.770 Y118.640 E0.06461
G1 X114.470 Y118.640 E0.04540
G1 X112.420 Y118.640 E0.07159
G1 X111.620 Y118.640 E0.02794
G1 X110.470 Y118.640 E0.04016
G1 X108.970 Y118.640 E0.05238
G1 X107.820 Y118.640 E0.04016
G1 X105.580 Y118.640 E0.07823
G1 X104.080 Y118.640 E0.05238
G1 X103.130 Y118.640 E0.03318
G1 X101.280 Y118.640 E0.06461
G1 X99.980 Y118.640 E0.04540
G1 X97.930 Y118.640 E0.07159
G1 X97.130 Y118.640 E0.02794
G1 X95.980 Y118.640 E0.04016
G1 X94.480 Y118.640 E0.05238
G1 X93.330 Y118.640 E0.04016
G1 X91.040 Y118.640 E0.07997
;LAYER_CHANGE
;Z:2.800
; CHANGE_LAYER
G1 Z2.800 F7200
;TYPE:Outer wall
G1 E-0.80000 F2100
G1 Z3.200 F9000
G1 X94.000 Y96.000
G1 Z2.800
G1 E0.80000 F2100
G1 X94.800 Y96.000 E0.02794 F1800
G1 X95.950 Y96.000 E0.04016
G1 X97.450 Y96.000 E0.05238
G1 X98.600 Y96.000 E0.04016
G1 X100.840 Y96.000 E0.07823
G1 X102.340 Y96.000 E0.05238
G1 X103.290 Y96.000 E0.03318
G1 X105.140 Y96.000 E0.06461
G1 X106.440 Y96.000 E0.04540
G1 X108.490 Y96.000 E0.07159
G1 X109.290 Y96.000 E0.02794
G1 X110.440 Y96.000 E0.04016
G1 X111.940 Y96.000 E0.05238
G1 X113.090 Y96.000 E0.04016
G1 X115.330 Y96.000 E0.07823
G1 X116.830 Y96.000 E0.05238
G1 X117.780 Y96.000 E0.03318
G1 X119.630 Y96.000 E0.06461
G1 X120.930 Y96.000 E0.04540
G1 X122.980 Y96.000 E0.07159
G1 X123.780 Y96.000 E0.02794
G1 X124.930 Y96.000 E0.04016
G1 X126.000 Y96.000 E0.03737
G1 X127.134 Y96.164 E0.04002
G1 X128.999 Y97.353 E0.07721
G1 X129.760 Y98.635 E0.05208
G1 X129.975 Y99.558 E0.03310
G1 X130.000 Y100.000 E0.01547
G1 X130.000 Y101.300 E0.04540
G1 X130.000 Y103.350 E0.07159
G1 X130.000 Y104.150 E0.02794
G1 X130.000 Y105.300 E0.04016
G1 X130.000 Y106.800 E0.05238
G1 X130.000 Y107.950 E0.04016
G1 X130.000 Y110.190 E0.07823
G1 X130.000 Y111.690 E0.05238
G1 X130.000 Y112.640 E0.03318
G1 X130.000 Y114.490 E0.06461
G1 X130.000 Y115.790 E0.04540
G1 X130.000 Y117.840 E0.07159
G1 X130.000 Y118.640 E0.02794
G1 X130.000 Y120.000 E0.04750
G1 X129.722 Y121.465 E0.05208
G1 X129.154 Y122.460 E0.04002
G1 X127.365 Y123.760 E0.07721
G1 X126.000 Y124.000 E0.04841
G1 X125.050 Y124.000 E0.03318
G1 X123.200 Y124.000 E0.06461
G1 X121.900 Y124.000 E0.04540
G1 X119.850 Y124.000 E0.07159
G1 X119.050 Y124.000 E0.02794
G1 X117.900 Y124.000 E0.04016
G1 X116.400 Y124.000 E0.05238
G1 X115.250 Y124.000 E0.04016
G1 X113.010 Y124.000 E0.07823
G1 X111.510 Y124.000 E0.05238
G1 X110.560 Y124.000 E0.03318
G1 X108.710 Y124.000 E0.06461
G1 X107.410 Y124.000 E0.04540
G1 X105.360 Y124.000 E0.07159
G1 X104.560 Y124.000 E0.02794
G1 X103.410 Y124.000 E0.04016
G1 X101.910 Y124.000 E0.05238
G1 X100.760 Y124.000 E0.04016
G1 X98.520 Y124.000 E0.07823
G1 X97.020 Y124.000 E0.05238
G1 X96.070 Y124.000 E0.03318
G1 X94.000 Y124.000 E0.07229
G1 X92.723 Y123.791 E0.04520
G1 X91.028 Y122.677 E0.07081
G1 X90.555 Y122.033 E0.02789
G1 X90.120 Y120.973 E0.04002
G1 X90.000 Y120.000 E0.03425
G1 X90.000 Y118.850 E0.04016
G1 X90.000 Y116.610 E0.07823
G1 X90.000 Y115.110 E0.05238
G1 X90.000 Y114.160 E0.03318
G1 X90.000 Y112.310 E0.06461
G1 X90.000 Y111.010 E0.04540
G1 X90.000 Y108.960 E0.07159
G1 X90.000 Y108.160 E0.02794
G1 X90.000 Y107.010 E0.04016
G1 X90.000 Y105.510 E0.05238
G1 X90.000 Y104.360 E0.04016
G1 X90.000 Y102.120 E0.07823
G1 X90.000 Y100.620 E0.05238
G1 X90.000 Y100.000 E0.02165
G1 X90.420 Y98.215 E0.06403
G1 X91.178 Y97.166 E0.04520
G1 X92.930 Y96.146 E0.07081
G1 X94.000 Y96.000 E0.03771
;TYPE:Inner wall
G1 X94.000 Y96.420 F9000
G1 X94.800 Y96.420 E0.02794 F1800
G1 X95.950 Y96.420 E0.04016
G1 X97.450 Y96.420 E0.05238
G1 X98.600 Y96.420 E0.04016
G1 X100.840 Y96.420 E0.07823
G1 X102.340 Y96.420 E0.05238
G1 X103.290 Y96.420 E0.03318
G1 X105.140 Y96.420 E0.06461
G1 X106.440 Y96.420 E0.04540
G1 X108.490 Y96.420 E0.07159
G1 X109.290 Y96.420 E0.02794
G1 X110.440 Y96.420 E0.04016
G1 X111.940 Y96.420 E0.05238
G1 X113.090 Y96.420 E0.04016
G1 X115.330 Y96.420 E0.07823
G1 X116.830 Y96.420 E0.05238
G1 X117.780 Y96.420 E0.03318
G1 X119.630 Y96.420 E0.06461
G1 X120.930 Y96.420 E0.04540
G1 X122.980 Y96.420 E0.07159
G1 X123.780 Y96.420 E0.02794
G1 X124.930 Y96.420 E0.04016
G1 X126.000 Y96.420 E0.03737
G1 X127.130 Y96.603 E0.03999
G1 X128.906 Y97.909 E0.07696
G1 X129.505 Y99.272 E0.05200
G1 X129.580 Y100.000 E0.02557
G1 X129.580 Y101.850 E0.06461
G1 X129.580 Y103.150 E0.04540
G1 X129.580 Y105.200 E0.07159
G1 X129.580 Y106.000 E0.02794
G1 X129.580 Y107.150 E0.04016
G1 X129.580 Y108.650 E0.05238
G1 X129.580 Y109.800 E0.04016
G1 X129.580 Y112.040 E0.07823
G1 X129.580 Y113.540 E0.05238
G1 X129.580 Y114.490 E0.03318
G1 X129.580 Y116.340 E0.06461
G1 X129.580 Y117.640 E0.04540
G1 X129.580 Y119.690 E0.07159
G1 X129.580 Y120.000 E0.01083
G1 X129.397 Y121.130 E0.03999
G1 X128.643 Y122.415 E0.05200
G1 X127.746 Y123.126 E0.03999
G1 X126.000 Y123.580 E0.06299
G1 X124.500 Y123.580 E0.05238
G1 X123.550 Y123.580 E0.03318
G1 X121.700 Y123.580 E0.06461
G1 X120.400 Y123.580 E0.04540
G1 X118.350 Y123.580 E0.07159
G1 X117.550 Y123.580 E0.02794
G1 X116.400 Y123.580 E0.04016
G1 X114.900 Y123.580 E0.05238
G1 X113.750 Y123.580 E0.04016
G1 X111.510 Y123.580 E0.07823
G1 X110.010 Y123.580 E0.05238
G1 X109.060 Y123.580 E0.03318
G1 X107.210 Y123.580 E0.06461
G1 X105.910 Y123.580 E0.04540
G1 X103.860 Y123.580 E0.07159
G1 X103.060 Y123.580 E0.02794
G1 X101.910 Y123.580 E0.04016
G1 X100.410 Y123.580 E0.05238
G1 X99.260 Y123.580 E0.04016
G1 X97.020 Y123.580 E0.07823
G1 X95.520 Y123.580 E0.05238
G1 X94.570 Y123.580 E0.03318
G1 X94.000 Y123.580 E0.01991
G1 X92.728 Y123.347 E0.04515
G1 X91.118 Y122.124 E0.07062
G1 X90.719 Y121.432 E0.02788
G1 X90.435 Y120.323 E0.03999
G1 X90.420 Y120.000 E0.01129
G1 X90.420 Y118.850 E0.04016
G1 X90.420 Y116.610 E0.07823
G1 X90.420 Y115.110 E0.05238
G1 X90.420 Y114.160 E0.03318
G1 X90.420 Y112.310 E0.06461
G1 X90.420 Y111.010 E0.04540
G1 X90.420 Y108.960 E0.07159
G1 X90.420 Y108.160 E0.02794
G1 X90.420 Y107.010 E0.04016
G1 X90.420 Y105.510 E0.05238
G1 X90.420 Y104.360 E0.04016
G1 X90.420 Y102.120 E0.07823
G1 X90.420 Y100.620 E0.05238
G1 X90.420 Y100.000 E0.02165
G1 X90.887 Y98.231 E0.06389
G1 X91.719 Y97.241 E0.04515
G1 X93.578 Y96.445 E0.07062
G1 X94.000 Y96.420 E0.01478
;TYPE:Sparse infill
G1 E-0.80000 F2100
G1 Z3.200 F9000
G1 X128.960 Y97.040
G1 Z2.800
G1 E0.80000 F2100
G1 X128.160 Y97.040 E0.02794 F2400
G1 X127.010 Y97.040 E0.04016
G1 X125.510 Y97.040 E0.05238
G1 X124.360 Y97.040 E0.04016
G1 X122.120 Y97.040 E0.07823
G1 X120.620 Y97.040 E0.05238
G1 X119.670 Y97.040 E0.03318
G1 X117.820 Y97.040 E0.06461
G1 X116.520 Y97.040 E0.04540
G1 X114.470 Y97.040 E0.07159
G1 X113.670 Y97.040 E0.02794
G1 X112.520 Y97.040 E0.04016
G1 X111.020 Y97.040 E0.05238
G1 X109.870 Y97.040 E0.04016
G1 X107.630 Y97.040 E0.07823
G1 X106.130 Y97.040 E0.05238
G1 X105.180 Y97.040 E0.03318
G1 X103.330 Y97.040 E0.06461
G1 X102.030 Y97.040 E0.04540
G1 X99.980 Y97.040 E0.07159
G1 X99.180 Y97.040 E0.02794
G1 X98.030 Y97.040 E0.04016
G1 X96.530 Y97.040 E0.05238
G1 X95.380 Y97.040 E0.04016
G1 X93.140 Y97.040 E0.07823
G1 X91.640 Y97.040 E0.05238
G1 X91.040 Y97.040 E0.02095
G1 X91.040 Y99.440 E0.08382
G1 X92.190 Y99.440 E0.04016
G1 X93.690 Y99.440 E0.05238
G1 X94.840 Y99.440 E0.04016
G1 X97.080 Y99.440 E0.07823
G1 X98.580 Y99.440 E0.05238
G1 X99.530 Y99.440 E0.03318
G1 X101.380 Y99.440 E0.06461
G1 X102.680 Y99.440 E0.04540
G1 X104.730 Y99.440 E0.07159
G1 X105.530 Y99.440 E0.02794
G1 X106.680 Y99.440 E0.04016
G1 X108.180 Y99.440 E0.05238
G1 X109.330 Y99.440 E0.04016
G1 X111.570 Y99.440 E0.07823
G1 X113.070 Y99.440 E0.05238
G1 X114.020 Y99.440 E0.03318
G1 X115.870 Y99.440 E0.06461
G1 X117.170 Y99.440 E0.04540
G1 X119.220 Y99.440 E0.07159
G1 X120.020 Y99.440 E0.02794
G1 X121.170 Y99.440 E0.04016
G1 X122.670 Y99.440 E0.05238
G1 X123.820 Y99.440 E0.04016
G1 X126.060 Y99.440 E0.07823
G1 X127.560 Y99.440 E0.05238
G1 X128.510 Y99.440 E0.03318
G1 X128.960 Y99.440 E0.01572
G1 X128.960 Y101.840 E0.08382
G1 X127.460 Y101.840 E0.05238
G1 X126.310 Y101.840 E0.04016
G1 X124.070 Y101.840 E0.07823
G1 X122.570 Y101.840 E0.05238
G1 X121.620 Y101.840 E0.03318
G1 X119.770 Y101.840 E0.06461
G1 X118.470 Y101.840 E0.04540
G1 X116.420 Y101.840 E0.07159
G1 X115.620 Y101.840 E0.02794
G1 X114.470 Y101.840 E0.04016
G1 X112.970 Y101.840 E0.05238
G1 X111.820 Y101.840 E0.04016
G1 X109.580 Y101.840 E0.07823
G1 X108.080 Y101.840 E0.05238
G1 X107.130 Y101.840 E0.03318
G1 X105.280 Y101.840 E0.06461
G1 X103.980 Y101.840 E0.04540
G1 X101.930 Y101.840 E0.07159
G1 X101.130 Y101.840 E0.02794
G1 X99.980 Y101.840 E0.04016
G1 X98.480 Y101.840 E0.05238
G1 X97.330 Y101.840 E0.04016
G1 X95.090 Y101.840 E0.07823
G1 X93.590 Y101.840 E0.05238
G1 X92.640 Y101.840 E0.03318
G1 X91.040 Y101.840 E0.05588
G1 X91.040 Y104.240 E0.08382
G1 X92.190 Y104.240 E0.04016
G1 X94.430 Y104.240 E0.07823
G1 X95.930 Y104.240 E0.05238
G1 X96.880 Y104.240 E0.03318
G1 X98.730 Y104.240 E0.06461
G1 X100.030 Y104.240 E0.04540
G1 X102.080 Y104.240 E0.07159
G1 X102.880 Y104.240 E0.02794
G1 X104.030 Y104.240 E0.04016
G1 X105.530 Y104.240 E0.05238
G1 X106.680 Y104.240 E0.04016
G1 X108.920 Y104.240 E0.07823
G1 X110.420 Y104.240 E0.05238
G1 X111.370 Y104.240 E0.03318
G1 X113.220 Y104.240 E0.06461
G1 X114.520 Y104.240 E0.04540
G1 X116.570 Y104.240 E0.07159
G1 X117.370 Y104.240 E0.02794
G1 X118.520 Y104.240 E0.04016
G1 X120.020 Y104.240 E0.05238
G1 X121.170 Y104.240 E0.04016
G1 X123.410 Y104.240 E0.07823
G1 X124.910 Y104.240 E0.05238
G1 X125.860 Y104.240 E0.03318
G1 X127.710 Y104.240 E0.06461
G1 X128.960 Y104.240 E0.04365
G1 X128.960 Y106.640 E0.08382
G1 X126.720 Y106.640 E0.07823
G1 X125.220 Y106.640 E0.05238
G1 X124.270 Y106.640 E0.03318
G1 X122.420 Y106.640 E0.06461
G1 X121.120 Y106.640 E0.04540
G1 X119.070 Y106.640 E0.07159
G1 X118.270 Y106.640 E0.02794
G1 X117.120 Y106.640 E0.04016
G1 X115.620 Y106.640 E0.05238
G1 X114.470 Y106.640 E0.04016
G1 X112.230 Y106.640 E0.07823
G1 X110.730 Y106.640 E0.05238
G1 X109.780 Y106.640 E0.03318
G1 X107.930 Y106.640 E0.06461
G1 X106.630 Y106.640 E0.04540
G1 X104.580 Y106.640 E0.07159
G1 X103.780 Y106.640 E0.02794
G1 X102.630 Y106.640 E0.04016
G1 X101.130 Y106.640 E0.05238
G1 X99.980 Y106.640 E0.04016
G1 X97.740 Y106.640 E0.07823
G1 X96.240 Y106.640 E0.05238
G1 X95.290 Y106.640 E0.03318
G1 X93.440 Y106.640 E0.06461
G1 X92.140 Y106.640 E0.04540
G1 X91.040 Y106.640 E0.03842
G1 X91.040 Y109.040 E0.08382
G1 X92.540 Y109.040 E0.05238
G1 X93.490 Y109.040 E0.03318
G1 X95.340 Y109.040 E0.06461
G1 X96.640 Y109.040 E0.04540
G1 X98.690 Y109.040 E0.07159
G1 X99.490 Y109.040 E0.02794
G1 X100.640 Y109.040 E0.04016
G1 X102.140 Y109.040 E0.05238
G1 X103.290 Y109.040 E0.04016
G1 X105.530 Y109.040 E0.07823
G1 X107.030 Y109.040 E0.05238
G1 X107.980 Y109.040 E0.03318
G1 X109.830 Y109.040 E0.06461
G1 X111.130 Y109.040 E0.04540
G1 X113.180 Y109.040 E0.07159
G1 X113.980 Y109.040 E0.02794
G1 X115.130 Y109.040 E0.04016
G1 X116.630 Y109.040 E0.05238
G1 X117.780 Y109.040 E0.04016
G1 X120.020 Y109.040 E0.07823
G1 X121.520 Y109.040 E0.05238
G1 X122.470 Y109.040 E0.03318
G1 X124.320 Y109.040 E0.06461
G1 X125.620 Y109.040 E0.04540
G1 X127.670 Y109.040 E0.07159
G1 X128.470 Y109.040 E0.02794
G1 X128.960 Y109.040 E0.01711
G1 X128.960 Y111.440 E0.08382
G1 X128.010 Y111.440 E0.03318
G1 X126.160 Y111.440 E0.06461
G1 X124.860 Y111.440 E0.04540
G1 X122.810 Y111.440 E0.07159
G1 X122.010 Y111.440 E0.02794
G1 X120.860 Y111.440 E0.04016
G1 X119.360 Y111.440 E0.05238
G1 X118.210 Y111.440 E0.04016
G1 X115.970 Y111.440 E0.07823
G1 X114.470 Y111.440 E0.05238
G1 X113.520 Y111.440 E0.03318
G1 X111.670 Y111.440 E0.06461
G1 X110.370 Y111.440 E0.04540
G1 X108.320 Y111.440 E0.07159
G1 X107.520 Y111.440 E0.02794
G1 X106.370 Y111.440 E0.04016
G1 X104.870 Y111.440 E0.05238
G1 X103.720 Y111.440 E0.04016
G1 X101.480 Y111.440 E0.07823
G1 X99.980 Y111.440 E0.05238
G1 X99.030 Y111.440 E0.03318
G1 X97.180 Y111.440 E0.06461
G1 X95.880 Y111.440 E0.04540
G1 X93.830 Y111.440 E0.07159
G1 X93.030 Y111.440 E0.02794
G1 X91.880 Y111.440 E0.04016
G1 X91.040 Y111.440 E0.02934
G1 X91.040 Y113.840 E0.08382
G1 X92.890 Y113.840 E0.06461
G1 X94.190 Y113.840 E0.04540
G1 X96.240 Y113.840 E0.07159
G1 X97.040 Y113.840 E0.02794
G1 X98.190 Y113.840 E0.04016
G1 X99.690 Y113.840 E0.05238
G1 X100.840 Y113.840 E0.04016
G1 X103.080 Y113.840 E0.07823
G1 X104.580 Y113.840 E0.05238
G1 X105.530 Y113.840 E0.03318
G1 X107.380 Y113.840 E0.06461
G1 X108.680 Y113.840 E0.04540
G1 X110.730 Y113.840 E0.07159
G1 X111.530 Y113.840 E0.02794
G1 X112.680 Y113.840 E0.04016
G1 X114.180 Y113.840 E0.05238
G1 X115.330 Y113.840 E0.04016
G1 X117.570 Y113.840 E0.07823
G1 X119.070 Y113.840 E0.05238
G1 X120.020 Y113.840 E0.03318
G1 X121.870 Y113.840 E0.06461
G1 X123.170 Y113.840 E0.04540
G1 X125.220 Y113.840 E0.07159
G1 X126.020 Y113.840 E0.02794
G1 X127.170 Y113.840 E0.04016
G1 X128.960 Y113.840 E0.06251
G1 X128.960 Y116.240 E0.08382
G1 X127.660 Y116.240 E0.04540
G1 X125.610 Y116.240 E0.07159
G1 X124.810 Y116.240 E0.02794
G1 X123.660 Y116.240 E0.04016
G1 X122.160 Y116.240 E0.05238
G1 X121.010 Y116.240 E0.04016
G1 X118.770 Y116.240 E0.07823
G1 X117.270 Y116.240 E0.05238
G1 X116.320 Y116.240 E0.03318
G1 X114.470 Y116.240 E0.06461
G1 X113.170 Y116.240 E0.04540
G1 X111.120 Y116.240 E0.07159
G1 X110.320 Y116.240 E0.02794
G1 X109.170 Y116.240 E0.04016
G1 X107.670 Y116.240 E0.05238
G1 X106.520 Y116.240 E0.04016
G1 X104.280 Y116.240 E0.07823
G1 X102.780 Y116.240 E0.05238
G1 X101.830 Y116.240 E0.03318
G1 X99.980 Y116.240 E0.06461
G1 X98.680 Y116.240 E0.04540
G1 X96.630 Y116.240 E0.07159
G1 X95.830 Y116.240 E0.02794
G1 X94.680 Y116.240 E0.04016
G1 X93.180 Y116.240 E0.05238
G1 X92.030 Y116.240 E0.04016
G1 X91.040 Y116.240 E0.03457
G1 X91.040 Y118.640 E0.08382
G1 X93.090 Y118.640 E0.07159
G1 X93.890 Y118.640 E0.02794
G1 X95.040 Y118.640 E0.04016
G1 X96.540 Y118.640 E0.05238
G1 X97.690 Y118.640 E0.04016
G1 X99.930 Y118.640 E0.07823
G1 X101.430 Y118.640 E0.05238
G1 X102.380 Y118.640 E0.03318
G1 X104.230 Y118.640 E0.06461
G1 X105.530 Y118.640 E0.04540
G1 X107.580 Y118.640 E0.07159
G1 X108.380 Y118.640 E0.02794
G1 X109.530 Y118.640 E0.04016
G1 X111.030 Y118.640 E0.05238
G1 X112.180 Y118.640 E0.04016
G1 X114.420 Y118.640 E0.07823
G1 X115.920 Y118.640 E0.05238
G1 X116.870 Y118.640 E0.03318
G1 X118.720 Y118.640 E0.06461
G1 X120.020 Y118.640 E0.04540
G1 X122.070 Y118.640 E0.07159
G1 X122.870 Y118.640 E0.02794
G1 X124.020 Y118.640 E0.04016
G1 X125.520 Y118.640 E0.05238
G1 X126.670 Y118.640 E0.04016
G1 X128.960 Y118.640 E0.07997
;LAYER_CHANGE
;Z:3.000
; CHANGE_LAYER
G1 Z3.000 F7200
;TYPE:Outer wall
G1 E-0.80000 F2100
G1 Z3.400 F9000
G1 X94.000 Y96.000
G1 Z3.000
G1 E0.80000 F2100
G1 X94.800 Y96.000 E0.02794 F1800
G1 X95.950 Y96.000 E0.04016
G1 X97.450 Y96.000 E0.05238
G1 X98.600 Y96.000 E0.04016
G1 X100.840 Y96.000 E0.07823
G1 X102.340 Y96.000 E0.05238
G1 X103.290 Y96.000 E0.03318
G1 X105.140 Y96.000 E0.06461
G1 X106.440 Y96.000 E0.04540
G1 X108.490 Y96.000 E0.07159
G1 X109.290 Y96.000 E0.02794
G1 X110.440 Y96.000 E0.04016
G1 X111.940 Y96.000 E0.05238
G1 X113.090 Y96.000 E0.04016
G1 X115.330 Y96.000 E0.07823
G1 X116.830 Y96.000 E0.05238
G1 X117.780 Y96.000 E0.03318
G1 X119.630 Y96.000 E0.06461
G1 X120.930 Y96.000 E0.04540
G1 X122.980 Y96.000 E0.07159
G1 X123.780 Y96.000 E0.02794
G1 X124.930 Y96.000 E0.04016
G1 X126.000 Y96.000 E0.03737
G1 X127.134 Y96.164 E0.04002
G1 X128.999 Y97.353 E0.07721
G1 X129.760 Y98.635 E0.05208
G1 X129.975 Y99.558 E0.03310
G1 X130.000 Y100.000 E0.01547
G1 X130.000 Y101.300 E0.04540
G1 X130.000 Y103.350 E0.07159
G1 X130.000 Y104.150 E0.02794
G1 X130.000 Y105.300 E0.04016
G1 X130.000 Y106.800 E0.05238
G1 X130.000 Y107.950 E0.04016
G1 X130.000 Y110.190 E0.07823
G1 X130.000 Y111.690 E0.05238
G1 X130.000 Y112.640 E0.03318
G1 X130.000 Y114.490 E0.06461
G1 X130.000 Y115.790 E0.04540
G1 X130.000 Y117.840 E0.07159
G1 X130.000 Y118.640 E0.02794
G1 X130.000 Y120.000 E0.04750
G1 X129.722 Y121.465 E0.05208
G1 X129.154 Y122.460 E0.04002
G1 X127.365 Y123.760 E0.07721
G1 X126.000 Y124.000 E0.04841
G1 X125.050 Y124.000 E0.03318
G1 X123.200 Y124.000 E0.06461
G1 X121.900 Y124.000 E0.04540
G1 X119.850 Y124.000 E0.07159
G1 X119.050 Y124.000 E0.02794
G1 X117.900 Y124.000 E0.04016
G1 X116.400 Y124.000 E0.05238
G1 X115.250 Y124.000 E0.04016
G1 X113.010 Y124.000 E0.07823
G1 X111.510 Y124.000 E0.05238
G1 X110.560 Y124.000 E0.03318
G1 X108.710 Y124.000 E0.06461
G1 X107.410 Y124.000 E0.04540
G1 X105.360 Y124.000 E0.07159
G1 X104.560 Y124.000 E0.02794
G1 X103.410 Y124.000 E0.04016
G1 X101.910 Y124.000 E0.05238
G1 X100.760 Y124.000 E0.04016
G1 X98.520 Y124.000 E0.07823
G1 X97.020 Y124.000 E0.05238
G1 X96.070 Y124.000 E0.03318
G1 X94.000 Y124.000 E0.07229
G1 X92.723 Y123.791 E0.04520
G1 X91.028 Y122.677 E0.07081
G1 X90.555 Y122.033 E0.02789
G1 X90.120 Y120.973 E0.04002
G1 X90.000 Y120.000 E0.03425
G1 X90.000 Y118.850 E0.04016
G1 X90.000 Y116.610 E0.07823
G1 X90.000 Y115.110 E0.05238
G1 X90.000 Y114.160 E0.03318
G1 X90.000 Y112.310 E0.06461
G1 X90.000 Y111.010 E0.04540
G1 X90.000 Y108.960 E0.07159
G1 X90.000 Y108.160 E0.02794
G1 X90.000 Y107.010 E0.04016
G1 X90.000 Y105.510 E0.05238
G1 X90.000 Y104.360 E0.04016
G1 X90.000 Y102.120 E0.07823
G1 X90.000 Y100.620 E0.05238
G1 X90.000 Y100.000 E0.02165
G1 X90.420 Y98.215 E0.06403
G1 X91.178 Y97.166 E0.04520
G1 X92.930 Y96.146 E0.07081
G1 X94.000 Y96.000 E0.03771
;TYPE:Inner wall
G1 X94.000 Y96.420 F9000
G1 X94.800 Y96.420 E0.02794 F1800
G1 X95.950 Y96.420 E0.04016
G1 X97.450 Y96.420 E0.05238
G1 X98.600 Y96.420 E0.04016
G1 X100.840 Y96.420 E0.07823
G1 X102.340 Y96.420 E0.05238
G1 X103.290 Y96.420 E0.03318
G1 X105.140 Y96.420 E0.06461
G1 X106.440 Y96.420 E0.04540
G1 X108.490 Y96.420 E0.07159
G1 X109.290 Y96.420 E0.02794
G1 X110.440 Y96.420 E0.04016
G1 X111.940 Y96.420 E0.05238
G1 X113.090 Y96.420 E0.04016
G1 X115.330 Y96.420 E0.07823
G1 X116.830 Y96.420 E0.05238
G1 X117.780 Y96.420 E0.03318
G1 X119.630 Y96.420 E0.06461
G1 X120.930 Y96.420 E0.04540
G1 X122.980 Y96.420 E0.07159
G1 X123.780 Y96.420 E0.02794
G1 X124.930 Y96.420 E0.04016
G1 X126.000 Y96.420 E0.03737
G1 X127.130 Y96.603 E0.03999
G1 X128.906 Y97.909 E0.07696
G1 X129.505 Y99.272 E0.05200
G1 X129.580 Y100.000 E0.02557
G1 X129.580 Y101.850 E0.06461
G1 X129.580 Y103.150 E0.04540
G1 X129.580 Y105.200 E0.07159
G1 X129.580 Y106.000 E0.02794
G1 X129.580 Y107.150 E0.04016
G1 X129.580 Y108.650 E0.05238
G1 X129.580 Y109.800 E0.04016
G1 X129.580 Y112.040 E0.07823
G1 X129.580 Y113.540 E0.05238
G1 X129.580 Y114.490 E0.03318
G1 X129.580 Y116.340 E0.06461
G1 X129.580 Y117.640 E0.04540
G1 X129.580 Y119.690 E0.07159
G1 X129.580 Y120.000 E0.01083
G1 X129.397 Y121.130 E0.03999
G1 X128.643 Y122.415 E0.05200
G1 X127.746 Y123.126 E0.03999
G1 X126.000 Y123.580 E0.06299
G1 X124.500 Y123.580 E0.05238
G1 X123.550 Y123.580 E0.03318
G1 X121.700 Y123.580 E0.06461
G1 X120.400 Y123.580 E0.04540
G1 X118.350 Y123.580 E0.07159
G1 X117.550 Y123.580 E0.02794
G1 X116.400 Y123.580 E0.04016
G1 X114.900 Y123.580 E0.05238
G1 X113.750 Y123.580 E0.04016
G1 X111.510 Y123.580 E0.07823
G1 X110.010 Y123.580 E0.05238
G1 X109.060 Y123.580 E0.03318
G1 X107.210 Y123.580 E0.06461
G1 X105.910 Y123.580 E0.04540
G1 X103.860 Y123.580 E0.07159
G1 X103.060 Y123.580 E0.02794
G1 X101.910 Y123.580 E0.04016
G1 X100.410 Y123.580 E0.05238
G1 X99.260 Y123.580 E0.04016
G1 X97.020 Y123.580 E0.07823
G1 X95.520 Y123.580 E0.05238
G1 X94.570 Y123.580 E0.03318
G1 X94.000 Y123.580 E0.01991
G1 X92.728 Y123.347 E0.04515
G1 X91.118 Y122.124 E0.07062
G1 X90.719 Y121.432 E0.02788
G1 X90.435 Y120.323 E0.03999
G1 X90.420 Y120.000 E0.01129
G1 X90.420 Y118.850 E0.04016
G1 X90.420 Y116.610 E0.07823
G1 X90.420 Y115.110 E0.05238
G1 X90.420 Y114.160 E0.03318
G1 X90.420 Y112.310 E0.06461
G1 X90.420 Y111.010 E0.04540
G1 X90.420 Y108.960 E0.07159
G1 X90.420 Y108.160 E0.02794
G1 X90.420 Y107.010 E0.04016
G1 X90.420 Y105.510 E0.05238
G1 X90.420 Y104.360 E0.04016
G1 X90.420 Y102.120 E0.07823
G1 X90.420 Y100.620 E0.05238
G1 X90.420 Y100.000 E0.02165
G1 X90.887 Y98.231 E0.06389
G1 X91.719 Y97.241 E0.04515
G1 X93.578 Y96.445 E0.07062
G1 X94.000 Y96.420 E0.01478
;TYPE:Sparse infill
G1 E-0.80000 F2100
G1 Z3.400 F9000
G1 X91.040 Y97.040
G1 Z3.000
G1 E0.80000 F2100
G1 X91.840 Y97.040 E0.02794 F2400
G1 X92.990 Y97.040 E0.04016
G1 X94.490 Y97.040 E0.05238
G1 X95.640 Y97.040 E0.04016
G1 X97.880 Y97.040 E0.07823
G1 X99.380 Y97.040 E0.05238
G1 X100.330 Y97.040 E0.03318
G1 X102.180 Y97.040 E0.06461
G1 X103.480 Y97.040 E0.04540
G1 X105.530 Y97.040 E0.07159
G1 X106.330 Y97.040 E0.02794
G1 X107.480 Y97.040 E0.04016
G1 X108.980 Y97.040 E0.05238
G1 X110.130 Y97.040 E0.04016
G1 X112.370 Y97.040 E0.07823
G1 X113.870 Y97.040 E0.05238
G1 X114.820 Y97.040 E0.03318
G1 X116.670 Y97.040 E0.06461
G1 X117.970 Y97.040 E0.04540
G1 X120.020 Y97.040 E0.07159
G1 X120.820 Y97.040 E0.02794
G1 X121.970 Y97.040 E0.04016
G1 X123.470 Y97.040 E0.05238
G1 X124.620 Y97.040 E0.04016
G1 X126.860 Y97.040 E0.07823
G1 X128.360 Y97.040 E0.05238
G1 X128.960 Y97.040 E0.02095
G1 X128.960 Y99.440 E0.08382
G1 X127.810 Y99.440 E0.04016
G1 X126.310 Y99.440 E0.05238
G1 X125.160 Y99.440 E0.04016
G1 X122.920 Y99.440 E0.07823
G1 X121.420 Y99.440 E0.05238
G1 X120.470 Y99.440 E0.03318
G1 X118.620 Y99.440 E0.06461
G1 X117.320 Y99.440 E0.04540
G1 X115.270 Y99.440 E0.07159
G1 X114.470 Y99.440 E0.02794
G1 X113.320 Y99.440 E0.04016
G1 X111.820 Y99.440 E0.05238
G1 X110.670 Y99.440 E0.04016
G1 X108.430 Y99.440 E0.07823
G1 X106.930 Y99.440 E0.05238
G1 X105.980 Y99.440 E0.03318
G1 X104.130 Y99.440 E0.06461
G1 X102.830 Y99.440 E0.04540
G1 X100.780 Y99.440 E0.07159
G1 X99.980 Y99.440 E0.02794
G1 X98.830 Y99.440 E0.04016
G1 X97.330 Y99.440 E0.05238
G1 X96.180 Y99.440 E0.04016
G1 X93.940 Y99.440 E0.07823
G1 X92.440 Y99.440 E0.05238
G1 X91.490 Y99.440 E0.03318
G1 X91.040 Y99.440 E0.01572
G1 X91.040 Y101.840 E0.08382
G1 X92.540 Y101.840 E0.05238
G1 X93.690 Y101.840 E0.04016
G1 X95.930 Y101.840 E0.07823
G1 X97.430 Y101.840 E0.05238
G1 X98.380 Y101.840 E0.03318
G1 X100.230 Y101.840 E0.06461
G1 X101.530 Y101.840 E0.04540
G1 X103.580 Y101.840 E0.07159
G1 X104.380 Y101.840 E0.02794
G1 X105.530 Y101.840 E0.04016
G1 X107.030 Y101.840 E0.05238
G1 X108.180 Y101.840 E0.04016
G1 X110.420 Y101.840 E0.07823
G1 X111.920 Y101.840 E0.05238
G1 X112.870 Y101.840 E0.03318
G1 X114.720 Y101.840 E0.06461
G1 X116.020 Y101.840 E0.04540
G1 X118.070 Y101.840 E0.07159
G1 X118.870 Y101.840 E0.02794
G1 X120.020 Y101.840 E0.04016
G1 X121.520 Y101.840 E0.05238
G1 X122.670 Y101.840 E0.04016
G1 X124.910 Y101.840 E0.07823
G1 X126.410 Y101.840 E0.05238
G1 X127.360 Y101.840 E0.03318
G1 X128.960 Y101.840 E0.05588
G1 X128.960 Y104.240 E0.08382
G1 X127.810 Y104.240 E0.04016
G1 X125.570 Y104.240 E0.07823
G1 X124.070 Y104.240 E0.05238
G1 X123.120 Y104.240 E0.03318
G1 X121.270 Y104.240 E0.06461
G1 X119.970 Y104.240 E0.04540
G1 X117.920 Y104.240 E0.07159
G1 X117.120 Y104.240 E0.02794
G1 X115.970 Y104.240 E0.04016
G1 X114.470 Y104.240 E0.05238
G1 X113.320 Y104.240 E0.04016
G1 X111.080 Y104.240 E0.07823
G1 X109.580 Y104.240 E0.05238
G1 X108.630 Y104.240 E0.03318
G1 X106.780 Y104.240 E0.06461
G1 X105.480 Y104.240 E0.04540
G1 X103.430 Y104.240 E0.07159
G1 X102.630 Y104.240 E0.02794
G1 X101.480 Y104.240 E0.04016
G1 X99.980 Y104.240 E0.05238
G1 X98.830 Y104.240 E0.04016
G1 X96.590 Y104.240 E0.07823
G1 X95.090 Y104.240 E0.05238
G1 X94.140 Y104.240 E0.03318
G1 X92.290 Y104.240 E0.06461
G1 X91.040 Y104.240 E0.04365
G1 X91.040 Y106.640 E0.08382
G1 X93.280 Y106.640 E0.07823
G1 X94.780 Y106.640 E0.05238
G1 X95.730 Y106.640 E0.03318
G1 X97.580 Y106.640 E0.06461
G1 X98.880 Y106.640 E0.04540
G1 X100.930 Y106.640 E0.07159
G1 X101.730 Y106.640 E0.02794
G1 X102.880 Y106.640 E0.04016
G1 X104.380 Y106.640 E0.05238
G1 X105.530 Y106.640 E0.04016
G1 X107.770 Y106.640 E0.07823
G1 X109.270 Y106.640 E0.05238
G1 X110.220 Y106.640 E0.03318
G1 X112.070 Y106.640 E0.06461
G1 X113.370 Y106.640 E0.04540
G1 X115.420 Y106.640 E0.07159
G1 X116.220 Y106.640 E0.02794
G1 X117.370 Y106.640 E0.04016
G1 X118.870 Y106.640 E0.05238
G1 X120.020 Y106.640 E0.04016
G1 X122.260 Y106.640 E0.07823
G1 X123.760 Y106.640 E0.05238
G1 X124.710 Y106.640 E0.03318
G1 X126.560 Y106.640 E0.06461
G1 X127.860 Y106.640 E0.04540
G1 X128.960 Y106.640 E0.03842
G1 X128.960 Y109.040 E0.08382
G1 X127.460 Y109.040 E0.05238
G1 X126.510 Y109.040 E0.03318
G1 X124.660 Y109.040 E0.06461
G1 X123.360 Y109.040 E0.04540
G1 X121.310 Y109.040 E0.07159
G1 X120.510 Y109.040 E0.02794
G1 X119.360 Y109.040 E0.04016
G1 X117.860 Y109.040 E0.05238
G1 X116.710 Y109.040 E0.04016
G1 X114.470 Y109.040 E0.07823
G1 X112.970 Y109.040 E0.05238
G1 X112.020 Y109.040 E0.03318
G1 X110.170 Y109.040 E0.06461
G1 X108.870 Y109.040 E0.04540
G1 X106.820 Y109.040 E0.07159
G1 X106.020 Y109.040 E0.02794
G1 X104.870 Y109.040 E0.04016
G1 X103.370 Y109.040 E0.05238
G1 X102.220 Y109.040 E0.04016
G1 X99.980 Y109.040 E0.07823
G1 X98.480 Y109.040 E0.05238
G1 X97.530 Y109.040 E0.03318
G1 X95.680 Y109.040 E0.06461
G1 X94.380 Y109.040 E0.04540
G1 X92.330 Y109.040 E0.07159
G1 X91.530 Y109.040 E0.02794
G1 X91.040 Y109.040 E0.01711
G1 X91.040 Y111.440 E0.08382
G1 X91.990 Y111.440 E0.03318
G1 X93.840 Y111.440 E0.06461
G1 X95.140 Y111.440 E0.04540
G1 X97.190 Y111.440 E0.07159
G1 X97.990 Y111.440 E0.02794
G1 X99.140 Y111.440 E0.04016
G1 X100.640 Y111.440 E0.05238
G1 X101.790 Y111.440 E0.04016
G1 X104.030 Y111.440 E0.07823
G1 X105.530 Y111.440 E0.05238
G1 X106.480 Y111.440 E0.03318
G1 X108.330 Y111.440 E0.06461
G1 X109.630 Y111.440 E0.04540
G1 X111.680 Y111.440 E0.07159
G1 X112.480 Y111.440 E0.02794
G1 X113.630 Y111.440 E0.04016
G1 X115.130 Y111.440 E0.05238
G1 X116.280 Y111.440 E0.04016
G1 X118.520 Y111.440 E0.07823
G1 X120.020 Y111.440 E0.05238
G1 X120.970 Y111.440 E0.03318
G1 X122.820 Y111.440 E0.06461
G1 X124.120 Y111.440 E0.04540
G1 X126.170 Y111.440 E0.07159
G1 X126.970 Y111.440 E0.02794
G1 X128.120 Y111.440 E0.04016
G1 X128.960 Y111.440 E0.02934
G1 X128.960 Y113.840 E0.08382
G1 X127.110 Y113.840 E0.06461
G1 X125.810 Y113.840 E0.04540
G1 X123.760 Y113.840 E0.07159
G1 X122.960 Y113.840 E0.02794
G1 X121.810 Y113.840 E0.04016
G1 X120.310 Y113.840 E0.05238
G1 X119.160 Y113.840 E0.04016
G1 X116.920 Y113.840 E0.07823
G1 X115.420 Y113.840 E0.05238
G1 X114.470 Y113.840 E0.03318
G1 X112.620 Y113.840 E0.06461
G1 X111.320 Y113.840 E0.04540
G1 X109.270 Y113.840 E0.07159
G1 X108.470 Y113.840 E0.02794
G1 X107.320 Y113.840 E0.04016
G1 X105.820 Y113.840 E0.05238
G1 X104.670 Y113.840 E0.04016
G1 X102.430 Y113.840 E0.07823
G1 X100.930 Y113.840 E0.05238
G1 X99.980 Y113.840 E0.03318
G1 X98.130 Y113.840 E0.06461
G1 X96.830 Y113.840 E0.04540
G1 X94.780 Y113.840 E0.07159
G1 X93.980 Y113.840 E0.02794
G1 X92.830 Y113.840 E0.04016
G1 X91.040 Y113.840 E0.06251
G1 X91.040 Y116.240 E0.08382
G1 X92.340 Y116.240 E0.04540
G1 X94.390 Y116.240 E0.07159
G1 X95.190 Y116.240 E0.02794
G1 X96.340 Y116.240 E0.04016
G1 X97.840 Y116.240 E0.05238
G1 X98.990 Y116.240 E0.04016
G1 X101.230 Y116.240 E0.07823
G1 X102.730 Y116.240 E0.05238
G1 X103.680 Y116.240 E0.03318
G1 X105.530 Y116.240 E0.06461
G1 X106.830 Y116.240 E0.04540
G1 X108.880 Y116.240 E0.07159
G1 X109.680 Y116.240 E0.02794
G1 X110.830 Y116.240 E0.04016
G1 X112.330 Y116.240 E0.05238
G1 X113.480 Y116.240 E0.04016
G1 X115.720 Y116.240 E0.07823
G1 X117.220 Y116.240 E0.05238
G1 X118.170 Y116.240 E0.03318
G1 X120.020 Y116.240 E0.06461
G1 X121.320 Y116.240 E0.04540
G1 X123.370 Y116.240 E0.07159
G1 X124.170 Y116.240 E0.02794
G1 X125.320 Y116.240 E0.04016
G1 X126.820 Y116.240 E0.05238
G1 X127.970 Y116.240 E0.04016
G1 X128.960 Y116.240 E0.03457
G1 X128.960 Y118.640 E0.08382
G1 X126.910 Y118.640 E0.07159
G1 X126.110 Y118.640 E0.02794
G1 X124.960 Y118.640 E0.04016
G1 X123.460 Y118.640 E0.05238
G1 X122.310 Y118.640 E0.04016
G1 X120.070 Y118.640 E0.07823
G1 X118.570 Y118.640 E0.05238
G1 X117.620 Y118.640 E0.03318
G1 X115.770 Y118.640 E0.06461
G1 X114.470 Y118.640 E0.04540
G1 X112.420 Y118.640 E0.07159
G1 X111.620 Y118.640 E0.02794
G1 X110.470 Y118.640 E0.04016
G1 X108.970 Y118.640 E0.05238
G1 X107.820 Y118.640 E0.04016
G1 X105.580 Y118.640 E0.07823
G1 X104.080 Y118.640 E0.05238
G1 X103.130 Y118.640 E0.03318
G1 X101.280 Y118.640 E0.06461
G1 X99.980 Y118.640 E0.04540
G1 X97.930 Y118.640 E0.07159
G1 X97.130 Y118.640 E0.02794
G1 X95.980 Y118.640 E0.04016
G1 X94.480 Y118.640 E0.05238
G1 X93.330 Y118.640 E0.04016
G1 X91.040 Y118.640 E0.07997
;LAYER_CHANGE
;Z:3.200
; CHANGE_LAYER
G1 Z3.200 F7200
;TYPE:Outer wall
G1 E-0.80000 F2100
G1 Z3.600 F9000
G1 X94.000 Y96.000
G1 Z3.200
G1 E0.80000 F2100
G1 X94.800 Y96.000 E0.02794 F1800
G1 X95.950 Y96.000 E0.04016
G1 X97.450 Y96.000 E0.05238
G1 X98.600 Y96.000 E0.04016
G1 X100.840 Y96.000 E0.07823
G1 X102.340 Y96.000 E0.05238
G1 X103.290 Y96.000 E0.03318
G1 X105.140 Y96.000 E0.06461
G1 X106.440 Y96.000 E0.04540
G1 X108.490 Y96.000 E0.07159
G1 X109.290 Y96.000 E0.02794
G1 X110.440 Y96.000 E0.04016
G1 X111.940 Y96.000 E0.05238
G1 X113.090 Y96.000 E0.04016
G1 X115.330 Y96.000 E0.07823
G1 X116.830 Y96.000 E0.05238
G1 X117.780 Y96.000 E0.03318
G1 X119.630 Y96.000 E0.06461
G1 X120.930 Y96.000 E0.04540
G1 X122.980 Y96.000 E0.07159
G1 X123.780 Y96.000 E0.02794
G1 X124.930 Y96.000 E0.04016
G1 X126.000 Y96.000 E0.03737
G1 X127.134 Y96.164 E0.04002
G1 X128.999 Y97.353 E0.07721
G1 X129.760 Y98.635 E0.05208
G1 X129.975 Y99.558 E0.03310
G1 X130.000 Y100.000 E0.01547
G1 X130.000 Y101.300 E0.04540
G1 X130.000 Y103.350 E0.07159
G1 X130.000 Y104.150 E0.02794
G1 X130.000 Y105.300 E0.04016
G1 X130.000 Y106.800 E0.05238
G1 X130.000 Y107.950 E0.04016
G1 X130.000 Y110.190 E0.07823
G1 X130.000 Y111.690 E0.05238
G1 X130.000 Y112.640 E0.03318
G1 X130.000 Y114.490 E0.06461
G1 X130.000 Y115.790 E0.04540
G1 X130.000 Y117.840 E0.07159
G1 X130.000 Y118.640 E0.02794
G1 X130.000 Y120.000 E0.04750
G1 X129.722 Y121.465 E0.05208
G1 X129.154 Y122.460 E0.04002
G1 X127.365 Y123.760 E0.07721
G1 X126.000 Y124.000 E0.04841
G1 X125.050 Y124.000 E0.03318
G1 X123.200 Y124.000 E0.06461
G1 X121.900 Y124.000 E0.04540
G1 X119.850 Y124.000 E0.07159
G1 X119.050 Y124.000 E0.02794
G1 X117.900 Y124.000 E0.04016
G1 X116.400 Y124.000 E0.05238
G1 X115.250 Y124.000 E0.04016
G1 X113.010 Y124.000 E0.07823
G1 X111.510 Y124.000 E0.05238
G1 X110.560 Y124.000 E0.03318
G1 X108.710 Y124.000 E0.06461
G1 X107.410 Y124.000 E0.04540
G1 X105.360 Y124.000 E0.07159
G1 X104.560 Y124.000 E0.02794
G1 X103.410 Y124.000 E0.04016
G1 X101.910 Y124.000 E0.05238
G1 X100.760 Y124.000 E0.04016
G1 X98.520 Y124.000 E0.07823
G1 X97.020 Y124.000 E0.05238
G1 X96.070 Y124.000 E0.03318
G1 X94.000 Y124.000 E0.07229
G1 X92.723 Y123.791 E0.04520
G1 X91.028 Y122.677 E0.07081
G1 X90.555 Y122.033 E0.02789
G1 X90.120 Y120.973 E0.04002
G1 X90.000 Y120.000 E0.03425
G1 X90.000 Y118.850 E0.04016
G1 X90.000 Y116.610 E0.07823
G1 X90.000 Y115.110 E0.05238
G1 X90.000 Y114.160 E0.03318
G1 X90.000 Y112.310 E0.06461
G1 X90.000 Y111.010 E0.04540
G1 X90.000 Y108.960 E0.07159
G1 X90.000 Y108.160 E0.02794
G1 X90.000 Y107.010 E0.04016
G1 X90.000 Y105.510 E0.05238
G1 X90.000 Y104.360 E0.04016
G1 X90.000 Y102.120 E0.07823
G1 X90.000 Y100.620 E0.05238
G1 X90.000 Y100.000 E0.02165
G1 X90.420 Y98.215 E0.06403
G1 X91.178 Y97.166 E0.04520
G1 X92.930 Y96.146 E0.07081
G1 X94.000 Y96.000 E0.03771
;TYPE:Inner wall
G1 X94.000 Y96.420 F9000
G1 X94.800 Y96.420 E0.02794 F1800
G1 X95.950 Y96.420 E0.04016
G1 X97.450 Y96.420 E0.05238
G1 X98.600 Y96.420 E0.04016
G1 X100.840 Y96.420 E0.07823
G1 X102.340 Y96.420 E0.05238
G1 X103.290 Y96.420 E0.03318
G1 X105.140 Y96.420 E0.06461
G1 X106.440 Y96.420 E0.04540
G1 X108.490 Y96.420 E0.07159
G1 X109.290 Y96.420 E0.02794
G1 X110.440 Y96.420 E0.04016
G1 X111.940 Y96.420 E0.05238
G1 X113.090 Y96.420 E0.04016
G1 X115.330 Y96.420 E0.07823
G1 X116.830 Y96.420 E0.05238
G1 X117.780 Y96.420 E0.03318
G1 X119.630 Y96.420 E0.06461
G1 X120.930 Y96.420 E0.04540
G1 X122.980 Y96.420 E0.07159
G1 X123.780 Y96.420 E0.02794
G1 X124.930 Y96.420 E0.04016
G1 X126.000 Y96.420 E0.03737
G1 X127.130 Y96.603 E0.03999
G1 X128.906 Y97.909 E0.07696
G1 X129.505 Y99.272 E0.05200
G1 X129.580 Y100.000 E0.02557
G1 X129.580 Y101.850 E0.06461
G1 X129.580 Y103.150 E0.04540
G1 X129.580 Y105.200 E0.07159
G1 X129.580 Y106.000 E0.02794
G1 X129.580 Y107.150 E0.04016
G1 X129.580 Y108.650 E0.05238
G1 X129.580 Y109.800 E0.04016
G1 X129.580 Y112.040 E0.07823
G1 X129.580 Y113.540 E0.05238
G1 X129.580 Y114.490 E0.03318
G1 X129.580 Y116.340 E0.06461
G1 X129.580 Y117.640 E0.04540
G1 X129.580 Y119.690 E0.07159
G1 X129.580 Y120.000 E0.01083
G1 X129.397 Y121.130 E0.03999
G1 X128.643 Y122.415 E0.05200
G1 X127.746 Y123.126 E0.03999
G1 X126.000 Y123.580 E0.06299
G1 X124.500 Y123.580 E0.05238
G1 X123.550 Y123.580 E0.03318
G1 X121.700 Y123.580 E0.06461
G1 X120.400 Y123.580 E0.04540
G1 X118.350 Y123.580 E0.07159
G1 X117.550 Y123.580 E0.02794
G1 X116.400 Y123.580 E0.04016
G1 X114.900 Y123.580 E0.05238
G1 X113.750 Y123.580 E0.04016
G1 X111.510 Y123.580 E0.07823
G1 X110.010 Y123.580 E0.05238
G1 X109.060 Y123.580 E0.03318
G1 X107.210 Y123.580 E0.06461
G1 X105.910 Y123.580 E0.04540
G1 X103.860 Y123.580 E0.07159
G1 X103.060 Y123.580 E0.02794
G1 X101.910 Y123.580 E0.04016
G1 X100.410 Y123.580 E0.05238
G1 X99.260 Y123.580 E0.04016
G1 X97.020 Y123.580 E0.07823
G1 X95.520 Y123.580 E0.05238
G1 X94.570 Y123.580 E0.03318
G1 X94.000 Y123.580 E0.01991
G1 X92.728 Y123.347 E0.04515
G1 X91.118 Y122.124 E0.07062
G1 X90.719 Y121.432 E0.02788
G1 X90.435 Y120.323 E0.03999
G1 X90.420 Y120.000 E0.01129
G1 X90.420 Y118.850 E0.04016
G1 X90.420 Y116.610 E0.07823
G1 X90.420 Y115.110 E0.05238
G1 X90.420 Y114.160 E0.03318
G1 X90.420 Y112.310 E0.06461
G1 X90.420 Y111.010 E0.04540
G1 X90.420 Y108.960 E0.07159
G1 X90.420 Y108.160 E0.02794
G1 X90.420 Y107.010 E0.04016
G1 X90.420 Y105.510 E0.05238
G1 X90.420 Y104.360 E0.04016
G1 X90.420 Y102.120 E0.07823
G1 X90.420 Y100.620 E0.05238
G1 X90.420 Y100.000 E0.02165
G1 X90.887 Y98.231 E0.06389
G1 X91.719 Y97.241 E0.04515
G1 X93.578 Y96.445 E0.07062
G1 X94.000 Y96.420 E0.01478
;TYPE:Sparse infill
G1 E-0.80000 F2100
G1 Z3.600 F9000
G1 X128.960 Y97.040
G1 Z3.200
G1 E0.80000 F2100
G1 X128.160 Y97.040 E0.02794 F2400
G1 X127.010 Y97.040 E0.04016
G1 X125.510 Y97.040 E0.05238
G1 X124.360 Y97.040 E0.04016
G1 X122.120 Y97.040 E0.07823
G1 X120.620 Y97.040 E0.05238
G1 X119.670 Y97.040 E0.03318
G1 X117.820 Y97.040 E0.06461
G1 X116.520 Y97.040 E0.04540
G1 X114.470 Y97.040 E0.07159
G1 X113.670 Y97.040 E0.02794
G1 X112.520 Y97.040 E0.04016
G1 X111.020 Y97.040 E0.05238
G1 X109.870 Y97.040 E0.04016
G1 X107.630 Y97.040 E0.07823
G1 X106.130 Y97.040 E0.05238
G1 X105.180 Y97.040 E0.03318
G1 X103.330 Y97.040 E0.06461
G1 X102.030 Y97.040 E0.04540
G1 X99.980 Y97.040 E0.07159
G1 X99.180 Y97.040 E0.02794
G1 X98.030 Y97.040 E0.04016
G1 X96.530 Y97.040 E0.05238
G1 X95.380 Y97.040 E0.04016
G1 X93.140 Y97.040 E0.07823
G1 X91.640 Y97.040 E0.05238
G1 X91.040 Y97.040 E0.02095
G1 X91.040 Y99.440 E0.08382
G1 X92.190 Y99.440 E0.04016
G1 X93.690 Y99.440 E0.05238
G1 X94.840 Y99.440 E0.04016
G1 X97.080 Y99.440 E0.07823
G1 X98.580 Y99.440 E0.05238
G1 X99.530 Y99.440 E0.03318
G1 X101.380 Y99.440 E0.06461
G1 X102.680 Y99.440 E0.04540
G1 X104.730 Y99.440 E0.07159
G1 X105.530 Y99.440 E0.02794
G1 X106.680 Y99.440 E0.04016
G1 X108.180 Y99.440 E0.05238
G1 X109.330 Y99.440 E0.04016
G1 X111.570 Y99.440 E0.07823
G1 X113.070 Y99.440 E0.05238
G1 X114.020 Y99.440 E0.03318
G1 X115.870 Y99.440 E0.06461
G1 X117.170 Y99.440 E0.04540
G1 X119.220 Y99.440 E0.07159
G1 X120.020 Y99.440 E0.02794
G1 X121.170 Y99.440 E0.04016
G1 X122.670 Y99.440 E0.05238
G1 X123.820 Y99.440 E0.04016
G1 X126.060 Y99.440 E0.07823
G1 X127.560 Y99.440 E0.05238
G1 X128.510 Y99.440 E0.03318
G1 X128.960 Y99.440 E0.01572
G1 X128.960 Y101.840 E0.08382
G1 X127.460 Y101.840 E0.05238
G1 X126.310 Y101.840 E0.04016
G1 X124.070 Y101.840 E0.07823
G1 X122.570 Y101.840 E0.05238
G1 X121.620 Y101.840 E0.03318
G1 X119.770 Y101.840 E0.06461
G1 X118.470 Y101.840 E0.04540
G1 X116.420 Y101.840 E0.07159
G1 X115.620 Y101.840 E0.02794
G1 X114.470 Y101.840 E0.04016
G1 X112.970 Y101.840 E0.05238
G1 X111.820 Y101.840 E0.04016
G1 X109.580 Y101.840 E0.07823
G1 X108.080 Y101.840 E0.05238
G1 X107.130 Y101.840 E0.03318
G1 X105.280 Y101.840 E0.06461
G1 X103.980 Y101.840 E0.04540
G1 X101.930 Y101.840 E0.07159
G1 X101.130 Y101.840 E0.02794
G1 X99.980 Y101.840 E0.04016
G1 X98.480 Y101.840 E0.05238
G1 X97.330 Y101.840 E0.04016
G1 X95.090 Y101.840 E0.07823
G1 X93.590 Y101.840 E0.05238
G1 X92.640 Y101.840 E0.03318
G1 X91.040 Y101.840 E0.05588
G1 X91.040 Y104.240 E0.08382
G1 X92.190 Y104.240 E0.04016
G1 X94.430 Y104.240 E0.07823
G1 X95.930 Y104.240 E0.05238
G1 X96.880 Y104.240 E0.03318
G1 X98.730 Y104.240 E0.06461
G1 X100.030 Y104.240 E0.04540
G1 X102.080 Y104.240 E0.07159
G1 X102.880 Y104.240 E0.02794
G1 X104.030 Y104.240 E0.04016
G1 X105.530 Y104.240 E0.05238
G1 X106.680 Y104.240 E0.04016
G1 X108.920 Y104.240 E0.07823
G1 X110.420 Y104.240 E0.05238
G1 X111.370 Y104.240 E0.03318
G1 X113.220 Y104.240 E0.06461
G1 X114.520 Y104.240 E0.04540
G1 X116.570 Y104.240 E0.07159
G1 X117.370 Y104.240 E0.02794
G1 X118.520 Y104.240 E0.04016
G1 X120.020 Y104.240 E0.05238
G1 X121.170 Y104.240 E0.04016
G1 X123.410 Y104.240 E0.07823
G1 X124.910 Y104.240 E0.05238
G1 X125.860 Y104.240 E0.03318
G1 X127.710 Y104.240 E0.06461
G1 X128.960 Y104.240 E0.04365
G1 X128.960 Y106.640 E0.08382
G1 X126.720 Y106.640 E0.07823
G1 X125.220 Y106.640 E0.05238
G1 X124.270 Y106.640 E0.03318
G1 X122.420 Y106.640 E0.06461
G1 X121.120 Y106.640 E0.04540
G1 X119.070 Y106.640 E0.07159
G1 X118.270 Y106.640 E0.02794
G1 X117.120 Y106.640 E0.04016
G1 X115.620 Y106.640 E0.05238
G1 X114.470 Y106.640 E0.04016
G1 X112.230 Y106.640 E0.07823
G1 X110.730 Y106.640 E0.05238
G1 X109.780 Y106.640 E0.03318
G1 X107.930 Y106.640 E0.06461
G1 X106.630 Y106.640 E0.04540
G1 X104.580 Y106.640 E0.07159
G1 X103.780 Y106.640 E0.02794
G1 X102.630 Y106.640 E0.04016
G1 X101.130 Y106.640 E0.05238
G1 X99.980 Y106.640 E0.04016
G1 X97.740 Y106.640 E0.07823
G1 X96.240 Y106.640 E0.05238
G1 X95.290 Y106.640 E0.03318
G1 X93.440 Y106.640 E0.06461
G1 X92.140 Y106.640 E0.04540
G1 X91.040 Y106.640 E0.03842
G1 X91.040 Y109.040 E0.08382
G1 X92.540 Y109.040 E0.05238
G1 X93.490 Y109.040 E0.03318
G1 X95.340 Y109.040 E0.06461
G1 X96.640 Y109.040 E0.04540
G1 X98.690 Y109.040 E0.07159
G1 X99.490 Y109.040 E0.02794
G1 X100.640 Y109.040 E0.04016
G1 X102.140 Y109.040 E0.05238
G1 X103.290 Y109.040 E0.04016
G1 X105.530 Y109.040 E0.07823
G1 X107.030 Y109.040 E0.05238
G1 X107.980 Y109.040 E0.03318
G1 X109.830 Y109.040 E0.06461
G1 X111.130 Y109.040 E0.04540
G1 X113.180 Y109.040 E0.07159
G1 X113.980 Y109.040 E0.02794
G1 X115.130 Y109.040 E0.04016
G1 X116.630 Y109.040 E0.05238
G1 X117.780 Y109.040 E0.04016
G1 X120.020 Y109.040 E0.07823
G1 X121.520 Y109.040 E0.05238
G1 X122.470 Y109.040 E0.03318
G1 X124.320 Y109.040 E0.06461
G1 X125.620 Y109.040 E0.04540
G1 X127.670 Y109.040 E0.07159
G1 X128.470 Y109.040 E0.02794
G1 X128.960 Y109.040 E0.01711
G1 X128.960 Y111.440 E0.08382
G1 X128.010 Y111.440 E0.03318
G1 X126.160 Y111.440 E0.06461
G1 X124.860 Y111.440 E0.04540
G1 X122.810 Y111.440 E0.07159
G1 X122.010 Y111.440 E0.02794
G1 X120.860 Y111.440 E0.04016
G1 X119.360 Y111.440 E0.05238
G1 X118.210 Y111.440 E0.04016
G1 X115.970 Y111.440 E0.07823
G1 X114.470 Y111.440 E0.05238
G1 X113.520 Y111.440 E0.03318
G1 X111.670 Y111.440 E0.06461
G1 X110.370 Y111.440 E0.04540
G1 X108.320 Y111.440 E0.07159
G1 X107.520 Y111.440 E0.02794
G1 X106.370 Y111.440 E0.04016
G1 X104.870 Y111.440 E0.05238
G1 X103.720 Y111.440 E0.04016
G1 X101.480 Y111.440 E0.07823
G1 X99.980 Y111.440 E0.05238
G1 X99.030 Y111.440 E0.03318
G1 X97.180 Y111.440 E0.06461
G1 X95.880 Y111.440 E0.04540
G1 X93.830 Y111.440 E0.07159
G1 X93.030 Y111.440 E0.02794
G1 X91.880 Y111.440 E0.04016
G1 X91.040 Y111.440 E0.02934
G1 X91.040 Y113.840 E0.08382
G1 X92.890 Y113.840 E0.06461
G1 X94.190 Y113.840 E0.04540
G1 X96.240 Y113.840 E0.07159
G1 X97.040 Y113.840 E0.02794
G1 X98.190 Y113.840 E0.04016
G1 X99.690 Y113.840 E0.05238
G1 X100.840 Y113.840 E0.04016
G1 X103.080 Y113.840 E0.07823
G1 X104.580 Y113.840 E0.05238
G1 X105.530 Y113.840 E0.03318
G1 X107.380 Y113.840 E0.06461
G1 X108.680 Y113.840 E0.04540
G1 X110.730 Y113.840 E0.07159
G1 X111.530 Y113.840 E0.02794
G1 X112.680 Y113.840 E0.04016
G1 X114.180 Y113.840 E0.05238
G1 X115.330 Y113.840 E0.04016
G1 X117.570 Y113.840 E0.07823
G1 X119.070 Y113.840 E0.05238
G1 X120.020 Y113.840 E0.03318
G1 X121.870 Y113.840 E0.06461
G1 X123.170 Y113.840 E0.04540
G1 X125.220 Y113.840 E0.07159
G1 X126.020 Y113.840 E0.02794
G1 X127.170 Y113.840 E0.04016
G1 X128.960 Y113.840 E0.06251
G1 X128.960 Y116.240 E0.08382
G1 X127.660 Y116.240 E0.04540
G1 X125.610 Y116.240 E0.07159
G1 X124.810 Y116.240 E0.02794
G1 X123.660 Y116.240 E0.04016
G1 X122.160 Y116.240 E0.05238
G1 X121.010 Y116.240 E0.04016
G1 X118.770 Y116.240 E0.07823
G1 X117.270 Y116.240 E0.05238
G1 X116.320 Y116.240 E0.03318
G1 X114.470 Y116.240 E0.06461
G1 X113.170 Y116.240 E0.04540
G1 X111.120 Y116.240 E0.07159
G1 X110.320 Y116.240 E0.02794
G1 X109.170 Y116.240 E0.04016
G1 X107.670 Y116.240 E0.05238
G1 X106.520 Y116.240 E0.04016
G1 X104.280 Y116.240 E0.07823
G1 X102.780 Y116.240 E0.05238
G1 X101.830 Y116.240 E0.03318
G1 X99.980 Y116.240 E0.06461
G1 X98.680 Y116.240 E0.04540
G1 X96.630 Y116.240 E0.07159
G1 X95.830 Y116.240 E0.02794
G1 X94.680 Y116.240 E0.04016
G1 X93.180 Y116.240 E0.05238
G1 X92.030 Y116.240 E0.04016
G1 X91.040 Y116.240 E0.03457
G1 X91.040 Y118.640 E0.08382
G1 X93.090 Y118.640 E0.07159
G1 X93.890 Y118.640 E0.02794
G1 X95.040 Y118.640 E0.04016
G1 X96.540 Y118.640 E0.05238
G1 X97.690 Y118.640 E0.04016
G1 X99.930 Y118.640 E0.07823
G1 X101.430 Y118.640 E0.05238
G1 X102.380 Y118.640 E0.03318
G1 X104.230 Y118.640 E0.06461
G1 X105.530 Y118.640 E0.04540
G1 X107.580 Y118.640 E0.07159
G1 X108.380 Y118.640 E0.02794
G1 X109.530 Y118.640 E0.04016
G1 X111.030 Y118.640 E0.05238
G1 X112.180 Y118.640 E0.04016
G1 X114.420 Y118.640 E0.07823
G1 X115.920 Y118.640 E0.05238
G1 X116.870 Y118.640 E0.03318
G1 X118.720 Y118.640 E0.06461
G1 X120.020 Y118.640 E0.04540
G1 X122.070 Y118.640 E0.07159
G1 X122.870 Y118.640 E0.02794
G1 X124.020 Y118.640 E0.04016
G1 X125.520 Y118.640 E0.05238
G1 X126.670 Y118.640 E0.04016
G1 X128.960 Y118.640 E0.07997
;LAYER_CHANGE
;Z:3.400
; CHANGE_LAYER
G1 Z3.400 F7200
;TYPE:Outer wall
G1 E-0.80000 F2100
G1 Z3.800 F9000
G1 X94.000 Y96.000
G1 Z3.400
G1 E0.80000 F2100
G1 X94.800 Y96.000 E0.02794 F1800
G1 X95.950 Y96.000 E0.04016
G1 X97.450 Y96.000 E0.05238
G1 X98.600 Y96.000 E0.04016
G1 X100.840 Y96.000 E0.07823
G1 X102.340 Y96.000 E0.05238
G1 X103.290 Y96.000 E0.03318
G1 X105.140 Y96.000 E0.06461
G1 X106.440 Y96.000 E0.04540
G1 X108.490 Y96.000 E0.07159
G1 X109.290 Y96.000 E0.02794
G1 X110.440 Y96.000 E0.04016
G1 X111.940 Y96.000 E0.05238
G1 X113.090 Y96.000 E0.04016
G1 X115.330 Y96.000 E0.07823
G1 X116.830 Y96.000 E0.05238
G1 X117.780 Y96.000 E0.03318
G1 X119.630 Y96.000 E0.06461
G1 X120.930 Y96.000 E0.04540
G1 X122.980 Y96.000 E0.07159
G1 X123.780 Y96.000 E0.02794
G1 X124.930 Y96.000 E0.04016
G1 X126.000 Y96.000 E0.03737
G1 X127.134 Y96.164 E0.04002
G1 X128.999 Y97.353 E0.07721
G1 X129.760 Y98.635 E0.05208
G1 X129.975 Y99.558 E0.03310
G1 X130.000 Y100.000 E0.01547
G1 X130.000 Y101.300 E0.04540
G1 X130.000 Y103.350 E0.07159
G1 X130.000 Y104.150 E0.02794
G1 X130.000 Y105.300 E0.04016
G1 X130.000 Y106.800 E0.05238
G1 X130.000 Y107.950 E0.04016
G1 X130.000 Y110.190 E0.07823
G1 X130.000 Y111.690 E0.05238
G1 X130.000 Y112.640 E0.03318
G1 X130.000 Y114.490 E0.06461
G1 X130.000 Y115.790 E0.04540
G1 X130.000 Y117.840 E0.07159
G1 X130.000 Y118.640 E0.02794
G1 X130.000 Y120.000 E0.04750
G1 X129.722 Y121.465 E0.05208
G1 X129.154 Y122.460 E0.04002
G1 X127.365 Y123.760 E0.07721
G1 X126.000 Y124.000 E0.04841
G1 X125.050 Y124.000 E0.03318
G1 X123.200 Y124.000 E0.06461
G1 X121.900 Y124.000 E0.04540
G1 X119.850 Y124.000 E0.07159
G1 X119.050 Y124.000 E0.02794
G1 X117.900 Y124.000 E0.04016
G1 X116.400 Y124.000 E0.05238
G1 X115.250 Y124.000 E0.04016
G1 X113.010 Y124.000 E0.07823
G1 X111.510 Y124.000 E0.05238
G1 X110.560 Y124.000 E0.03318
G1 X108.710 Y124.000 E0.06461
G1 X107.410 Y124.000 E0.04540
G1 X105.360 Y124.000 E0.07159
G1 X104.560 Y124.000 E0.02794
G1 X103.410 Y124.000 E0.04016
G1 X101.910 Y124.000 E0.05238
G1 X100.760 Y124.000 E0.04016
G1 X98.520 Y124.000 E0.07823
G1 X97.020 Y124.000 E0.05238
G1 X96.070 Y124.000 E0.03318
G1 X94.000 Y124.000 E0.07229
G1 X92.723 Y123.791 E0.04520
G1 X91.028 Y122.677 E0.07081
G1 X90.555 Y122.033 E0.02789
G1 X90.120 Y120.973 E0.04002
G1 X90.000 Y120.000 E0.03425
G1 X90.000 Y118.850 E0.04016
G1 X90.000 Y116.610 E0.07823
G1 X90.000 Y115.110 E0.05238
G1 X90.000 Y114.160 E0.03318
G1 X90.000 Y112.310 E0.06461
G1 X90.000 Y111.010 E0.04540
G1 X90.000 Y108.960 E0.07159
G1 X90.000 Y108.160 E0.02794
G1 X90.000 Y107.010 E0.04016
G1 X90.000 Y105.510 E0.05238
G1 X90.000 Y104.360 E0.04016
G1 X90.000 Y102.120 E0.07823
G1 X90.000 Y100.620 E0.05238
G1 X90.000 Y100.000 E0.02165
G1 X90.420 Y98.215 E0.06403
G1 X91.178 Y97.166 E0.04520
G1 X92.930 Y96.146 E0.07081
G1 X94.000 Y96.000 E0.03771
;TYPE:Inner wall
G1 X94.000 Y96.420 F9000
G1 X94.800 Y96.420 E0.02794 F1800
G1 X95.950 Y96.420 E0.04016
G1 X97.450 Y96.420 E0.05238
G1 X98.600 Y96.420 E0.04016
G1 X100.840 Y96.420 E0.07823
G1 X102.340 Y96.420 E0.05238
G1 X103.290 Y96.420 E0.03318
G1 X105.140 Y96.420 E0.06461
G1 X106.440 Y96.420 E0.04540
G1 X108.490 Y96.420 E0.07159
G1 X109.290 Y96.420 E0.02794
G1 X110.440 Y96.420 E0.04016
G1 X111.940 Y96.420 E0.05238
G1 X113.090 Y96.420 E0.04016
G1 X115.330 Y96.420 E0.07823
G1 X116.830 Y96.420 E0.05238
G1 X117.780 Y96.420 E0.03318
G1 X119.630 Y96.420 E0.06461
G1 X120.930 Y96.420 E0.04540
G1 X122.980 Y96.420 E0.07159
G1 X123.780 Y96.420 E0.02794
G1 X124.930 Y96.420 E0.04016
G1 X126.000 Y96.420 E0.03737
G1 X127.130 Y96.603 E0.03999
G1 X128.906 Y97.909 E0.07696
G1 X129.505 Y99.272 E0.05200
G1 X129.580 Y100.000 E0.02557
G1 X129.580 Y101.850 E0.06461
G1 X129.580 Y103.150 E0.04540
G1 X129.580 Y105.200 E0.07159
G1 X129.580 Y106.000 E0.02794
G1 X129.580 Y107.150 E0.04016
G1 X129.580 Y108.650 E0.05238
G1 X129.580 Y109.800 E0.04016
G1 X129.580 Y112.040 E0.07823
G1 X129.580 Y113.540 E0.05238
G1 X129.580 Y114.490 E0.03318
G1 X129.580 Y116.340 E0.06461
G1 X129.580 Y117.640 E0.04540
G1 X129.580 Y119.690 E0.07159
G1 X129.580 Y120.000 E0.01083
G1 X129.397 Y121.130 E0.03999
G1 X128.643 Y122.415 E0.05200
G1 X127.746 Y123.126 E0.03999
G1 X126.000 Y123.580 E0.06299
G1 X124.500 Y123.580 E0.05238
G1 X123.550 Y123.580 E0.03318
G1 X121.700 Y123.580 E0.06461
G1 X120.400 Y123.580 E0.04540
G1 X118.350 Y123.580 E0.07159
G1 X117.550 Y123.580 E0.02794
G1 X116.400 Y123.580 E0.04016
G1 X114.900 Y123.580 E0.05238
G1 X113.750 Y123.580 E0.04016
G1 X111.510 Y123.580 E0.07823
G1 X110.010 Y123.580 E0.05238
G1 X109.060 Y123.580 E0.03318
G1 X107.210 Y123.580 E0.06461
G1 X105.910 Y123.580 E0.04540
G1 X103.860 Y123.580 E0.07159
G1 X103.060 Y123.580 E0.02794
G1 X101.910 Y123.580 E0.04016
G1 X100.410 Y123.580 E0.05238
G1 X99.260 Y123.580 E0.04016
G1 X97.020 Y123.580 E0.07823
G1 X95.520 Y123.580 E0.05238
G1 X94.570 Y123.580 E0.03318
G1 X94.000 Y123.580 E0.01991
G1 X92.728 Y123.347 E0.04515
G1 X91.118 Y122.124 E0.07062
G1 X90.719 Y121.432 E0.02788
G1 X90.435 Y120.323 E0.03999
G1 X90.420 Y120.000 E0.01129
G1 X90.420 Y118.850 E0.04016
G1 X90.420 Y116.610 E0.07823
G1 X90.420 Y115.110 E0.05238
G1 X90.420 Y114.160 E0.03318
G1 X90.420 Y112.310 E0.06461
G1 X90.420 Y111.010 E0.04540
G1 X90.420 Y108.960 E0.07159
G1 X90.420 Y108.160 E0.02794
G1 X90.420 Y107.010 E0.04016
G1 X90.420 Y105.510 E0.05238
G1 X90.420 Y104.360 E0.04016
G1 X90.420 Y102.120 E0.07823
G1 X90.420 Y100.620 E0.05238
G1 X90.420 Y100.000 E0.02165
G1 X90.887 Y98.231 E0.06389
G1 X91.719 Y97.241 E0.04515
G1 X93.578 Y96.445 E0.07062
G1 X94.000 Y96.420 E0.01478
;TYPE:Sparse infill
G1 E-0.80000 F2100
G1 Z3.800 F9000
G1 X91.040 Y97.040
G1 Z3.400
G1 E0.80000 F2100
G1 X91.840 Y97.040 E0.02794 F2400
G1 X92.990 Y97.040 E0.04016
G1 X94.490 Y97.040 E0.05238
G1 X95.640 Y97.040 E0.04016
G1 X97.880 Y97.040 E0.07823
G1 X99.380 Y97.040 E0.05238
G1 X100.330 Y97.040 E0.03318
G1 X102.180 Y97.040 E0.06461
G1 X103.480 Y97.040 E0.04540
G1 X105.530 Y97.040 E0.07159
G1 X106.330 Y97.040 E0.02794
G1 X107.480 Y97.040 E0.04016
G1 X108.980 Y97.040 E0.05238
G1 X110.130 Y97.040 E0.04016
G1 X112.370 Y97.040 E0.07823
G1 X113.870 Y97.040 E0.05238
G1 X114.820 Y97.040 E0.03318
G1 X116.670 Y97.040 E0.06461
G1 X117.970 Y97.040 E0.04540
G1 X120.020 Y97.040 E0.07159
G1 X120.820 Y97.040 E0.02794
G1 X121.970 Y97.040 E0.04016
G1 X123.470 Y97.040 E0.05238
G1 X124.620 Y97.040 E0.04016
G1 X126.860 Y97.040 E0.07823
G1 X128.360 Y97.040 E0.05238
G1 X128.960 Y97.040 E0.02095
G1 X128.960 Y99.440 E0.08382
G1 X127.810 Y99.440 E0.04016
G1 X126.310 Y99.440 E0.05238
G1 X125.160 Y99.440 E0.04016
G1 X122.920 Y99.440 E0.07823
G1 X121.420 Y99.440 E0.05238
G1 X120.470 Y99.440 E0.03318
G1 X118.620 Y99.440 E0.06461
G1 X117.320 Y99.440 E0.04540
G1 X115.270 Y99.440 E0.07159
G1 X114.470 Y99.440 E0.02794
G1 X113.320 Y99.440 E0.04016
G1 X111.820 Y99.440 E0.05238
G1 X110.670 Y99.440 E0.04016
G1 X108.430 Y99.440 E0.07823
G1 X106.930 Y99.440 E0.05238
G1 X105.980 Y99.440 E0.03318
G1 X104.130 Y99.440 E0.06461
G1 X102.830 Y99.440 E0.04540
G1 X100.780 Y99.440 E0.07159
G1 X99.980 Y99.440 E0.02794
G1 X98.830 Y99.440 E0.04016
G1 X97.330 Y99.440 E0.05238
G1 X96.180 Y99.440 E0.04016
G1 X93.940 Y99.440 E0.07823
G1 X92.440 Y99.440 E0.05238
G1 X91.490 Y99.440 E0.03318
G1 X91.040 Y99.440 E0.01572
G1 X91.040 Y101.840 E0.08382
G1 X92.540 Y101.840 E0.05238
G1 X93.690 Y101.840 E0.04016
G1 X95.930 Y101.840 E0.07823
G1 X97.430 Y101.840 E0.05238
G1 X98.380 Y101.840 E0.03318
G1 X100.230 Y101.840 E0.06461
G1 X101.530 Y101.840 E0.04540
G1 X103.580 Y101.840 E0.07159
G1 X104.380 Y101.840 E0.02794
G1 X105.530 Y101.840 E0.04016
G1 X107.030 Y101.840 E0.05238
G1 X108.180 Y101.840 E0.04016
G1 X110.420 Y101.840 E0.07823
G1 X111.920 Y101.840 E0.05238
G1 X112.870 Y101.840 E0.03318
G1 X114.720 Y101.840 E0.06461
G1 X116.020 Y101.840 E0.04540
G1 X118.070 Y101.840 E0.07159
G1 X118.870 Y101.840 E0.02794
G1 X120.020 Y101.840 E0.04016
G1 X121.520 Y101.840 E0.05238
G1 X122.670 Y101.840 E0.04016
G1 X124.910 Y101.840 E0.07823
G1 X126.410 Y101.840 E0.05238
G1 X127.360 Y101.840 E0.03318
G1 X128.960 Y101.840 E0.05588
G1 X128.960 Y104.240 E0.08382
G1 X127.810 Y104.240 E0.04016
G1 X125.570 Y104.240 E0.07823
G1 X124.070 Y104.240 E0.05238
G1 X123.120 Y104.240 E0.03318
G1 X121.270 Y104.240 E0.06461
G1 X119.970 Y104.240 E0.04540
G1 X117.920 Y104.240 E0.07159
G1 X117.120 Y104.240 E0.02794
G1 X115.970 Y104.240 E0.04016
G1 X114.470 Y104.240 E0.05238
G1 X113.320 Y104.240 E0.04016
G1 X111.080 Y104.240 E0.07823
G1 X109.580 Y104.240 E0.05238
G1 X108.630 Y104.240 E0.03318
G1 X106.780 Y104.240 E0.06461
G1 X105.480 Y104.240 E0.04540
G1 X103.430 Y104.240 E0.07159
G1 X102.630 Y104.240 E0.02794
G1 X101.480 Y104.240 E0.04016
G1 X99.980 Y104.240 E0.05238
G1 X98.830 Y104.240 E0.04016
G1 X96.590 Y104.240 E0.07823
G1 X95.090 Y104.240 E0.05238
G1 X94.140 Y104.240 E0.03318
G1 X92.290 Y104.240 E0.06461
G1 X91.040 Y104.240 E0.04365
G1 X91.040 Y106.640 E0.08382
G1 X93.280 Y106.640 E0.07823
G1 X94.780 Y106.640 E0.05238
G1 X95.730 Y106.640 E0.03318
G1 X97.580 Y106.640 E0.06461
G1 X98.880 Y106.640 E0.04540
G1 X100.930 Y106.640 E0.07159
G1 X101.730 Y106.640 E0.02794
G1 X102.880 Y106.640 E0.04016
G1 X104.380 Y106.640 E0.05238
G1 X105.530 Y106.640 E0.04016
G1 X107.770 Y106.640 E0.07823
G1 X109.270 Y106.640 E0.05238
G1 X110.220 Y106.640 E0.03318
G1 X112.070 Y106.640 E0.06461
G1 X113.370 Y106.640 E0.04540
G1 X115.420 Y106.640 E0.07159
G1 X116.220 Y106.640 E0.02794
G1 X117.370 Y106.640 E0.04016
G1 X118.870 Y106.640 E0.05238
G1 X120.020 Y106.640 E0.04016
G1 X122.260 Y106.640 E0.07823
G1 X123.760 Y106.640 E0.05238
G1 X124.710 Y106.640 E0.03318
G1 X126.560 Y106.640 E0.06461
G1 X127.860 Y106.640 E0.04540
G1 X128.960 Y106.640 E0.03842
G1 X128.960 Y109.040 E0.08382
G1 X127.460 Y109.040 E0.05238
G1 X126.510 Y109.040 E0.03318
G1 X124.660 Y109.040 E0.06461
G1 X123.360 Y109.040 E0.04540
G1 X121.310 Y109.040 E0.07159
G1 X120.510 Y109.040 E0.02794
G1 X119.360 Y109.040 E0.04016
G1 X117.860 Y109.040 E0.05238
G1 X116.710 Y109.040 E0.04016
G1 X114.470 Y109.040 E0.07823
G1 X112.970 Y109.040 E0.05238
G1 X112.020 Y109.040 E0.03318
G1 X110.170 Y109.040 E0.06461
G1 X108.870 Y109.040 E0.04540
G1 X106.820 Y109.040 E0.07159
G1 X106.020 Y109.040 E0.02794
G1 X104.870 Y109.040 E0.04016
G1 X103.370 Y109.040 E0.05238
G1 X102.220 Y109.040 E0.04016
G1 X99.980 Y109.040 E0.07823
G1 X98.480 Y109.040 E0.05238
G1 X97.530 Y109.040 E0.03318
G1 X95.680 Y109.040 E0.06461
G1 X94.380 Y109.040 E0.04540
G1 X92.330 Y109.040 E0.07159
G1 X91.530 Y109.040 E0.02794
G1 X91.040 Y109.040 E0.01711
G1 X91.040 Y111.440 E0.08382
G1 X91.990 Y111.440 E0.03318
G1 X93.840 Y111.440 E0.06461
G1 X95.140 Y111.440 E0.04540
G1 X97.190 Y111.440 E0.07159
G1 X97.990 Y111.440 E0.02794
G1 X99.140 Y111.440 E0.04016
G1 X100.640 Y111.440 E0.05238
G1 X101.790 Y111.440 E0.04016
G1 X104.030 Y111.440 E0.07823
G1 X105.530 Y111.440 E0.05238
G1 X106.480 Y111.440 E0.03318
G1 X108.330 Y111.440 E0.06461
G1 X109.630 Y111.440 E0.04540
G1 X111.680 Y111.440 E0.07159
G1 X112.480 Y111.440 E0.02794
G1 X113.630 Y111.440 E0.04016
G1 X115.130 Y111.440 E0.05238
G1 X116.280 Y111.440 E0.04016
G1 X118.520 Y111.440 E0.07823
G1 X120.020 Y111.440 E0.05238
G1 X120.970 Y111.440 E0.03318
G1 X122.820 Y111.440 E0.06461
G1 X124.120 Y111.440 E0.04540
G1 X126.170 Y111.440 E0.07159
G1 X126.970 Y111.440 E0.02794
G1 X128.120 Y111.440 E0.04016
G1 X128.960 Y111.440 E0.02934
G1 X128.960 Y113.840 E0.08382
G1 X127.110 Y113.840 E0.06461
G1 X125.810 Y113.840 E0.04540
G1 X123.760 Y113.840 E0.07159
G1 X122.960 Y113.840 E0.02794
G1 X121.810 Y113.840 E0.04016
G1 X120.310 Y113.840 E0.05238
G1 X119.160 Y113.840 E0.04016
G1 X116.920 Y113.840 E0.07823
G1 X115.420 Y113.840 E0.05238
G1 X114.470 Y113.840 E0.03318
G1 X112.620 Y113.840 E0.06461
G1 X111.320 Y113.840 E0.04540
G1 X109.270 Y113.840 E0.07159
G1 X108.470 Y113.840 E0.02794
G1 X107.320 Y113.840 E0.04016
G1 X105.820 Y113.840 E0.05238
G1 X104.670 Y113.840 E0.04016
G1 X102.430 Y113.840 E0.07823
G1 X100.930 Y113.840 E0.05238
G1 X99.980 Y113.840 E0.03318
G1 X98.130 Y113.840 E0.06461
G1 X96.830 Y113.840 E0.04540
G1 X94.780 Y113.840 E0.07159
G1 X93.980 Y113.840 E0.02794
G1 X92.830 Y113.840 E0.04016
G1 X91.040 Y113.840 E0.06251
G1 X91.040 Y116.240 E0.08382
G1 X92.340 Y116.240 E0.04540
G1 X94.390 Y116.240 E0.07159
G1 X95.190 Y116.240 E0.02794
G1 X96.340 Y116.240 E0.04016
G1 X97.840 Y116.240 E0.05238
G1 X98.990 Y116.240 E0.04016
G1 X101.230 Y116.240 E0.07823
G1 X102.730 Y116.240 E0.05238
G1 X103.680 Y116.240 E0.03318
G1 X105.530 Y116.240 E0.06461
G1 X106.830 Y116.240 E0.04540
G1 X108.880 Y116.240 E0.07159
G1 X109.680 Y116.240 E0.02794
G1 X110.830 Y116.240 E0.04016
G1 X112.330 Y116.240 E0.05238
G1 X113.480 Y116.240 E0.04016
G1 X115.720 Y116.240 E0.07823
G1 X117.220 Y116.240 E0.05238
G1 X118.170 Y116.240 E0.03318
G1 X120.020 Y116.240 E0.06461
G1 X121.320 Y116.240 E0.04540
G1 X123.370 Y116.240 E0.07159
G1 X124.170 Y116.240 E0.02794
G1 X125.320 Y116.240 E0.04016
G1 X126.820 Y116.240 E0.05238
G1 X127.970 Y116.240 E0.04016
G1 X128.960 Y116.240 E0.03457
G1 X128.960 Y118.640 E0.08382
G1 X126.910 Y118.640 E0.07159
G1 X126.110 Y118.640 E0.02794
G1 X124.960 Y118.640 E0.04016
G1 X123.460 Y118.640 E0.05238
G1 X122.310 Y118.640 E0.04016
G1 X120.070 Y118.640 E0.07823
G1 X118.570 Y118.640 E0.05238
G1 X117.620 Y118.640 E0.03318
G1 X115.770 Y118.640 E0.06461
G1 X114.470 Y118.640 E0.04540
G1 X112.420 Y118.640 E0.07159
G1 X111.620 Y118.640 E0.02794
G1 X110.470 Y118.640 E0.04016
G1 X108.970 Y118.640 E0.05238
G1 X107.820 Y118.640 E0.04016
G1 X105.580 Y118.640 E0.07823
G1 X104.080 Y118.640 E0.05238
G1 X103.130 Y118.640 E0.03318
G1 X101.280 Y118.640 E0.06461
G1 X99.980 Y118.640 E0.04540
G1 X97.930 Y118.640 E0.07159
G1 X97.130 Y118.640 E0.02794
G1 X95.980 Y118.640 E0.04016
G1 X94.480 Y118.640 E0.05238
G1 X93.330 Y118.640 E0.04016
G1 X91.040 Y118.640 E0.07997
;LAYER_CHANGE
;Z:3.600
; CHANGE_LAYER
G1 Z3.600 F7200
;TYPE:Outer wall
G1 E-0.80000 F2100
G1 Z4.000 F9000
G1 X94.000 Y96.000
G1 Z3.600
G1 E0.80000 F2100
G1 X94.800 Y96.000 E0.02794 F1800
G1 X95.950 Y96.000 E0.04016
G1 X97.450 Y96.000 E0.05238
G1 X98.600 Y96.000 E0.04016
G1 X100.840 Y96.000 E0.07823
G1 X102.340 Y96.000 E0.05238
G1 X103.290 Y96.000 E0.03318
G1 X105.140 Y96.000 E0.06461
G1 X106.440 Y96.000 E0.04540
G1 X108.490 Y96.000 E0.07159
G1 X109.290 Y96.000 E0.02794
G1 X110.440 Y96.000 E0.04016
G1 X111.940 Y96.000 E0.05238
G1 X113.090 Y96.000 E0.04016
G1 X115.330 Y96.000 E0.07823
G1 X116.830 Y96.000 E0.05238
G1 X117.780 Y96.000 E0.03318
G1 X119.630 Y96.000 E0.06461
G1 X120.930 Y96.000 E0.04540
G1 X122.980 Y96.000 E0.07159
G1 X123.780 Y96.000 E0.02794
G1 X124.930 Y96.000 E0.04016
G1 X126.000 Y96.000 E0.03737
G1 X127.134 Y96.164 E0.04002
G1 X128.999 Y97.353 E0.07721
G1 X129.760 Y98.635 E0.05208
G1 X129.975 Y99.558 E0.03310
G1 X130.000 Y100.000 E0.01547
G1 X130.000 Y101.300 E0.04540
G1 X130.000 Y103.350 E0.07159
G1 X130.000 Y104.150 E0.02794
G1 X130.000 Y105.300 E0.04016
G1 X130.000 Y106.800 E0.05238
G1 X130.000 Y107.950 E0.04016
G1 X130.000 Y110.190 E0.07823
G1 X130.000 Y111.690 E0.05238
G1 X130.000 Y112.640 E0.03318
G1 X130.000 Y114.490 E0.06461
G1 X130.000 Y115.790 E0.04540
G1 X130.000 Y117.840 E0.07159
G1 X130.000 Y118.640 E0.02794
G1 X130.000 Y120.000 E0.04750
G1 X129.722 Y121.465 E0.05208
G1 X129.154 Y122.460 E0.04002
G1 X127.365 Y123.760 E0.07721
G1 X126.000 Y124.000 E0.04841
G1 X125.050 Y124.000 E0.03318
G1 X123.200 Y124.000 E0.06461
G1 X121.900 Y124.000 E0.04540
G1 X119.850 Y124.000 E0.07159
G1 X119.050 Y124.000 E0.02794
G1 X117.900 Y124.000 E0.04016
G1 X116.400 Y124.000 E0.05238
G1 X115.250 Y124.000 E0.04016
G1 X113.010 Y124.000 E0.07823
G1 X111.510 Y124.000 E0.05238
G1 X110.560 Y124.000 E0.03318
G1 X108.710 Y124.000 E0.06461
G1 X107.410 Y124.000 E0.04540
G1 X105.360 Y124.000 E0.07159
G1 X104.560 Y124.000 E0.02794
G1 X103.410 Y124.000 E0.04016
G1 X101.910 Y124.000 E0.05238
G1 X100.760 Y124.000 E0.04016
G1 X98.520 Y124.000 E0.07823
G1 X97.020 Y124.000 E0.05238
G1 X96.070 Y124.000 E0.03318
G1 X94.000 Y124.000 E0.07229
G1 X92.723 Y123.791 E0.04520
G1 X91.028 Y122.677 E0.07081
G1 X90.555 Y122.033 E0.02789
G1 X90.120 Y120.973 E0.04002
G1 X90.000 Y120.000 E0.03425
G1 X90.000 Y118.850 E0.04016
G1 X90.000 Y116.610 E0.07823
G1 X90.000 Y115.110 E0.05238
G1 X90.000 Y114.160 E0.03318
G1 X90.000 Y112.310 E0.06461
G1 X90.000 Y111.010 E0.04540
G1 X90.000 Y108.960 E0.07159
G1 X90.000 Y108.160 E0.02794
G1 X90.000 Y107.010 E0.04016
G1 X90.000 Y105.510 E0.05238
G1 X90.000 Y104.360 E0.04016
G1 X90.000 Y102.120 E0.07823
G1 X90.000 Y100.620 E0.05238
G1 X90.000 Y100.000 E0.02165
G1 X90.420 Y98.215 E0.06403
G1 X91.178 Y97.166 E0.04520
G1 X92.930 Y96.146 E0.07081
G1 X94.000 Y96.000 E0.03771
;TYPE:Inner wall
G1 X94.000 Y96.420 F9000
G1 X94.800 Y96.420 E0.02794 F1800
G1 X95.950 Y96.420 E0.04016
G1 X97.450 Y96.420 E0.05238
G1 X98.600 Y96.420 E0.04016
G1 X100.840 Y96.420 E0.07823
G1 X102.340 Y96.420 E0.05238
G1 X103.290 Y96.420 E0.03318
G1 X105.140 Y96.420 E0.06461
G1 X106.440 Y96.420 E0.04540
G1 X108.490 Y96.420 E0.07159
G1 X109.290 Y96.420 E0.02794
G1 X110.440 Y96.420 E0.04016
G1 X111.940 Y96.420 E0.05238
G1 X113.090 Y96.420 E0.04016
G1 X115.330 Y96.420 E0.07823
G1 X116.830 Y96.420 E0.05238
G1 X117.780 Y96.420 E0.03318
G1 X119.630 Y96.420 E0.06461
G1 X120.930 Y96.420 E0.04540
G1 X122.980 Y96.420 E0.07159
G1 X123.780 Y96.420 E0.02794
G1 X124.930 Y96.420 E0.04016
G1 X126.000 Y96.420 E0.03737
G1 X127.130 Y96.603 E0.03999
G1 X128.906 Y97.909 E0.07696
G1 X129.505 Y99.272 E0.05200
G1 X129.580 Y100.000 E0.02557
G1 X129.580 Y101.850 E0.06461
G1 X129.580 Y103.150 E0.04540
G1 X129.580 Y105.200 E0.07159
G1 X129.580 Y106.000 E0.02794
G1 X129.580 Y107.150 E0.04016
G1 X129.580 Y108.650 E0.05238
G1 X129.580 Y109.800 E0.04016
G1 X129.580 Y112.040 E0.07823
G1 X129.580 Y113.540 E0.05238
G1 X129.580 Y114.490 E0.03318
G1 X129.580 Y116.340 E0.06461
G1 X129.580 Y117.640 E0.04540
G1 X129.580 Y119.690 E0.07159
G1 X129.580 Y120.000 E0.01083
G1 X129.397 Y121.130 E0.03999
G1 X128.643 Y122.415 E0.05200
G1 X127.746 Y123.126 E0.03999
G1 X126.000 Y123.580 E0.06299
G1 X124.500 Y123.580 E0.05238
G1 X123.550 Y123.580 E0.03318
G1 X121.700 Y123.580 E0.06461
G1 X120.400 Y123.580 E0.04540
G1 X118.350 Y123.580 E0.07159
G1 X117.550 Y123.580 E0.02794
G1 X116.400 Y123.580 E0.04016
G1 X114.900 Y123.580 E0.05238
G1 X113.750 Y123.580 E0.04016
G1 X111.510 Y123.580 E0.07823
G1 X110.010 Y123.580 E0.05238
G1 X109.060 Y123.580 E0.03318
G1 X107.210 Y123.580 E0.06461
G1 X105.910 Y123.580 E0.04540
G1 X103.860 Y123.580 E0.07159
G1 X103.060 Y123.580 E0.02794
G1 X101.910 Y123.580 E0.04016
G1 X100.410 Y123.580 E0.05238
G1 X99.260 Y123.580 E0.04016
G1 X97.020 Y123.580 E0.07823
G1 X95.520 Y123.580 E0.05238
G1 X94.570 Y123.580 E0.03318
G1 X94.000 Y123.580 E0.01991
G1 X92.728 Y123.347 E0.04515
G1 X91.118 Y122.124 E0.07062
G1 X90.719 Y121.432 E0.02788
G1 X90.435 Y120.323 E0.03999
G1 X90.420 Y120.000 E0.01129
G1 X90.420 Y118.850 E0.04016
G1 X90.420 Y116.610 E0.07823
G1 X90.420 Y115.110 E0.05238
G1 X90.420 Y114.160 E0.03318
G1 X90.420 Y112.310 E0.06461
G1 X90.420 Y111.010 E0.04540
G1 X90.420 Y108.960 E0.07159
G1 X90.420 Y108.160 E0.02794
G1 X90.420 Y107.010 E0.04016
G1 X90.420 Y105.510 E0.05238
G1 X90.420 Y104.360 E0.04016
G1 X90.420 Y102.120 E0.07823
G1 X90.420 Y100.620 E0.05238
G1 X90.420 Y100.000 E0.02165
G1 X90.887 Y98.231 E0.06389
G1 X91.719 Y97.241 E0.04515
G1 X93.578 Y96.445 E0.07062
G1 X94.000 Y96.420 E0.01478
;TYPE:Sparse infill
G1 E-0.80000 F2100
G1 Z4.000 F9000
G1 X128.960 Y97.040
G1 Z3.600
G1 E0.80000 F2100
G1 X128.160 Y97.040 E0.02794 F2400
G1 X127.010 Y97.040 E0.04016
G1 X125.510 Y97.040 E0.05238
G1 X124.360 Y97.040 E0.04016
G1 X122.120 Y97.040 E0.07823
G1 X120.620 Y97.040 E0.05238
G1 X119.670 Y97.040 E0.03318
G1 X117.820 Y97.040 E0.06461
G1 X116.520 Y97.040 E0.04540
G1 X114.470 Y97.040 E0.07159
G1 X113.670 Y97.040 E0.02794
G1 X112.520 Y97.040 E0.04016
G1 X111.020 Y97.040 E0.05238
G1 X109.870 Y97.040 E0.04016
G1 X107.630 Y97.040 E0.07823
G1 X106.130 Y97.040 E0.05238
G1 X105.180 Y97.040 E0.03318
G1 X103.330 Y97.040 E0.06461
G1 X102.030 Y97.040 E0.04540
G1 X99.980 Y97.040 E0.07159
G1 X99.180 Y97.040 E0.02794
G1 X98.030 Y97.040 E0.04016
G1 X96.530 Y97.040 E0.05238
G1 X95.380 Y97.040 E0.04016
G1 X93.140 Y97.040 E0.07823
G1 X91.640 Y97.040 E0.05238
G1 X91.040 Y97.040 E0.02095
G1 X91.040 Y99.440 E0.08382
G1 X92.190 Y99.440 E0.04016
G1 X93.690 Y99.440 E0.05238
G1 X94.840 Y99.440 E0.04016
G1 X97.080 Y99.440 E0.07823
G1 X98.580 Y99.440 E0.05238
G1 X99.530 Y99.440 E0.03318
G1 X101.380 Y99.440 E0.06461
G1 X102.680 Y99.440 E0.04540
G1 X104.730 Y99.440 E0.07159
G1 X105.530 Y99.440 E0.02794
G1 X106.680 Y99.440 E0.04016
G1 X108.180 Y99.440 E0.05238
G1 X109.330 Y99.440 E0.04016
G1 X111.570 Y99.440 E0.07823
G1 X113.070 Y99.440 E0.05238
G1 X114.020 Y99.440 E0.03318
G1 X115.870 Y99.440 E0.06461
G1 X117.170 Y99.440 E0.04540
G1 X119.220 Y99.440 E0.07159
G1 X120.020 Y99.440 E0.02794
G1 X121.170 Y99.440 E0.04016
G1 X122.670 Y99.440 E0.05238
G1 X123.820 Y99.440 E0.04016
G1 X126.060 Y99.440 E0.07823
G1 X127.560 Y99.440 E0.05238
G1 X128.510 Y99.440 E0.03318
G1 X128.960 Y99.440 E0.01572
G1 X128.960 Y101.840 E0.08382
G1 X127.460 Y101.840 E0.05238
G1 X126.310 Y101.840 E0.04016
G1 X124.070 Y101.840 E0.07823
G1 X122.570 Y101.840 E0.05238
G1 X121.620 Y101.840 E0.03318
G1 X119.770 Y101.840 E0.06461
G1 X118.470 Y101.840 E0.04540
G1 X116.420 Y101.840 E0.07159
G1 X115.620 Y101.840 E0.02794
G1 X114.470 Y101.840 E0.04016
G1 X112.970 Y101.840 E0.05238
G1 X111.820 Y101.840 E0.04016
G1 X109.580 Y101.840 E0.07823
G1 X108.080 Y101.840 E0.05238
G1 X107.130 Y101.840 E0.03318
G1 X105.280 Y101.840 E0.06461
G1 X103.980 Y101.840 E0.04540
G1 X101.930 Y101.840 E0.07159
G1 X101.130 Y101.840 E0.02794
G1 X99.980 Y101.840 E0.04016
G1 X98.480 Y101.840 E0.05238
G1 X97.330 Y101.840 E0.04016
G1 X95.090 Y101.840 E0.07823
G1 X93.590 Y101.840 E0.05238
G1 X92.640 Y101.840 E0.03318
G1 X91.040 Y101.840 E0.05588
G1 X91.040 Y104.240 E0.08382
G1 X92.190 Y104.240 E0.04016
G1 X94.430 Y104.240 E0.07823
G1 X95.930 Y104.240 E0.05238
G1 X96.880 Y104.240 E0.03318
G1 X98.730 Y104.240 E0.06461
G1 X100.030 Y104.240 E0.04540
G1 X102.080 Y104.240 E0.07159
G1 X102.880 Y104.240 E0.02794
G1 X104.030 Y104.240 E0.04016
G1 X105.530 Y104.240 E0.05238
G1 X106.680 Y104.240 E0.04016
G1 X108.920 Y104.240 E0.07823
G1 X110.420 Y104.240 E0.05238
G1 X111.370 Y104.240 E0.03318
G1 X113.220 Y104.240 E0.06461
G1 X114.520 Y104.240 E0.04540
G1 X116.570 Y104.240 E0.07159
G1 X117.370 Y104.240 E0.02794
G1 X118.520 Y104.240 E0.04016
G1 X120.020 Y104.240 E0.05238
G1 X121.170 Y104.240 E0.04016
G1 X123.410 Y104.240 E0.07823
G1 X124.910 Y104.240 E0.05238
G1 X125.860 Y104.240 E0.03318
G1 X127.710 Y104.240 E0.06461
G1 X128.960 Y104.240 E0.04365
G1 X128.960 Y106.640 E0.08382
G1 X126.720 Y106.640 E0.07823
G1 X125.220 Y106.640 E0.05238
G1 X124.270 Y106.640 E0.03318
G1 X122.420 Y106.640 E0.06461
G1 X121.120 Y106.640 E0.04540
G1 X119.070 Y106.640 E0.07159
G1 X118.270 Y106.640 E0.02794
G1 X117.120 Y106.640 E0.04016
G1 X115.620 Y106.640 E0.05238
G1 X114.470 Y106.640 E0.04016
G1 X112.230 Y106.640 E0.07823
G1 X110.730 Y106.640 E0.05238
G1 X109.780 Y106.640 E0.03318
G1 X107.930 Y106.640 E0.06461
G1 X106.630 Y106.640 E0.04540
G1 X104.580 Y106.640 E0.07159
G1 X103.780 Y106.640 E0.02794
G1 X102.630 Y106.640 E0.04016
G1 X101.130 Y106.640 E0.05238
G1 X99.980 Y106.640 E0.04016
G1 X97.740 Y106.640 E0.07823
G1 X96.240 Y106.640 E0.05238
G1 X95.290 Y106.640 E0.03318
G1 X93.440 Y106.640 E0.06461
G1 X92.140 Y106.640 E0.04540
G1 X91.040 Y106.640 E0.03842
G1 X91.040 Y109.040 E0.08382
G1 X92.540 Y109.040 E0.05238
G1 X93.490 Y109.040 E0.03318
G1 X95.340 Y109.040 E0.06461
G1 X96.640 Y109.040 E0.04540
G1 X98.690 Y109.040 E0.07159
G1 X99.490 Y109.040 E0.02794
G1 X100.640 Y109.040 E0.04016
G1 X102.140 Y109.040 E0.05238
G1 X103.290 Y109.040 E0.04016
G1 X105.530 Y109.040 E0.07823
G1 X107.030 Y109.040 E0.05238
G1 X107.980 Y109.040 E0.03318
G1 X109.830 Y109.040 E0.06461
G1 X111.130 Y109.040 E0.04540
G1 X113.180 Y109.040 E0.07159
G1 X113.980 Y109.040 E0.02794
G1 X115.130 Y109.040 E0.04016
G1 X116.630 Y109.040 E0.05238
G1 X117.780 Y109.040 E0.04016
G1 X120.020 Y109.040 E0.07823
G1 X121.520 Y109.040 E0.05238
G1 X122.470 Y109.040 E0.03318
G1 X124.320 Y109.040 E0.06461
G1 X125.620 Y109.040 E0.04540
G1 X127.670 Y109.040 E0.07159
G1 X128.470 Y109.040 E0.02794
G1 X128.960 Y109.040 E0.01711
G1 X128.960 Y111.440 E0.08382
G1 X128.010 Y111.440 E0.03318
G1 X126.160 Y111.440 E0.06461
G1 X124.860 Y111.440 E0.04540
G1 X122.810 Y111.440 E0.07159
G1 X122.010 Y111.440 E0.02794
G1 X120.860 Y111.440 E0.04016
G1 X119.360 Y111.440 E0.05238
G1 X118.210 Y111.440 E0.04016
G1 X115.970 Y111.440 E0.07823
G1 X114.470 Y111.440 E0.05238
G1 X113.520 Y111.440 E0.03318
G1 X111.670 Y111.440 E0.06461
G1 X110.370 Y111.440 E0.04540
G1 X108.320 Y111.440 E0.07159
G1 X107.520 Y111.440 E0.02794
G1 X106.370 Y111.440 E0.04016
G1 X104.870 Y111.440 E0.05238
G1 X103.720 Y111.440 E0.04016
G1 X101.480 Y111.440 E0.07823
G1 X99.980 Y111.440 E0.05238
G1 X99.030 Y111.440 E0.03318
G1 X97.180 Y111.440 E0.06461
G1 X95.880 Y111.440 E0.04540
G1 X93.830 Y111.440 E0.07159
G1 X93.030 Y111.440 E0.02794
G1 X91.880 Y111.440 E0.04016
G1 X91.040 Y111.440 E0.02934
G1 X91.040 Y113.840 E0.08382
G1 X92.890 Y113.840 E0.06461
G1 X94.190 Y113.840 E0.04540
G1 X96.240 Y113.840 E0.07159
G1 X97.040 Y113.840 E0.02794
G1 X98.190 Y113.840 E0.04016
G1 X99.690 Y113.840 E0.05238
G1 X100.840 Y113.840 E0.04016
G1 X103.080 Y113.840 E0.07823
G1 X104.580 Y113.840 E0.05238
G1 X105.530 Y113.840 E0.03318
G1 X107.380 Y113.840 E0.06461
G1 X108.680 Y113.840 E0.04540
G1 X110.730 Y113.840 E0.07159
G1 X111.530 Y113.840 E0.02794
G1 X112.680 Y113.840 E0.04016
G1 X114.180 Y113.840 E0.05238
G1 X115.330 Y113.840 E0.04016
G1 X117.570 Y113.840 E0.07823
G1 X119.070 Y113.840 E0.05238
G1 X120.020 Y113.840 E0.03318
G1 X121.870 Y113.840 E0.06461
G1 X123.170 Y113.840 E0.04540
G1 X125.220 Y113.840 E0.07159
G1 X126.020 Y113.840 E0.02794
G1 X127.170 Y113.840 E0.04016
G1 X128.960 Y113.840 E0.06251
G1 X128.960 Y116.240 E0.08382
G1 X127.660 Y116.240 E0.04540
G1 X125.610 Y116.240 E0.07159
G1 X124.810 Y116.240 E0.02794
G1 X123.660 Y116.240 E0.04016
G1 X122.160 Y116.240 E0.05238
G1 X121.010 Y116.240 E0.04016
G1 X118.770 Y116.240 E0.07823
G1 X117.270 Y116.240 E0.05238
G1 X116.320 Y116.240 E0.03318
G1 X114.470 Y116.240 E0.06461
G1 X113.170 Y116.240 E0.04540
G1 X111.120 Y116.240 E0.07159
G1 X110.320 Y116.240 E0.02794
G1 X109.170 Y116.240 E0.04016
G1 X107.670 Y116.240 E0.05238
G1 X106.520 Y116.240 E0.04016
G1 X104.280 Y116.240 E0.07823
G1 X102.780 Y116.240 E0.05238
G1 X101.830 Y116.240 E0.03318
G1 X99.980 Y116.240 E0.06461
G1 X98.680 Y116.240 E0.04540
G1 X96.630 Y116.240 E0.07159
G1 X95.830 Y116.240 E0.02794
G1 X94.680 Y116.240 E0.04016
G1 X93.180 Y116.240 E0.05238
G1 X92.030 Y116.240 E0.04016
G1 X91.040 Y116.240 E0.03457
G1 X91.040 Y118.640 E0.08382
G1 X93.090 Y118.640 E0.07159
G1 X93.890 Y118.640 E0.02794
G1 X95.040 Y118.640 E0.04016
G1 X96.540 Y118.640 E0.05238
G1 X97.690 Y118.640 E0.04016
G1 X99.930 Y118.640 E0.07823
G1 X101.430 Y118.640 E0.05238
G1 X102.380 Y118.640 E0.03318
G1 X104.230 Y118.640 E0.06461
G1 X105.530 Y118.640 E0.04540
G1 X107.580 Y118.640 E0.07159
G1 X108.380 Y118.640 E0.02794
G1 X109.530 Y118.640 E0.04016
G1 X111.030 Y118.640 E0.05238
G1 X112.180 Y118.640 E0.04016
G1 X114.420 Y118.640 E0.07823
G1 X115.920 Y118.640 E0.05238
G1 X116.870 Y118.640 E0.03318
G1 X118.720 Y118.640 E0.06461
G1 X120.020 Y118.640 E0.04540
G1 X122.070 Y118.640 E0.07159
G1 X122.870 Y118.640 E0.02794
G1 X124.020 Y118.640 E0.04016
G1 X125.520 Y118.640 E0.05238
G1 X126.670 Y118.640 E0.04016
G1 X128.960 Y118.640 E0.07997
;LAYER_CHANGE
;Z:3.800
; CHANGE_LAYER
G1 Z3.800 F7200
;TYPE:Outer wall
G1 E-0.80000 F2100
G1 Z4.200 F9000
G1 X94.000 Y96.000
G1 Z3.800
G1 E0.80000 F2100
G1 X94.800 Y96.000 E0.02794 F1800
G1 X95.950 Y96.000 E0.04016
G1 X97.450 Y96.000 E0.05238
G1 X98.600 Y96.000 E0.04016
G1 X100.840 Y96.000 E0.07823
G1 X102.340 Y96.000 E0.05238
G1 X103.290 Y96.000 E0.03318
G1 X105.140 Y96.000 E0.06461
G1 X106.440 Y96.000 E0.04540
G1 X108.490 Y96.000 E0.07159
G1 X109.290 Y96.000 E0.02794
G1 X110.440 Y96.000 E0.04016
G1 X111.940 Y96.000 E0.05238
G1 X113.090 Y96.000 E0.04016
G1 X115.330 Y96.000 E0.07823
G1 X116.830 Y96.000 E0.05238
G1 X117.780 Y96.000 E0.03318
G1 X119.630 Y96.000 E0.06461
G1 X120.930 Y96.000 E0.04540
G1 X122.980 Y96.000 E0.07159
G1 X123.780 Y96.000 E0.02794
G1 X124.930 Y96.000 E0.04016
G1 X126.000 Y96.000 E0.03737
G1 X127.134 Y96.164 E0.04002
G1 X128.999 Y97.353 E0.07721
G1 X129.760 Y98.635 E0.05208
G1 X129.975 Y99.558 E0.03310
G1 X130.000 Y100.000 E0.01547
G1 X130.000 Y101.300 E0.04540
G1 X130.000 Y103.350 E0.07159
G1 X130.000 Y104.150 E0.02794
G1 X130.000 Y105.300 E0.04016
G1 X130.000 Y106.800 E0.05238
G1 X130.000 Y107.950 E0.04016
G1 X130.000 Y110.190 E0.07823
G1 X130.000 Y111.690 E0.05238
G1 X130.000 Y112.640 E0.03318
G1 X130.000 Y114.490 E0.06461
G1 X130.000 Y115.790 E0.04540
G1 X130.000 Y117.840 E0.07159
G1 X130.000 Y118.640 E0.02794
G1 X130.000 Y120.000 E0.04750
G1 X129.722 Y121.465 E0.05208
G1 X129.154 Y122.460 E0.04002
G1 X127.365 Y123.760 E0.07721
G1 X126.000 Y124.000 E0.04841
G1 X125.050 Y124.000 E0.03318
G1 X123.200 Y124.000 E0.06461
G1 X121.900 Y124.000 E0.04540
G1 X119.850 Y124.000 E0.07159
G1 X119.050 Y124.000 E0.02794
G1 X117.900 Y124.000 E0.04016
G1 X116.400 Y124.000 E0.05238
G1 X115.250 Y124.000 E0.04016
G1 X113.010 Y124.000 E0.07823
G1 X111.510 Y124.000 E0.05238
G1 X110.560 Y124.000 E0.03318
G1 X108.710 Y124.000 E0.06461
G1 X107.410 Y124.000 E0.04540
G1 X105.360 Y124.000 E0.07159
G1 X104.560 Y124.000 E0.02794
G1 X103.410 Y124.000 E0.04016
G1 X101.910 Y124.000 E0.05238
G1 X100.760 Y124.000 E0.04016
G1 X98.520 Y124.000 E0.07823
G1 X97.020 Y124.000 E0.05238
G1 X96.070 Y124.000 E0.03318
G1 X94.000 Y124.000 E0.07229
G1 X92.723 Y123.791 E0.04520
G1 X91.028 Y122.677 E0.07081
G1 X90.555 Y122.033 E0.02789
G1 X90.120 Y120.973 E0.04002
G1 X90.000 Y120.000 E0.03425
G1 X90.000 Y118.850 E0.04016
G1 X90.000 Y116.610 E0.07823
G1 X90.000 Y115.110 E0.05238
G1 X90.000 Y114.160 E0.03318
G1 X90.000 Y112.310 E0.06461
G1 X90.000 Y111.010 E0.04540
G1 X90.000 Y108.960 E0.07159
G1 X90.000 Y108.160 E0.02794
G1 X90.000 Y107.010 E0.04016
G1 X90.000 Y105.510 E0.05238
G1 X90.000 Y104.360 E0.04016
G1 X90.000 Y102.120 E0.07823
G1 X90.000 Y100.620 E0.05238
G1 X90.000 Y100.000 E0.02165
G1 X90.420 Y98.215 E0.06403
G1 X91.178 Y97.166 E0.04520
G1 X92.930 Y96.146 E0.07081
G1 X94.000 Y96.000 E0.03771
;TYPE:Inner wall
G1 X94.000 Y96.420 F9000
G1 X94.800 Y96.420 E0.02794 F1800
G1 X95.950 Y96.420 E0.04016
G1 X97.450 Y96.420 E0.05238
G1 X98.600 Y96.420 E0.04016
G1 X100.840 Y96.420 E0.07823
G1 X102.340 Y96.420 E0.05238
G1 X103.290 Y96.420 E0.03318
G1 X105.140 Y96.420 E0.06461
G1 X106.440 Y96.420 E0.04540
G1 X108.490 Y96.420 E0.07159
G1 X109.290 Y96.420 E0.02794
G1 X110.440 Y96.420 E0.04016
G1 X111.940 Y96.420 E0.05238
G1 X113.090 Y96.420 E0.04016
G1 X115.330 Y96.420 E0.07823
G1 X116.830 Y96.420 E0.05238
G1 X117.780 Y96.420 E0.03318
G1 X119.630 Y96.420 E0.06461
G1 X120.930 Y96.420 E0.04540
G1 X122.980 Y96.420 E0.07159
G1 X123.780 Y96.420 E0.02794
G1 X124.930 Y96.420 E0.04016
G1 X126.000 Y96.420 E0.03737
G1 X127.130 Y96.603 E0.03999
G1 X128.906 Y97.909 E0.07696
G1 X129.505 Y99.272 E0.05200
G1 X129.580 Y100.000 E0.02557
G1 X129.580 Y101.850 E0.06461
G1 X129.580 Y103.150 E0.04540
G1 X129.580 Y105.200 E0.07159
G1 X129.580 Y106.000 E0.02794
G1 X129.580 Y107.150 E0.04016
G1 X129.580 Y108.650 E0.05238
G1 X129.580 Y109.800 E0.04016
G1 X129.580 Y112.040 E0.07823
G1 X129.580 Y113.540 E0.05238
G1 X129.580 Y114.490 E0.03318
G1 X129.580 Y116.340 E0.06461
G1 X129.580 Y117.640 E0.04540
G1 X129.580 Y119.690 E0.07159
G1 X129.580 Y120.000 E0.01083
G1 X129.397 Y121.130 E0.03999
G1 X128.643 Y122.415 E0.05200
G1 X127.746 Y123.126 E0.03999
G1 X126.000 Y123.580 E0.06299
G1 X124.500 Y123.580 E0.05238
G1 X123.550 Y123.580 E0.03318
G1 X121.700 Y123.580 E0.06461
G1 X120.400 Y123.580 E0.04540
G1 X118.350 Y123.580 E0.07159
G1 X117.550 Y123.580 E0.02794
G1 X116.400 Y123.580 E0.04016
G1 X114.900 Y123.580 E0.05238
G1 X113.750 Y123.580 E0.04016
G1 X111.510 Y123.580 E0.07823
G1 X110.010 Y123.580 E0.05238
G1 X109.060 Y123.580 E0.03318
G1 X107.210 Y123.580 E0.06461
G1 X105.910 Y123.580 E0.04540
G1 X103.860 Y123.580 E0.07159
G1 X103.060 Y123.580 E0.02794
G1 X101.910 Y123.580 E0.04016
G1 X100.410 Y123.580 E0.05238
G1 X99.260 Y123.580 E0.04016
G1 X97.020 Y123.580 E0.07823
G1 X95.520 Y123.580 E0.05238
G1 X94.570 Y123.580 E0.03318
G1 X94.000 Y123.580 E0.01991
G1 X92.728 Y123.347 E0.04515
G1 X91.118 Y122.124 E0.07062
G1 X90.719 Y121.432 E0.02788
G1 X90.435 Y120.323 E0.03999
G1 X90.420 Y120.000 E0.01129
G1 X90.420 Y118.850 E0.04016
G1 X90.420 Y116.610 E0.07823
G1 X90.420 Y115.110 E0.05238
G1 X90.420 Y114.160 E0.03318
G1 X90.420 Y112.310 E0.06461
G1 X90.420 Y111.010 E0.04540
G1 X90.420 Y108.960 E0.07159
G1 X90.420 Y108.160 E0.02794
G1 X90.420 Y107.010 E0.04016
G1 X90.420 Y105.510 E0.05238
G1 X90.420 Y104.360 E0.04016
G1 X90.420 Y102.120 E0.07823
G1 X90.420 Y100.620 E0.05238
G1 X90.420 Y100.000 E0.02165
G1 X90.887 Y98.231 E0.06389
G1 X91.719 Y97.241 E0.04515
G1 X93.578 Y96.445 E0.07062
G1 X94.000 Y96.420 E0.01478
;TYPE:Sparse infill
G1 E-0.80000 F2100
G1 Z4.200 F9000
G1 X91.040 Y97.040
G1 Z3.800
G1 E0.80000 F2100
G1 X91.840 Y97.040 E0.02794 F2400
G1 X92.990 Y97.040 E0.04016
G1 X94.490 Y97.040 E0.05238
G1 X95.640 Y97.040 E0.04016
G1 X97.880 Y97.040 E0.07823
G1 X99.380 Y97.040 E0.05238
G1 X100.330 Y97.040 E0.03318
G1 X102.180 Y97.040 E0.06461
G1 X103.480 Y97.040 E0.04540
G1 X105.530 Y97.040 E0.07159
G1 X106.330 Y97.040 E0.02794
G1 X107.480 Y97.040 E0.04016
G1 X108.980 Y97.040 E0.05238
G1 X110.130 Y97.040 E0.04016
G1 X112.370 Y97.040 E0.07823
G1 X113.870 Y97.040 E0.05238
G1 X114.820 Y97.040 E0.03318
G1 X116.670 Y97.040 E0.06461
G1 X117.970 Y97.040 E0.04540
G1 X120.020 Y97.040 E0.07159
G1 X120.820 Y97.040 E0.02794
G1 X121.970 Y97.040 E0.04016
G1 X123.470 Y97.040 E0.05238
G1 X124.620 Y97.040 E0.04016
G1 X126.860 Y97.040 E0.07823
G1 X128.360 Y97.040 E0.05238
G1 X128.960 Y97.040 E0.02095
G1 X128.960 Y99.440 E0.08382
G1 X127.810 Y99.440 E0.04016
G1 X126.310 Y99.440 E0.05238
G1 X125.160 Y99.440 E0.04016
G1 X122.920 Y99.440 E0.07823
G1 X121.420 Y99.440 E0.05238
G1 X120.470 Y99.440 E0.03318
G1 X118.620 Y99.440 E0.06461
G1 X117.320 Y99.440 E0.04540
G1 X115.270 Y99.440 E0.07159
G1 X114.470 Y99.440 E0.02794
G1 X113.320 Y99.440 E0.04016
G1 X111.820 Y99.440 E0.05238
G1 X110.670 Y99.440 E0.04016
G1 X108.430 Y99.440 E0.07823
G1 X106.930 Y99.440 E0.05238
G1 X105.980 Y99.440 E0.03318
G1 X104.130 Y99.440 E0.06461
G1 X102.830 Y99.440 E0.04540
G1 X100.780 Y99.440 E0.07159
G1 X99.980 Y99.440 E0.02794
G1 X98.830 Y99.440 E0.04016
G1 X97.330 Y99.440 E0.05238
G1 X96.180 Y99.440 E0.04016
G1 X93.940 Y99.440 E0.07823
G1 X92.440 Y99.440 E0.05238
G1 X91.490 Y99.440 E0.03318
G1 X91.040 Y99.440 E0.01572
G1 X91.040 Y101.840 E0.08382
G1 X92.540 Y101.840 E0.05238
G1 X93.690 Y101.840 E0.04016
G1 X95.930 Y101.840 E0.07823
G1 X97.430 Y101.840 E0.05238
G1 X98.380 Y101.840 E0.03318
G1 X100.230 Y101.840 E0.06461
G1 X101.530 Y101.840 E0.04540
G1 X103.580 Y101.840 E0.07159
G1 X104.380 Y101.840 E0.02794
G1 X105.530 Y101.840 E0.04016
G1 X107.030 Y101.840 E0.05238
G1 X108.180 Y101.840 E0.04016
G1 X110.420 Y101.840 E0.07823
G1 X111.920 Y101.840 E0.05238
G1 X112.870 Y101.840 E0.03318
G1 X114.720 Y101.840 E0.06461
G1 X116.020 Y101.840 E0.04540
G1 X118.070 Y101.840 E0.07159
G1 X118.870 Y101.840 E0.02794
G1 X120.020 Y101.840 E0.04016
G1 X121.520 Y101.840 E0.05238
G1 X122.670 Y101.840 E0.04016
G1 X124.910 Y101.840 E0.07823
G1 X126.410 Y101.840 E0.05238
G1 X127.360 Y101.840 E0.03318
G1 X128.960 Y101.840 E0.05588
G1 X128.960 Y104.240 E0.08382
G1 X127.810 Y104.240 E0.04016
G1 X125.570 Y104.240 E0.07823
G1 X124.070 Y104.240 E0.05238
G1 X123.120 Y104.240 E0.03318
G1 X121.270 Y104.240 E0.06461
G1 X119.970 Y104.240 E0.04540
G1 X117.920 Y104.240 E0.07159
G1 X117.120 Y104.240 E0.02794
G1 X115.970 Y104.240 E0.04016
G1 X114.470 Y104.240 E0.05238
G1 X113.320 Y104.240 E0.04016
G1 X111.080 Y104.240 E0.07823
G1 X109.580 Y104.240 E0.05238
G1 X108.630 Y104.240 E0.03318
G1 X106.780 Y104.240 E0.06461
G1 X105.480 Y104.240 E0.04540
G1 X103.430 Y104.240 E0.07159
G1 X102.630 Y104.240 E0.02794
G1 X101.480 Y104.240 E0.04016
G1 X99.980 Y104.240 E0.05238
G1 X98.830 Y104.240 E0.04016
G1 X96.590 Y104.240 E0.07823
G1 X95.090 Y104.240 E0.05238
G1 X94.140 Y104.240 E0.03318
G1 X92.290 Y104.240 E0.06461
G1 X91.040 Y104.240 E0.04365
G1 X91.040 Y106.640 E0.08382
G1 X93.280 Y106.640 E0.07823
G1 X94.780 Y106.640 E0.05238
G1 X95.730 Y106.640 E0.03318
G1 X97.580 Y106.640 E0.06461
G1 X98.880 Y106.640 E0.04540
G1 X100.930 Y106.640 E0.07159
G1 X101.730 Y106.640 E0.02794
G1 X102.880 Y106.640 E0.04016
G1 X104.380 Y106.640 E0.05238
G1 X105.530 Y106.640 E0.04016
G1 X107.770 Y106.640 E0.07823
G1 X109.270 Y106.640 E0.05238
G1 X110.220 Y106.640 E0.03318
G1 X112.070 Y106.640 E0.06461
G1 X113.370 Y106.640 E0.04540
G1 X115.420 Y106.640 E0.07159
G1 X116.220 Y106.640 E0.02794
G1 X117.370 Y106.640 E0.04016
G1 X118.870 Y106.640 E0.05238
G1 X120.020 Y106.640 E0.04016
G1 X122.260 Y106.640 E0.07823
G1 X123.760 Y106.640 E0.05238
G1 X124.710 Y106.640 E0.03318
G1 X126.560 Y106.640 E0.06461
G1 X127.860 Y106.640 E0.04540
G1 X128.960 Y106.640 E0.03842
G1 X128.960 Y109.040 E0.08382
G1 X127.460 Y109.040 E0.05238
G1 X126.510 Y109.040 E0.03318
G1 X124.660 Y109.040 E0.06461
G1 X123.360 Y109.040 E0.04540
G1 X121.310 Y109.040 E0.07159
G1 X120.510 Y109.040 E0.02794
G1 X119.360 Y109.040 E0.04016
G1 X117.860 Y109.040 E0.05238
G1 X116.710 Y109.040 E0.04016
G1 X114.470 Y109.040 E0.07823
G1 X112.970 Y109.040 E0.05238
G1 X112.020 Y109.040 E0.03318
G1 X110.170 Y109.040 E0.06461
G1 X108.870 Y109.040 E0.04540
G1 X106.820 Y109.040 E0.07159
G1 X106.020 Y109.040 E0.02794
G1 X104.870 Y109.040 E0.04016
G1 X103.370 Y109.040 E0.05238
G1 X102.220 Y109.040 E0.04016
G1 X99.980 Y109.040 E0.07823
G1 X98.480 Y109.040 E0.05238
G1 X97.530 Y109.040 E0.03318
G1 X95.680 Y109.040 E0.06461
G1 X94.380 Y109.040 E0.04540
G1 X92.330 Y109.040 E0.07159
G1 X91.530 Y109.040 E0.02794
G1 X91.040 Y109.040 E0.01711
G1 X91.040 Y111.440 E0.08382
G1 X91.990 Y111.440 E0.03318
G1 X93.840 Y111.440 E0.06461
G1 X95.140 Y111.440 E0.04540
G1 X97.190 Y111.440 E0.07159
G1 X97.990 Y111.440 E0.02794
G1 X99.140 Y111.440 E0.04016
G1 X100.640 Y111.440 E0.05238
G1 X101.790 Y111.440 E0.04016
G1 X104.030 Y111.440 E0.07823
G1 X105.530 Y111.440 E0.05238
G1 X106.480 Y111.440 E0.03318
G1 X108.330 Y111.440 E0.06461
G1 X109.630 Y111.440 E0.04540
G1 X111.680 Y111.440 E0.07159
G1 X112.480 Y111.440 E0.02794
G1 X113.630 Y111.440 E0.04016
G1 X115.130 Y111.440 E0.05238
G1 X116.280 Y111.440 E0.04016
G1 X118.520 Y111.440 E0.07823
G1 X120.020 Y111.440 E0.05238
G1 X120.970 Y111.440 E0.03318
G1 X122.820 Y111.440 E0.06461
G1 X124.120 Y111.440 E0.04540
G1 X126.170 Y111.440 E0.07159
G1 X126.970 Y111.440 E0.02794
G1 X128.120 Y111.440 E0.04016
G1 X128.960 Y111.440 E0.02934
G1 X128.960 Y113.840 E0.08382
G1 X127.110 Y113.840 E0.06461
G1 X125.810 Y113.840 E0.04540
G1 X123.760 Y113.840 E0.07159
G1 X122.960 Y113.840 E0.02794
G1 X121.810 Y113.840 E0.04016
G1 X120.310 Y113.840 E0.05238
G1 X119.160 Y113.840 E0.04016
G1 X116.920 Y113.840 E0.07823
G1 X115.420 Y113.840 E0.05238
G1 X114.470 Y113.840 E0.03318
G1 X112.620 Y113.840 E0.06461
G1 X111.320 Y113.840 E0.04540
G1 X109.270 Y113.840 E0.07159
G1 X108.470 Y113.840 E0.02794
G1 X107.320 Y113.840 E0.04016
G1 X105.820 Y113.840 E0.05238
G1 X104.670 Y113.840 E0.04016
G1 X102.430 Y113.840 E0.07823
G1 X100.930 Y113.840 E0.05238
G1 X99.980 Y113.840 E0.03318
G1 X98.130 Y113.840 E0.06461
G1 X96.830 Y113.840 E0.04540
G1 X94.780 Y113.840 E0.07159
G1 X93.980 Y113.840 E0.02794
G1 X92.830 Y113.840 E0.04016
G1 X91.040 Y113.840 E0.06251
G1 X91.040 Y116.240 E0.08382
G1 X92.340 Y116.240 E0.04540
G1 X94.390 Y116.240 E0.07159
G1 X95.190 Y116.240 E0.02794
G1 X96.340 Y116.240 E0.04016
G1 X97.840 Y116.240 E0.05238
G1 X98.990 Y116.240 E0.04016
G1 X101.230 Y116.240 E0.07823
G1 X102.730 Y116.240 E0.05238
G1 X103.680 Y116.240 E0.03318
G1 X105.530 Y116.240 E0.06461
G1 X106.830 Y116.240 E0.04540
G1 X108.880 Y116.240 E0.07159
G1 X109.680 Y116.240 E0.02794
G1 X110.830 Y116.240 E0.04016
G1 X112.330 Y116.240 E0.05238
G1 X113.480 Y116.240 E0.04016
G1 X115.720 Y116.240 E0.07823
G1 X117.220 Y116.240 E0.05238
G1 X118.170 Y116.240 E0.03318
G1 X120.020 Y116.240 E0.06461
G1 X121.320 Y116.240 E0.04540
G1 X123.370 Y116.240 E0.07159
G1 X124.170 Y116.240 E0.02794
G1 X125.320 Y116.240 E0.04016
G1 X126.820 Y116.240 E0.05238
G1 X127.970 Y116.240 E0.04016
G1 X128.960 Y116.240 E0.03457
G1 X128.960 Y118.640 E0.08382
G1 X126.910 Y118.640 E0.07159
G1 X126.110 Y118.640 E0.02794
G1 X124.960 Y118.640 E0.04016
G1 X123.460 Y118.640 E0.05238
G1 X122.310 Y118.640 E0.04016
G1 X120.070 Y118.640 E0.07823
G1 X118.570 Y118.640 E0.05238
G1 X117.620 Y118.640 E0.03318
G1 X115.770 Y118.640 E0.06461
G1 X114.470 Y118.640 E0.04540
G1 X112.420 Y118.640 E0.07159
G1 X111.620 Y118.640 E0.02794
G1 X110.470 Y118.640 E0.04016
G1 X108.970 Y118.640 E0.05238
G1 X107.820 Y118.640 E0.04016
G1 X105.580 Y118.640 E0.07823
G1 X104.080 Y118.640 E0.05238
G1 X103.130 Y118.640 E0.03318
G1 X101.280 Y118.640 E0.06461
G1 X99.980 Y118.640 E0.04540
G1 X97.930 Y118.640 E0.07159
G1 X97.130 Y118.640 E0.02794
G1 X95.980 Y118.640 E0.04016
G1 X94.480 Y118.640 E0.05238
G1 X93.330 Y118.640 E0.04016
G1 X91.040 Y118.640 E0.07997
;LAYER_CHANGE
;Z:4.000
; CHANGE_LAYER
G1 Z4.000 F7200
;TYPE:Outer wall
G1 E-0.80000 F2100
G1 Z4.400 F9000
G1 X94.000 Y96.000
G1 Z4.000
G1 E0.80000 F2100
G1 X94.800 Y96.000 E0.02794 F1800
G1 X95.950 Y96.000 E0.04016
G1 X97.450 Y96.000 E0.05238
G1 X98.600 Y96.000 E0.04016
G1 X100.840 Y96.000 E0.07823
G1 X102.340 Y96.000 E0.05238
G1 X103.290 Y96.000 E0.03318
G1 X105.140 Y96.000 E0.06461
G1 X106.440 Y96.000 E0.04540
G1 X108.490 Y96.000 E0.07159
G1 X109.290 Y96.000 E0.02794
G1 X110.440 Y96.000 E0.04016
G1 X111.940 Y96.000 E0.05238
G1 X113.090 Y96.000 E0.04016
G1 X115.330 Y96.000 E0.07823
G1 X116.830 Y96.000 E0.05238
G1 X117.780 Y96.000 E0.03318
G1 X119.630 Y96.000 E0.06461
G1 X120.930 Y96.000 E0.04540
G1 X122.980 Y96.000 E0.07159
G1 X123.780 Y96.000 E0.02794
G1 X124.930 Y96.000 E0.04016
G1 X126.000 Y96.000 E0.03737
G1 X127.134 Y96.164 E0.04002
G1 X128.999 Y97.353 E0.07721
G1 X129.760 Y98.635 E0.05208
G1 X129.975 Y99.558 E0.03310
G1 X130.000 Y100.000 E0.01547
G1 X130.000 Y101.300 E0.04540
G1 X130.000 Y103.350 E0.07159
G1 X130.000 Y104.150 E0.02794
G1 X130.000 Y105.300 E0.04016
G1 X130.000 Y106.800 E0.05238
G1 X130.000 Y107.950 E0.04016
G1 X130.000 Y110.190 E0.07823
G1 X130.000 Y111.690 E0.05238
G1 X130.000 Y112.640 E0.03318
G1 X130.000 Y114.490 E0.06461
G1 X130.000 Y115.790 E0.04540
G1 X130.000 Y117.840 E0.07159
G1 X130.000 Y118.640 E0.02794
G1 X130.000 Y120.000 E0.04750
G1 X129.722 Y121.465 E0.05208
G1 X129.154 Y122.460 E0.04002
G1 X127.365 Y123.760 E0.07721
G1 X126.000 Y124.000 E0.04841
G1 X125.050 Y124.000 E0.03318
G1 X123.200 Y124.000 E0.06461
G1 X121.900 Y124.000 E0.04540
G1 X119.850 Y124.000 E0.07159
G1 X119.050 Y124.000 E0.02794
G1 X117.900 Y124.000 E0.04016
G1 X116.400 Y124.000 E0.05238
G1 X115.250 Y124.000 E0.04016
G1 X113.010 Y124.000 E0.07823
G1 X111.510 Y124.000 E0.05238
G1 X110.560 Y124.000 E0.03318
G1 X108.710 Y124.000 E0.06461
G1 X107.410 Y124.000 E0.04540
G1 X105.360 Y124.000 E0.07159
G1 X104.560 Y124.000 E0.02794
G1 X103.410 Y124.000 E0.04016
G1 X101.910 Y124.000 E0.05238
G1 X100.760 Y124.000 E0.04016
G1 X98.520 Y124.000 E0.07823
G1 X97.020 Y124.000 E0.05238
G1 X96.070 Y124.000 E0.03318
G1 X94.000 Y124.000 E0.07229
G1 X92.723 Y123.791 E0.04520
G1 X91.028 Y122.677 E0.07081
G1 X90.555 Y122.033 E0.02789
G1 X90.120 Y120.973 E0.04002
G1 X90.000 Y120.000 E0.03425
G1 X90.000 Y118.850 E0.04016
G1 X90.000 Y116.610 E0.07823
G1 X90.000 Y115.110 E0.05238
G1 X90.000 Y114.160 E0.03318
G1 X90.000 Y112.310 E0.06461
G1 X90.000 Y111.010 E0.04540
G1 X90.000 Y108.960 E0.07159
G1 X90.000 Y108.160 E0.02794
G1 X90.000 Y107.010 E0.04016
G1 X90.000 Y105.510 E0.05238
G1 X90.000 Y104.360 E0.04016
G1 X90.000 Y102.120 E0.07823
G1 X90.000 Y100.620 E0.05238
G1 X90.000 Y100.000 E0.02165
G1 X90.420 Y98.215 E0.06403
G1 X91.178 Y97.166 E0.04520
G1 X92.930 Y96.146 E0.07081
G1 X94.000 Y96.000 E0.03771
;TYPE:Inner wall
G1 X94.000 Y96.420 F9000
G1 X94.800 Y96.420 E0.02794 F1800
G1 X95.950 Y96.420 E0.04016
G1 X97.450 Y96.420 E0.05238
G1 X98.600 Y96.420 E0.04016
G1 X100.840 Y96.420 E0.07823
G1 X102.340 Y96.420 E0.05238
G1 X103.290 Y96.420 E0.03318
G1 X105.140 Y96.420 E0.06461
G1 X106.440 Y96.420 E0.04540
G1 X108.490 Y96.420 E0.07159
G1 X109.290 Y96.420 E0.02794
G1 X110.440 Y96.420 E0.04016
G1 X111.940 Y96.420 E0.05238
G1 X113.090 Y96.420 E0.04016
G1 X115.330 Y96.420 E0.07823
G1 X116.830 Y96.420 E0.05238
G1 X117.780 Y96.420 E0.03318
G1 X119.630 Y96.420 E0.06461
G1 X120.930 Y96.420 E0.04540
G1 X122.980 Y96.420 E0.07159
G1 X123.780 Y96.420 E0.02794
G1 X124.930 Y96.420 E0.04016
G1 X126.000 Y96.420 E0.03737
G1 X127.130 Y96.603 E0.03999
G1 X128.906 Y97.909 E0.07696
G1 X129.505 Y99.272 E0.05200
G1 X129.580 Y100.000 E0.02557
G1 X129.580 Y101.850 E0.06461
G1 X129.580 Y103.150 E0.04540
G1 X129.580 Y105.200 E0.07159
G1 X129.580 Y106.000 E0.02794
G1 X129.580 Y107.150 E0.04016
G1 X129.580 Y108.650 E0.05238
G1 X129.580 Y109.800 E0.04016
G1 X129.580 Y112.040 E0.07823
G1 X129.580 Y113.540 E0.05238
G1 X129.580 Y114.490 E0.03318
G1 X129.580 Y116.340 E0.06461
G1 X129.580 Y117.640 E0.04540
G1 X129.580 Y119.690 E0.07159
G1 X129.580 Y120.000 E0.01083
G1 X129.397 Y121.130 E0.03999
G1 X128.643 Y122.415 E0.05200
G1 X127.746 Y123.126 E0.03999
G1 X126.000 Y123.580 E0.06299
G1 X124.500 Y123.580 E0.05238
G1 X123.550 Y123.580 E0.03318
G1 X121.700 Y123.580 E0.06461
G1 X120.400 Y123.580 E0.04540
G1 X118.350 Y123.580 E0.07159
G1 X117.550 Y123.580 E0.02794
G1 X116.400 Y123.580 E0.04016
G1 X114.900 Y123.580 E0.05238
G1 X113.750 Y123.580 E0.04016
G1 X111.510 Y123.580 E0.07823
G1 X110.010 Y123.580 E0.05238
G1 X109.060 Y123.580 E0.03318
G1 X107.210 Y123.580 E0.06461
G1 X105.910 Y123.580 E0.04540
G1 X103.860 Y123.580 E0.07159
G1 X103.060 Y123.580 E0.02794
G1 X101.910 Y123.580 E0.04016
G1 X100.410 Y123.580 E0.05238
G1 X99.260 Y123.580 E0.04016
G1 X97.020 Y123.580 E0.07823
G1 X95.520 Y123.580 E0.05238
G1 X94.570 Y123.580 E0.03318
G1 X94.000 Y123.580 E0.01991
G1 X92.728 Y123.347 E0.04515
G1 X91.118 Y122.124 E0.07062
G1 X90.719 Y121.432 E0.02788
G1 X90.435 Y120.323 E0.03999
G1 X90.420 Y120.000 E0.01129
G1 X90.420 Y118.850 E0.04016
G1 X90.420 Y116.610 E0.07823
G1 X90.420 Y115.110 E0.05238
G1 X90.420 Y114.160 E0.03318
G1 X90.420 Y112.310 E0.06461
G1 X90.420 Y111.010 E0.04540
G1 X90.420 Y108.960 E0.07159
G1 X90.420 Y108.160 E0.02794
G1 X90.420 Y107.010 E0.04016
G1 X90.420 Y105.510 E0.05238
G1 X90.420 Y104.360 E0.04016
G1 X90.420 Y102.120 E0.07823
G1 X90.420 Y100.620 E0.05238
G1 X90.420 Y100.000 E0.02165
G1 X90.887 Y98.231 E0.06389
G1 X91.719 Y97.241 E0.04515
G1 X93.578 Y96.445 E0.07062
G1 X94.000 Y96.420 E0.01478
;TYPE:Sparse infill
G1 E-0.80000 F2100
G1 Z4.400 F9000
G1 X128.960 Y97.040
G1 Z4.000
G1 E0.80000 F2100
G1 X128.160 Y97.040 E0.02794 F2400
G1 X127.010 Y97.040 E0.04016
G1 X125.510 Y97.040 E0.05238
G1 X124.360 Y97.040 E0.04016
G1 X122.120 Y97.040 E0.07823
G1 X120.620 Y97.040 E0.05238
G1 X119.670 Y97.040 E0.03318
G1 X117.820 Y97.040 E0.06461
G1 X116.520 Y97.040 E0.04540
G1 X114.470 Y97.040 E0.07159
G1 X113.670 Y97.040 E0.02794
G1 X112.520 Y97.040 E0.04016
G1 X111.020 Y97.040 E0.05238
G1 X109.870 Y97.040 E0.04016
G1 X107.630 Y97.040 E0.07823
G1 X106.130 Y97.040 E0.05238
G1 X105.180 Y97.040 E0.03318
G1 X103.330 Y97.040 E0.06461
G1 X102.030 Y97.040 E0.04540
G1 X99.980 Y97.040 E0.07159
G1 X99.180 Y97.040 E0.02794
G1 X98.030 Y97.040 E0.04016
G1 X96.530 Y97.040 E0.05238
G1 X95.380 Y97.040 E0.04016
G1 X93.140 Y97.040 E0.07823
G1 X91.640 Y97.040 E0.05238
G1 X91.040 Y97.040 E0.02095
G1 X91.040 Y99.440 E0.08382
G1 X92.190 Y99.440 E0.04016
G1 X93.690 Y99.440 E0.05238
G1 X94.840 Y99.440 E0.04016
G1 X97.080 Y99.440 E0.07823
G1 X98.580 Y99.440 E0.05238
G1 X99.530 Y99.440 E0.03318
G1 X101.380 Y99.440 E0.06461
G1 X102.680 Y99.440 E0.04540
G1 X104.730 Y99.440 E0.07159
G1 X105.530 Y99.440 E0.02794
G1 X106.680 Y99.440 E0.04016
G1 X108.180 Y99.440 E0.05238
G1 X109.330 Y99.440 E0.04016
G1 X111.570 Y99.440 E0.07823
G1 X113.070 Y99.440 E0.05238
G1 X114.020 Y99.440 E0.03318
G1 X115.870 Y99.440 E0.06461
G1 X117.170 Y99.440 E0.04540
G1 X119.220 Y99.440 E0.07159
G1 X120.020 Y99.440 E0.02794
G1 X121.170 Y99.440 E0.04016
G1 X122.670 Y99.440 E0.05238
G1 X123.820 Y99.440 E0.04016
G1 X126.060 Y99.440 E0.07823
G1 X127.560 Y99.440 E0.05238
G1 X128.510 Y99.440 E0.03318
G1 X128.960 Y99.440 E0.01572
G1 X128.960 Y101.840 E0.08382
G1 X127.460 Y101.840 E0.05238
G1 X126.310 Y101.840 E0.04016
G1 X124.070 Y101.840 E0.07823
G1 X122.570 Y101.840 E0.05238
G1 X121.620 Y101.840 E0.03318
G1 X119.770 Y101.840 E0.06461
G1 X118.470 Y101.840 E0.04540
G1 X116.420 Y101.840 E0.07159
G1 X115.620 Y101.840 E0.02794
G1 X114.470 Y101.840 E0.04016
G1 X112.970 Y101.840 E0.05238
G1 X111.820 Y101.840 E0.04016
G1 X109.580 Y101.840 E0.07823
G1 X108.080 Y101.840 E0.05238
G1 X107.130 Y101.840 E0.03318
G1 X105.280 Y101.840 E0.06461
G1 X103.980 Y101.840 E0.04540
G1 X101.930 Y101.840 E0.07159
G1 X101.130 Y101.840 E0.02794
G1 X99.980 Y101.840 E0.04016
G1 X98.480 Y101.840 E0.05238
G1 X97.330 Y101.840 E0.04016
G1 X95.090 Y101.840 E0.07823
G1 X93.590 Y101.840 E0.05238
G1 X92.640 Y101.840 E0.03318
G1 X91.040 Y101.840 E0.05588
G1 X91.040 Y104.240 E0.08382
G1 X92.190 Y104.240 E0.04016
G1 X94.430 Y104.240 E0.07823
G1 X95.930 Y104.240 E0.05238
G1 X96.880 Y104.240 E0.03318
G1 X98.730 Y104.240 E0.06461
G1 X100.030 Y104.240 E0.04540
G1 X102.080 Y104.240 E0.07159
G1 X102.880 Y104.240 E0.02794
G1 X104.030 Y104.240 E0.04016
G1 X105.530 Y104.240 E0.05238
G1 X106.680 Y104.240 E0.04016
G1 X108.920 Y104.240 E0.07823
G1 X110.420 Y104.240 E0.05238
G1 X111.370 Y104.240 E0.03318
G1 X113.220 Y104.240 E0.06461
G1 X114.520 Y104.240 E0.04540
G1 X116.570 Y104.240 E0.07159
G1 X117.370 Y104.240 E0.02794
G1 X118.520 Y104.240 E0.04016
G1 X120.020 Y104.240 E0.05238
G1 X121.170 Y104.240 E0.04016
G1 X123.410 Y104.240 E0.07823
G1 X124.910 Y104.240 E0.05238
G1 X125.860 Y104.240 E0.03318
G1 X127.710 Y104.240 E0.06461
G1 X128.960 Y104.240 E0.04365
G1 X128.960 Y106.640 E0.08382
G1 X126.720 Y106.640 E0.07823
G1 X125.220 Y106.640 E0.05238
G1 X124.270 Y106.640 E0.03318
G1 X122.420 Y106.640 E0.06461
G1 X121.120 Y106.640 E0.04540
G1 X119.070 Y106.640 E0.07159
G1 X118.270 Y106.640 E0.02794
G1 X117.120 Y106.640 E0.04016
G1 X115.620 Y106.640 E0.05238
G1 X114.470 Y106.640 E0.04016
G1 X112.230 Y106.640 E0.07823
G1 X110.730 Y106.640 E0.05238
G1 X109.780 Y106.640 E0.03318
G1 X107.930 Y106.640 E0.06461
G1 X106.630 Y106.640 E0.04540
G1 X104.580 Y106.640 E0.07159
G1 X103.780 Y106.640 E0.02794
G1 X102.630 Y106.640 E0.04016
G1 X101.130 Y106.640 E0.05238
G1 X99.980 Y106.640 E0.04016
G1 X97.740 Y106.640 E0.07823
G1 X96.240 Y106.640 E0.05238
G1 X95.290 Y106.640 E0.03318
G1 X93.440 Y106.640 E0.06461
G1 X92.140 Y106.640 E0.04540
G1 X91.040 Y106.640 E0.03842
G1 X91.040 Y109.040 E0.08382
G1 X92.540 Y109.040 E0.05238
G1 X93.490 Y109.040 E0.03318
G1 X95.340 Y109.040 E0.06461
G1 X96.640 Y109.040 E0.04540
G1 X98.690 Y109.040 E0.07159
G1 X99.490 Y109.040 E0.02794
G1 X100.640 Y109.040 E0.04016
G1 X102.140 Y109.040 E0.05238
G1 X103.290 Y109.040 E0.04016
G1 X105.530 Y109.040 E0.07823
G1 X107.030 Y109.040 E0.05238
G1 X107.980 Y109.040 E0.03318
G1 X109.830 Y109.040 E0.06461
G1 X111.130 Y109.040 E0.04540
G1 X113.180 Y109.040 E0.07159
G1 X113.980 Y109.040 E0.02794
G1 X115.130 Y109.040 E0.04016
G1 X116.630 Y109.040 E0.05238
G1 X117.780 Y109.040 E0.04016
G1 X120.020 Y109.040 E0.07823
G1 X121.520 Y109.040 E0.05238
G1 X122.470 Y109.040 E0.03318
G1 X124.320 Y109.040 E0.06461
G1 X125.620 Y109.040 E0.04540
G1 X127.670 Y109.040 E0.07159
G1 X128.470 Y109.040 E0.02794
G1 X128.960 Y109.040 E0.01711
G1 X128.960 Y111.440 E0.08382
G1 X128.010 Y111.440 E0.03318
G1 X126.160 Y111.440 E0.06461
G1 X124.860 Y111.440 E0.04540
G1 X122.810 Y111.440 E0.07159
G1 X122.010 Y111.440 E0.02794
G1 X120.860 Y111.440 E0.04016
G1 X119.360 Y111.440 E0.05238
G1 X118.210 Y111.440 E0.04016
G1 X115.970 Y111.440 E0.07823
G1 X114.470 Y111.440 E0.05238
G1 X113.520 Y111.440 E0.03318
G1 X111.670 Y111.440 E0.06461
G1 X110.370 Y111.440 E0.04540
G1 X108.320 Y111.440 E0.07159
G1 X107.520 Y111.440 E0.02794
G1 X106.370 Y111.440 E0.04016
G1 X104.870 Y111.440 E0.05238
G1 X103.720 Y111.440 E0.04016
G1 X101.480 Y111.440 E0.07823
G1 X99.980 Y111.440 E0.05238
G1 X99.030 Y111.440 E0.03318
G1 X97.180 Y111.440 E0.06461
G1 X95.880 Y111.440 E0.04540
G1 X93.830 Y111.440 E0.07159
G1 X93.030 Y111.440 E0.02794
G1 X91.880 Y111.440 E0.04016
G1 X91.040 Y111.440 E0.02934
G1 X91.040 Y113.840 E0.08382
G1 X92.890 Y113.840 E0.06461
G1 X94.190 Y113.840 E0.04540
G1 X96.240 Y113.840 E0.07159
G1 X97.040 Y113.840 E0.02794
G1 X98.190 Y113.840 E0.04016
G1 X99.690 Y113.840 E0.05238
G1 X100.840 Y113.840 E0.04016
G1 X103.080 Y113.840 E0.07823
G1 X104.580 Y113.840 E0.05238
G1 X105.530 Y113.840 E0.03318
G1 X107.380 Y113.840 E0.06461
G1 X108.680 Y113.840 E0.04540
G1 X110.730 Y113.840 E0.07159
G1 X111.530 Y113.840 E0.02794
G1 X112.680 Y113.840 E0.04016
G1 X114.180 Y113.840 E0.05238
G1 X115.330 Y113.840 E0.04016
G1 X117.570 Y113.840 E0.07823
G1 X119.070 Y113.840 E0.05238
G1 X120.020 Y113.840 E0.03318
G1 X121.870 Y113.840 E0.06461
G1 X123.170 Y113.840 E0.04540
G1 X125.220 Y113.840 E0.07159
G1 X126.020 Y113.840 E0.02794
G1 X127.170 Y113.840 E0.04016
G1 X128.960 Y113.840 E0.06251
G1 X128.960 Y116.240 E0.08382
G1 X127.660 Y116.240 E0.04540
G1 X125.610 Y116.240 E0.07159
G1 X124.810 Y116.240 E0.02794
G1 X123.660 Y116.240 E0.04016
G1 X122.160 Y116.240 E0.05238
G1 X121.010 Y116.240 E0.04016
G1 X118.770 Y116.240 E0.07823
G1 X117.270 Y116.240 E0.05238
G1 X116.320 Y116.240 E0.03318
G1 X114.470 Y116.240 E0.06461
G1 X113.170 Y116.240 E0.04540
G1 X111.120 Y116.240 E0.07159
G1 X110.320 Y116.240 E0.02794
G1 X109.170 Y116.240 E0.04016
G1 X107.670 Y116.240 E0.05238
G1 X106.520 Y116.240 E0.04016
G1 X104.280 Y116.240 E0.07823
G1 X102.780 Y116.240 E0.05238
G1 X101.830 Y116.240 E0.03318
G1 X99.980 Y116.240 E0.06461
G1 X98.680 Y116.240 E0.04540
G1 X96.630 Y116.240 E0.07159
G1 X95.830 Y116.240 E0.02794
G1 X94.680 Y116.240 E0.04016
G1 X93.180 Y116.240 E0.05238
G1 X92.030 Y116.240 E0.04016
G1 X91.040 Y116.240 E0.03457
G1 X91.040 Y118.640 E0.08382
G1 X93.090 Y118.640 E0.07159
G1 X93.890 Y118.640 E0.02794
G1 X95.040 Y118.640 E0.04016
G1 X96.540 Y118.640 E0.05238
G1 X97.690 Y118.640 E0.04016
G1 X99.930 Y118.640 E0.07823
G1 X101.430 Y118.640 E0.05238
G1 X102.380 Y118.640 E0.03318
G1 X104.230 Y118.640 E0.06461
G1 X105.530 Y118.640 E0.04540
G1 X107.580 Y118.640 E0.07159
G1 X108.380 Y118.640 E0.02794
G1 X109.530 Y118.640 E0.04016
G1 X111.030 Y118.640 E0.05238
G1 X112.180 Y118.640 E0.04016
G1 X114.420 Y118.640 E0.07823
G1 X115.920 Y118.640 E0.05238
G1 X116.870 Y118.640 E0.03318
G1 X118.720 Y118.640 E0.06461
G1 X120.020 Y118.640 E0.04540
G1 X122.070 Y118.640 E0.07159
G1 X122.870 Y118.640 E0.02794
G1 X124.020 Y118.640 E0.04016
G1 X125.520 Y118.640 E0.05238
G1 X126.670 Y118.640 E0.04016
G1 X128.960 Y118.640 E0.07997
;LAYER_CHANGE
;Z:4.200
; CHANGE_LAYER
G1 Z4.200 F7200
;TYPE:Outer wall
G1 E-0.80000 F2100
G1 Z4.600 F9000
G1 X94.000 Y96.000
G1 Z4.200
G1 E0.80000 F2100
G1 X94.800 Y96.000 E0.02794 F1800
G1 X95.950 Y96.000 E0.04016
G1 X97.450 Y96.000 E0.05238
G1 X98.600 Y96.000 E0.04016
G1 X100.840 Y96.000 E0.07823
G1 X102.340 Y96.000 E0.05238
G1 X103.290 Y96.000 E0.03318
G1 X105.140 Y96.000 E0.06461
G1 X106.440 Y96.000 E0.04540
G1 X108.490 Y96.000 E0.07159
G1 X109.290 Y96.000 E0.02794
G1 X110.440 Y96.000 E0.04016
G1 X111.940 Y96.000 E0.05238
G1 X113.090 Y96.000 E0.04016
G1 X115.330 Y96.000 E0.07823
G1 X116.830 Y96.000 E0.05238
G1 X117.780 Y96.000 E0.03318
G1 X119.630 Y96.000 E0.06461
G1 X120.930 Y96.000 E0.04540
G1 X122.980 Y96.000 E0.07159
G1 X123.780 Y96.000 E0.02794
G1 X124.930 Y96.000 E0.04016
G1 X126.000 Y96.000 E0.03737
G1 X127.134 Y96.164 E0.04002
G1 X128.999 Y97.353 E0.07721
G1 X129.760 Y98.635 E0.05208
G1 X129.975 Y99.558 E0.03310
G1 X130.000 Y100.000 E0.01547
G1 X130.000 Y101.300 E0.04540
G1 X130.000 Y103.350 E0.07159
G1 X130.000 Y104.150 E0.02794
G1 X130.000 Y105.300 E0.04016
G1 X130.000 Y106.800 E0.05238
G1 X130.000 Y107.950 E0.04016
G1 X130.000 Y110.190 E0.07823
G1 X130.000 Y111.690 E0.05238
G1 X130.000 Y112.640 E0.03318
G1 X130.000 Y114.490 E0.06461
G1 X130.000 Y115.790 E0.04540
G1 X130.000 Y117.840 E0.07159
G1 X130.000 Y118.640 E0.02794
G1 X130.000 Y120.000 E0.04750
G1 X129.722 Y121.465 E0.05208
G1 X129.154 Y122.460 E0.04002
G1 X127.365 Y123.760 E0.07721
G1 X126.000 Y124.000 E0.04841
G1 X125.050 Y124.000 E0.03318
G1 X123.200 Y124.000 E0.06461
G1 X121.900 Y124.000 E0.04540
G1 X119.850 Y124.000 E0.07159
G1 X119.050 Y124.000 E0.02794
G1 X117.900 Y124.000 E0.04016
G1 X116.400 Y124.000 E0.05238
G1 X115.250 Y124.000 E0.04016
G1 X113.010 Y124.000 E0.07823
G1 X111.510 Y124.000 E0.05238
G1 X110.560 Y124.000 E0.03318
G1 X108.710 Y124.000 E0.06461
G1 X107.410 Y124.000 E0.04540
G1 X105.360 Y124.000 E0.07159
G1 X104.560 Y124.000 E0.02794
G1 X103.410 Y124.000 E0.04016
G1 X101.910 Y124.000 E0.05238
G1 X100.760 Y124.000 E0.04016
G1 X98.520 Y124.000 E0.07823
G1 X97.020 Y124.000 E0.05238
G1 X96.070 Y124.000 E0.03318
G1 X94.000 Y124.000 E0.07229
G1 X92.723 Y123.791 E0.04520
G1 X91.028 Y122.677 E0.07081
G1 X90.555 Y122.033 E0.02789
G1 X90.120 Y120.973 E0.04002
G1 X90.000 Y120.000 E0.03425
G1 X90.000 Y118.850 E0.04016
G1 X90.000 Y116.610 E0.07823
G1 X90.000 Y115.110 E0.05238
G1 X90.000 Y114.160 E0.03318
G1 X90.000 Y112.310 E0.06461
G1 X90.000 Y111.010 E0.04540
G1 X90.000 Y108.960 E0.07159
G1 X90.000 Y108.160 E0.02794
G1 X90.000 Y107.010 E0.04016
G1 X90.000 Y105.510 E0.05238
G1 X90.000 Y104.360 E0.04016
G1 X90.000 Y102.120 E0.07823
G1 X90.000 Y100.620 E0.05238
G1 X90.000 Y100.000 E0.02165
G1 X90.420 Y98.215 E0.06403
G1 X91.178 Y97.166 E0.04520
G1 X92.930 Y96.146 E0.07081
G1 X94.000 Y96.000 E0.03771
;TYPE:Inner wall
G1 X94.000 Y96.420 F9000
G1 X94.800 Y96.420 E0.02794 F1800
G1 X95.950 Y96.420 E0.04016
G1 X97.450 Y96.420 E0.05238
G1 X98.600 Y96.420 E0.04016
G1 X100.840 Y96.420 E0.07823
G1 X102.340 Y96.420 E0.05238
G1 X103.290 Y96.420 E0.03318
G1 X105.140 Y96.420 E0.06461
G1 X106.440 Y96.420 E0.04540
G1 X108.490 Y96.420 E0.07159
G1 X109.290 Y96.420 E0.02794
G1 X110.440 Y96.420 E0.04016
G1 X111.940 Y96.420 E0.05238
G1 X113.090 Y96.420 E0.04016
G1 X115.330 Y96.420 E0.07823
G1 X116.830 Y96.420 E0.05238
G1 X117.780 Y96.420 E0.03318
G1 X119.630 Y96.420 E0.06461
G1 X120.930 Y96.420 E0.04540
G1 X122.980 Y96.420 E0.07159
G1 X123.780 Y96.420 E0.02794
G1 X124.930 Y96.420 E0.04016
G1 X126.000 Y96.420 E0.03737
G1 X127.130 Y96.603 E0.03999
G1 X128.906 Y97.909 E0.07696
G1 X129.505 Y99.272 E0.05200
G1 X129.580 Y100.000 E0.02557
G1 X129.580 Y101.850 E0.06461
G1 X129.580 Y103.150 E0.04540
G1 X129.580 Y105.200 E0.07159
G1 X129.580 Y106.000 E0.02794
G1 X129.580 Y107.150 E0.04016
G1 X129.580 Y108.650 E0.05238
G1 X129.580 Y109.800 E0.04016
G1 X129.580 Y112.040 E0.07823
G1 X129.580 Y113.540 E0.05238
G1 X129.580 Y114.490 E0.03318
G1 X129.580 Y116.340 E0.06461
G1 X129.580 Y117.640 E0.04540
G1 X129.580 Y119.690 E0.07159
G1 X129.580 Y120.000 E0.01083
G1 X129.397 Y121.130 E0.03999
G1 X128.643 Y122.415 E0.05200
G1 X127.746 Y123.126 E0.03999
G1 X126.000 Y123.580 E0.06299
G1 X124.500 Y123.580 E0.05238
G1 X123.550 Y123.580 E0.03318
G1 X121.700 Y123.580 E0.06461
G1 X120.400 Y123.580 E0.04540
G1 X118.350 Y123.580 E0.07159
G1 X117.550 Y123.580 E0.02794
G1 X116.400 Y123.580 E0.04016
G1 X114.900 Y123.580 E0.05238
G1 X113.750 Y123.580 E0.04016
G1 X111.510 Y123.580 E0.07823
G1 X110.010 Y123.580 E0.05238
G1 X109.060 Y123.580 E0.03318
G1 X107.210 Y123.580 E0.06461
G1 X105.910 Y123.580 E0.04540
G1 X103.860 Y123.580 E0.07159
G1 X103.060 Y123.580 E0.02794
G1 X101.910 Y123.580 E0.04016
G1 X100.410 Y123.580 E0.05238
G1 X99.260 Y123.580 E0.04016
G1 X97.020 Y123.580 E0.07823
G1 X95.520 Y123.580 E0.05238
G1 X94.570 Y123.580 E0.03318
G1 X94.000 Y123.580 E0.01991
G1 X92.728 Y123.347 E0.04515
G1 X91.118 Y122.124 E0.07062
G1 X90.719 Y121.432 E0.02788
G1 X90.435 Y120.323 E0.03999
G1 X90.420 Y120.000 E0.01129
G1 X90.420 Y118.850 E0.04016
G1 X90.420 Y116.610 E0.07823
G1 X90.420 Y115.110 E0.05238
G1 X90.420 Y114.160 E0.03318
G1 X90.420 Y112.310 E0.06461
G1 X90.420 Y111.010 E0.04540
G1 X90.420 Y108.960 E0.07159
G1 X90.420 Y108.160 E0.02794
G1 X90.420 Y107.010 E0.04016
G1 X90.420 Y105.510 E0.05238
G1 X90.420 Y104.360 E0.04016
G1 X90.420 Y102.120 E0.07823
G1 X90.420 Y100.620 E0.05238
G1 X90.420 Y100.000 E0.02165
G1 X90.887 Y98.231 E0.06389
G1 X91.719 Y97.241 E0.04515
G1 X93.578 Y96.445 E0.07062
G1 X94.000 Y96.420 E0.01478
;TYPE:Sparse infill
G1 E-0.80000 F2100
G1 Z4.600 F9000
G1 X91.040 Y97.040
G1 Z4.200
G1 E0.80000 F2100
G1 X91.840 Y97.040 E0.02794 F2400
G1 X92.990 Y97.040 E0.04016
G1 X94.490 Y97.040 E0.05238
G1 X95.640 Y97.040 E0.04016
G1 X97.880 Y97.040 E0.07823
G1 X99.380 Y97.040 E0.05238
G1 X100.330 Y97.040 E0.03318
G1 X102.180 Y97.040 E0.06461
G1 X103.480 Y97.040 E0.04540
G1 X105.530 Y97.040 E0.07159
G1 X106.330 Y97.040 E0.02794
G1 X107.480 Y97.040 E0.04016
G1 X108.980 Y97.040 E0.05238
G1 X110.130 Y97.040 E0.04016
G1 X112.370 Y97.040 E0.07823
G1 X113.870 Y97.040 E0.05238
G1 X114.820 Y97.040 E0.03318
G1 X116.670 Y97.040 E0.06461
G1 X117.970 Y97.040 E0.04540
G1 X120.020 Y97.040 E0.07159
G1 X120.820 Y97.040 E0.02794
G1 X121.970 Y97.040 E0.04016
G1 X123.470 Y97.040 E0.05238
G1 X124.620 Y97.040 E0.04016
G1 X126.860 Y97.040 E0.07823
G1 X128.360 Y97.040 E0.05238
G1 X128.960 Y97.040 E0.02095
G1 X128.960 Y99.440 E0.08382
G1 X127.810 Y99.440 E0.04016
G1 X126.310 Y99.440 E0.05238
G1 X125.160 Y99.440 E0.04016
G1 X122.920 Y99.440 E0.07823
G1 X121.420 Y99.440 E0.05238
G1 X120.470 Y99.440 E0.03318
G1 X118.620 Y99.440 E0.06461
G1 X117.320 Y99.440 E0.04540
G1 X115.270 Y99.440 E0.07159
G1 X114.470 Y99.440 E0.02794
G1 X113.320 Y99.440 E0.04016
G1 X111.820 Y99.440 E0.05238
G1 X110.670 Y99.440 E0.04016
G1 X108.430 Y99.440 E0.07823
G1 X106.930 Y99.440 E0.05238
G1 X105.980 Y99.440 E0.03318
G1 X104.130 Y99.440 E0.06461
G1 X102.830 Y99.440 E0.04540
G1 X100.780 Y99.440 E0.07159
G1 X99.980 Y99.440 E0.02794
G1 X98.830 Y99.440 E0.04016
G1 X97.330 Y99.440 E0.05238
G1 X96.180 Y99.440 E0.04016
G1 X93.940 Y99.440 E0.07823
G1 X92.440 Y99.440 E0.05238
G1 X91.490 Y99.440 E0.03318
G1 X91.040 Y99.440 E0.01572
G1 X91.040 Y101.840 E0.08382
G1 X92.540 Y101.840 E0.05238
G1 X93.690 Y101.840 E0.04016
G1 X95.930 Y101.840 E0.07823
G1 X97.430 Y101.840 E0.05238
G1 X98.380 Y101.840 E0.03318
G1 X100.230 Y101.840 E0.06461
G1 X101.530 Y101.840 E0.04540
G1 X103.580 Y101.840 E0.07159
G1 X104.380 Y101.840 E0.02794
G1 X105.530 Y101.840 E0.04016
G1 X107.030 Y101.840 E0.05238
G1 X108.180 Y101.840 E0.04016
G1 X110.420 Y101.840 E0.07823
G1 X111.920 Y101.840 E0.05238
G1 X112.870 Y101.840 E0.03318
G1 X114.720 Y101.840 E0.06461
G1 X116.020 Y101.840 E0.04540
G1 X118.070 Y101.840 E0.07159
G1 X118.870 Y101.840 E0.02794
G1 X120.020 Y101.840 E0.04016
G1 X121.520 Y101.840 E0.05238
G1 X122.670 Y101.840 E0.04016
G1 X124.910 Y101.840 E0.07823
G1 X126.410 Y101.840 E0.05238
G1 X127.360 Y101.840 E0.03318
G1 X128.960 Y101.840 E0.05588
G1 X128.960 Y104.240 E0.08382
G1 X127.810 Y104.240 E0.04016
G1 X125.570 Y104.240 E0.07823
G1 X124.070 Y104.240 E0.05238
G1 X123.120 Y104.240 E0.03318
G1 X121.270 Y104.240 E0.06461
G1 X119.970 Y104.240 E0.04540
G1 X117.920 Y104.240 E0.07159
G1 X117.120 Y104.240 E0.02794
G1 X115.970 Y104.240 E0.04016
G1 X114.470 Y104.240 E0.05238
G1 X113.320 Y104.240 E0.04016
G1 X111.080 Y104.240 E0.07823
G1 X109.580 Y104.240 E0.05238
G1 X108.630 Y104.240 E0.03318
G1 X106.780 Y104.240 E0.06461
G1 X105.480 Y104.240 E0.04540
G1 X103.430 Y104.240 E0.07159
G1 X102.630 Y104.240 E0.02794
G1 X101.480 Y104.240 E0.04016
G1 X99.980 Y104.240 E0.05238
G1 X98.830 Y104.240 E0.04016
G1 X96.590 Y104.240 E0.07823
G1 X95.090 Y104.240 E0.05238
G1 X94.140 Y104.240 E0.03318
G1 X92.290 Y104.240 E0.06461
G1 X91.040 Y104.240 E0.04365
G1 X91.040 Y106.640 E0.08382
G1 X93.280 Y106.640 E0.07823
G1 X94.780 Y106.640 E0.05238
G1 X95.730 Y106.640 E0.03318
G1 X97.580 Y106.640 E0.06461
G1 X98.880 Y106.640 E0.04540
G1 X100.930 Y106.640 E0.07159
G1 X101.730 Y106.640 E0.02794
G1 X102.880 Y106.640 E0.04016
G1 X104.380 Y106.640 E0.05238
G1 X105.530 Y106.640 E0.04016
G1 X107.770 Y106.640 E0.07823
G1 X109.270 Y106.640 E0.05238
G1 X110.220 Y106.640 E0.03318
G1 X112.070 Y106.640 E0.06461
G1 X113.370 Y106.640 E0.04540
G1 X115.420 Y106.640 E0.07159
G1 X116.220 Y106.640 E0.02794
G1 X117.370 Y106.640 E0.04016
G1 X118.870 Y106.640 E0.05238
G1 X120.020 Y106.640 E0.04016
G1 X122.260 Y106.640 E0.07823
G1 X123.760 Y106.640 E0.05238
G1 X124.710 Y106.640 E0.03318
G1 X126.560 Y106.640 E0.06461
G1 X127.860 Y106.640 E0.04540
G1 X128.960 Y106.640 E0.03842
G1 X128.960 Y109.040 E0.08382
G1 X127.460 Y109.040 E0.05238
G1 X126.510 Y109.040 E0.03318
G1 X124.660 Y109.040 E0.06461
G1 X123.360 Y109.040 E0.04540
G1 X121.310 Y109.040 E0.07159
G1 X120.510 Y109.040 E0.02794
G1 X119.360 Y109.040 E0.04016
G1 X117.860 Y109.040 E0.05238
G1 X116.710 Y109.040 E0.04016
G1 X114.470 Y109.040 E0.07823
G1 X112.970 Y109.040 E0.05238
G1 X112.020 Y109.040 E0.03318
G1 X110.170 Y109.040 E0.06461
G1 X108.870 Y109.040 E0.04540
G1 X106.820 Y109.040 E0.07159
G1 X106.020 Y109.040 E0.02794
G1 X104.870 Y109.040 E0.04016
G1 X103.370 Y109.040 E0.05238
G1 X102.220 Y109.040 E0.04016
G1 X99.980 Y109.040 E0.07823
G1 X98.480 Y109.040 E0.05238
G1 X97.530 Y109.040 E0.03318
G1 X95.680 Y109.040 E0.06461
G1 X94.380 Y109.040 E0.04540
G1 X92.330 Y109.040 E0.07159
G1 X91.530 Y109.040 E0.02794
G1 X91.040 Y109.040 E0.01711
G1 X91.040 Y111.440 E0.08382
G1 X91.990 Y111.440 E0.03318
G1 X93.840 Y111.440 E0.06461
G1 X95.140 Y111.440 E0.04540
G1 X97.190 Y111.440 E0.07159
G1 X97.990 Y111.440 E0.02794
G1 X99.140 Y111.440 E0.04016
G1 X100.640 Y111.440 E0.05238
G1 X101.790 Y111.440 E0.04016
G1 X104.030 Y111.440 E0.07823
G1 X105.530 Y111.440 E0.05238
G1 X106.480 Y111.440 E0.03318
G1 X108.330 Y111.440 E0.06461
G1 X109.630 Y111.440 E0.04540
G1 X111.680 Y111.440 E0.07159
G1 X112.480 Y111.440 E0.02794
G1 X113.630 Y111.440 E0.04016
G1 X115.130 Y111.440 E0.05238
G1 X116.280 Y111.440 E0.04016
G1 X118.520 Y111.440 E0.07823
G1 X120.020 Y111.440 E0.05238
G1 X120.970 Y111.440 E0.03318
G1 X122.820 Y111.440 E0.06461
G1 X124.120 Y111.440 E0.04540
G1 X126.170 Y111.440 E0.07159
G1 X126.970 Y111.440 E0.02794
G1 X128.120 Y111.440 E0.04016
G1 X128.960 Y111.440 E0.02934
G1 X128.960 Y113.840 E0.08382
G1 X127.110 Y113.840 E0.06461
G1 X125.810 Y113.840 E0.04540
G1 X123.760 Y113.840 E0.07159
G1 X122.960 Y113.840 E0.02794
G1 X121.810 Y113.840 E0.04016
G1 X120.310 Y113.840 E0.05238
G1 X119.160 Y113.840 E0.04016
G1 X116.920 Y113.840 E0.07823
G1 X115.420 Y113.840 E0.05238
G1 X114.470 Y113.840 E0.03318
G1 X112.620 Y113.840 E0.06461
G1 X111.320 Y113.840 E0.04540
G1 X109.270 Y113.840 E0.07159
G1 X108.470 Y113.840 E0.02794
G1 X107.320 Y113.840 E0.04016
G1 X105.820 Y113.840 E0.05238
G1 X104.670 Y113.840 E0.04016
G1 X102.430 Y113.840 E0.07823
G1 X100.930 Y113.840 E0.05238
G1 X99.980 Y113.840 E0.03318
G1 X98.130 Y113.840 E0.06461
G1 X96.830 Y113.840 E0.04540
G1 X94.780 Y113.840 E0.07159
G1 X93.980 Y113.840 E0.02794
G1 X92.830 Y113.840 E0.04016
G1 X91.040 Y113.840 E0.06251
G1 X91.040 Y116.240 E0.08382
G1 X92.340 Y116.240 E0.04540
G1 X94.390 Y116.240 E0.07159
G1 X95.190 Y116.240 E0.02794
G1 X96.340 Y116.240 E0.04016
G1 X97.840 Y116.240 E0.05238
G1 X98.990 Y116.240 E0.04016
G1 X101.230 Y116.240 E0.07823
G1 X102.730 Y116.240 E0.05238
G1 X103.680 Y116.240 E0.03318
G1 X105.530 Y116.240 E0.06461
G1 X106.830 Y116.240 E0.04540
G1 X108.880 Y116.240 E0.07159
G1 X109.680 Y116.240 E0.02794
G1 X110.830 Y116.240 E0.04016
G1 X112.330 Y116.240 E0.05238
G1 X113.480 Y116.240 E0.04016
G1 X115.720 Y116.240 E0.07823
G1 X117.220 Y116.240 E0.05238
G1 X118.170 Y116.240 E0.03318
G1 X120.020 Y116.240 E0.06461
G1 X121.320 Y116.240 E0.04540
G1 X123.370 Y116.240 E0.07159
G1 X124.170 Y116.240 E0.02794
G1 X125.320 Y116.240 E0.04016
G1 X126.820 Y116.240 E0.05238
G1 X127.970 Y116.240 E0.04016
G1 X128.960 Y116.240 E0.03457
G1 X128.960 Y118.640 E0.08382
G1 X126.910 Y118.640 E0.07159
G1 X126.110 Y118.640 E0.02794
G1 X124.960 Y118.640 E0.04016
G1 X123.460 Y118.640 E0.05238
G1 X122.310 Y118.640 E0.04016
G1 X120.070 Y118.640 E0.07823
G1 X118.570 Y118.640 E0.05238
G1 X117.620 Y118.640 E0.03318
G1 X115.770 Y118.640 E0.06461
G1 X114.470 Y118.640 E0.04540
G1 X112.420 Y118.640 E0.07159
G1 X111.620 Y118.640 E0.02794
G1 X110.470 Y118.640 E0.04016
G1 X108.970 Y118.640 E0.05238
G1 X107.820 Y118.640 E0.04016
G1 X105.580 Y118.640 E0.07823
G1 X104.080 Y118.640 E0.05238
G1 X103.130 Y118.640 E0.03318
G1 X101.280 Y118.640 E0.06461
G1 X99.980 Y118.640 E0.04540
G1 X97.930 Y118.640 E0.07159
G1 X97.130 Y118.640 E0.02794
G1 X95.980 Y118.640 E0.04016
G1 X94.480 Y118.640 E0.05238
G1 X93.330 Y118.640 E0.04016
G1 X91.040 Y118.640 E0.07997
;LAYER_CHANGE
;Z:4.400
; CHANGE_LAYER
G1 Z4.400 F7200
;TYPE:Outer wall
G1 E-0.80000 F2100
G1 Z4.800 F9000
G1 X94.000 Y96.000
G1 Z4.400
G1 E0.80000 F2100
G1 X94.800 Y96.000 E0.02794 F1800
G1 X95.950 Y96.000 E0.04016
G1 X97.450 Y96.000 E0.05238
G1 X98.600 Y96.000 E0.04016
G1 X100.840 Y96.000 E0.07823
G1 X102.340 Y96.000 E0.05238
G1 X103.290 Y96.000 E0.03318
G1 X105.140 Y96.000 E0.06461
G1 X106.440 Y96.000 E0.04540
G1 X108.490 Y96.000 E0.07159
G1 X109.290 Y96.000 E0.02794
G1 X110.440 Y96.000 E0.04016
G1 X111.940 Y96.000 E0.05238
G1 X113.090 Y96.000 E0.04016
G1 X115.330 Y96.000 E0.07823
G1 X116.830 Y96.000 E0.05238
G1 X117.780 Y96.000 E0.03318
G1 X119.630 Y96.000 E0.06461
G1 X120.930 Y96.000 E0.04540
G1 X122.980 Y96.000 E0.07159
G1 X123.780 Y96.000 E0.02794
G1 X124.930 Y96.000 E0.04016
G1 X126.000 Y96.000 E0.03737
G1 X127.134 Y96.164 E0.04002
G1 X128.999 Y97.353 E0.07721
G1 X129.760 Y98.635 E0.05208
G1 X129.975 Y99.558 E0.03310
G1 X130.000 Y100.000 E0.01547
G1 X130.000 Y101.300 E0.04540
G1 X130.000 Y103.350 E0.07159
G1 X130.000 Y104.150 E0.02794
G1 X130.000 Y105.300 E0.04016
G1 X130.000 Y106.800 E0.05238
G1 X130.000 Y107.950 E0.04016
G1 X130.000 Y110.190 E0.07823
G1 X130.000 Y111.690 E0.05238
G1 X130.000 Y112.640 E0.03318
G1 X130.000 Y114.490 E0.06461
G1 X130.000 Y115.790 E0.04540
G1 X130.000 Y117.840 E0.07159
G1 X130.000 Y118.640 E0.02794
G1 X130.000 Y120.000 E0.04750
G1 X129.722 Y121.465 E0.05208
G1 X129.154 Y122.460 E0.04002
G1 X127.365 Y123.760 E0.07721
G1 X126.000 Y124.000 E0.04841
G1 X125.050 Y124.000 E0.03318
G1 X123.200 Y124.000 E0.06461
G1 X121.900 Y124.000 E0.04540
G1 X119.850 Y124.000 E0.07159
G1 X119.050 Y124.000 E0.02794
G1 X117.900 Y124.000 E0.04016
G1 X116.400 Y124.000 E0.05238
G1 X115.250 Y124.000 E0.04016
G1 X113.010 Y124.000 E0.07823
G1 X111.510 Y124.000 E0.05238
G1 X110.560 Y124.000 E0.03318
G1 X108.710 Y124.000 E0.06461
G1 X107.410 Y124.000 E0.04540
G1 X105.360 Y124.000 E0.07159
G1 X104.560 Y124.000 E0.02794
G1 X103.410 Y124.000 E0.04016
G1 X101.910 Y124.000 E0.05238
G1 X100.760 Y124.000 E0.04016
G1 X98.520 Y124.000 E0.07823
G1 X97.020 Y124.000 E0.05238
G1 X96.070 Y124.000 E0.03318
G1 X94.000 Y124.000 E0.07229
G1 X92.723 Y123.791 E0.04520
G1 X91.028 Y122.677 E0.07081
G1 X90.555 Y122.033 E0.02789
G1 X90.120 Y120.973 E0.04002
G1 X90.000 Y120.000 E0.03425
G1 X90.000 Y118.850 E0.04016
G1 X90.000 Y116.610 E0.07823
G1 X90.000 Y115.110 E0.05238
G1 X90.000 Y114.160 E0.03318
G1 X90.000 Y112.310 E0.06461
G1 X90.000 Y111.010 E0.04540
G1 X90.000 Y108.960 E0.07159
G1 X90.000 Y108.160 E0.02794
G1 X90.000 Y107.010 E0.04016
G1 X90.000 Y105.510 E0.05238
G1 X90.000 Y104.360 E0.04016
G1 X90.000 Y102.120 E0.07823
G1 X90.000 Y100.620 E0.05238
G1 X90.000 Y100.000 E0.02165
G1 X90.420 Y98.215 E0.06403
G1 X91.178 Y97.166 E0.04520
G1 X92.930 Y96.146 E0.07081
G1 X94.000 Y96.000 E0.03771
;TYPE:Inner wall
G1 X94.000 Y96.420 F9000
G1 X94.800 Y96.420 E0.02794 F1800
G1 X95.950 Y96.420 E0.04016
G1 X97.450 Y96.420 E0.05238
G1 X98.600 Y96.420 E0.04016
G1 X100.840 Y96.420 E0.07823
G1 X102.340 Y96.420 E0.05238
G1 X103.290 Y96.420 E0.03318
G1 X105.140 Y96.420 E0.06461
G1 X106.440 Y96.420 E0.04540
G1 X108.490 Y96.420 E0.07159
G1 X109.290 Y96.420 E0.02794
G1 X110.440 Y96.420 E0.04016
G1 X111.940 Y96.420 E0.05238
G1 X113.090 Y96.420 E0.04016
G1 X115.330 Y96.420 E0.07823
G1 X116.830 Y96.420 E0.05238
G1 X117.780 Y96.420 E0.03318
G1 X119.630 Y96.420 E0.06461
G1 X120.930 Y96.420 E0.04540
G1 X122.980 Y96.420 E0.07159
G1 X123.780 Y96.420 E0.02794
G1 X124.930 Y96.420 E0.04016
G1 X126.000 Y96.420 E0.03737
G1 X127.130 Y96.603 E0.03999
G1 X128.906 Y97.909 E0.07696
G1 X129.505 Y99.272 E0.05200
G1 X129.580 Y100.000 E0.02557
G1 X129.580 Y101.850 E0.06461
G1 X129.580 Y103.150 E0.04540
G1 X129.580 Y105.200 E0.07159
G1 X129.580 Y106.000 E0.02794
G1 X129.580 Y107.150 E0.04016
G1 X129.580 Y108.650 E0.05238
G1 X129.580 Y109.800 E0.04016
G1 X129.580 Y112.040 E0.07823
G1 X129.580 Y113.540 E0.05238
G1 X129.580 Y114.490 E0.03318
G1 X129.580 Y116.340 E0.06461
G1 X129.580 Y117.640 E0.04540
G1 X129.580 Y119.690 E0.07159
G1 X129.580 Y120.000 E0.01083
G1 X129.397 Y121.130 E0.03999
G1 X128.643 Y122.415 E0.05200
G1 X127.746 Y123.126 E0.03999
G1 X126.000 Y123.580 E0.06299
G1 X124.500 Y123.580 E0.05238
G1 X123.550 Y123.580 E0.03318
G1 X121.700 Y123.580 E0.06461
G1 X120.400 Y123.580 E0.04540
G1 X118.350 Y123.580 E0.07159
G1 X117.550 Y123.580 E0.02794
G1 X116.400 Y123.580 E0.04016
G1 X114.900 Y123.580 E0.05238
G1 X113.750 Y123.580 E0.04016
G1 X111.510 Y123.580 E0.07823
G1 X110.010 Y123.580 E0.05238
G1 X109.060 Y123.580 E0.03318
G1 X107.210 Y123.580 E0.06461
G1 X105.910 Y123.580 E0.04540
G1 X103.860 Y123.580 E0.07159
G1 X103.060 Y123.580 E0.02794
G1 X101.910 Y123.580 E0.04016
G1 X100.410 Y123.580 E0.05238
G1 X99.260 Y123.580 E0.04016
G1 X97.020 Y123.580 E0.07823
G1 X95.520 Y123.580 E0.05238
G1 X94.570 Y123.580 E0.03318
G1 X94.000 Y123.580 E0.01991
G1 X92.728 Y123.347 E0.04515
G1 X91.118 Y122.124 E0.07062
G1 X90.719 Y121.432 E0.02788
G1 X90.435 Y120.323 E0.03999
G1 X90.420 Y120.000 E0.01129
G1 X90.420 Y118.850 E0.04016
G1 X90.420 Y116.610 E0.07823
G1 X90.420 Y115.110 E0.05238
G1 X90.420 Y114.160 E0.03318
G1 X90.420 Y112.310 E0.06461
G1 X90.420 Y111.010 E0.04540
G1 X90.420 Y108.960 E0.07159
G1 X90.420 Y108.160 E0.02794
G1 X90.420 Y107.010 E0.04016
G1 X90.420 Y105.510 E0.05238
G1 X90.420 Y104.360 E0.04016
G1 X90.420 Y102.120 E0.07823
G1 X90.420 Y100.620 E0.05238
G1 X90.420 Y100.000 E0.02165
G1 X90.887 Y98.231 E0.06389
G1 X91.719 Y97.241 E0.04515
G1 X93.578 Y96.445 E0.07062
G1 X94.000 Y96.420 E0.01478
;TYPE:Sparse infill
G1 E-0.80000 F2100
G1 Z4.800 F9000
G1 X128.960 Y97.040
G1 Z4.400
G1 E0.80000 F2100
G1 X128.160 Y97.040 E0.02794 F2400
G1 X127.010 Y97.040 E0.04016
G1 X125.510 Y97.040 E0.05238
G1 X124.360 Y97.040 E0.04016
G1 X122.120 Y97.040 E0.07823
G1 X120.620 Y97.040 E0.05238
G1 X119.670 Y97.040 E0.03318
G1 X117.820 Y97.040 E0.06461
G1 X116.520 Y97.040 E0.04540
G1 X114.470 Y97.040 E0.07159
G1 X113.670 Y97.040 E0.02794
G1 X112.520 Y97.040 E0.04016
G1 X111.020 Y97.040 E0.05238
G1 X109.870 Y97.040 E0.04016
G1 X107.630 Y97.040 E0.07823
G1 X106.130 Y97.040 E0.05238
G1 X105.180 Y97.040 E0.03318
G1 X103.330 Y97.040 E0.06461
G1 X102.030 Y97.040 E0.04540
G1 X99.980 Y97.040 E0.07159
G1 X99.180 Y97.040 E0.02794
G1 X98.030 Y97.040 E0.04016
G1 X96.530 Y97.040 E0.05238
G1 X95.380 Y97.040 E0.04016
G1 X93.140 Y97.040 E0.07823
G1 X91.640 Y97.040 E0.05238
G1 X91.040 Y97.040 E0.02095
G1 X91.040 Y99.440 E0.08382
G1 X92.190 Y99.440 E0.04016
G1 X93.690 Y99.440 E0.05238
G1 X94.840 Y99.440 E0.04016
G1 X97.080 Y99.440 E0.07823
G1 X98.580 Y99.440 E0.05238
G1 X99.530 Y99.440 E0.03318
G1 X101.380 Y99.440 E0.06461
G1 X102.680 Y99.440 E0.04540
G1 X104.730 Y99.440 E0.07159
G1 X105.530 Y99.440 E0.02794
G1 X106.680 Y99.440 E0.04016
G1 X108.180 Y99.440 E0.05238
G1 X109.330 Y99.440 E0.04016
G1 X111.570 Y99.440 E0.07823
G1 X113.070 Y99.440 E0.05238
G1 X114.020 Y99.440 E0.03318
G1 X115.870 Y99.440 E0.06461
G1 X117.170 Y99.440 E0.04540
G1 X119.220 Y99.440 E0.07159
G1 X120.020 Y99.440 E0.02794
G1 X121.170 Y99.440 E0.04016
G1 X122.670 Y99.440 E0.05238
G1 X123.820 Y99.440 E0.04016
G1 X126.060 Y99.440 E0.07823
G1 X127.560 Y99.440 E0.05238
G1 X128.510 Y99.440 E0.03318
G1 X128.960 Y99.440 E0.01572
G1 X128.960 Y101.840 E0.08382
G1 X127.460 Y101.840 E0.05238
G1 X126.310 Y101.840 E0.04016
G1 X124.070 Y101.840 E0.07823
G1 X122.570 Y101.840 E0.05238
G1 X121.620 Y101.840 E0.03318
G1 X119.770 Y101.840 E0.06461
G1 X118.470 Y101.840 E0.04540
G1 X116.420 Y101.840 E0.07159
G1 X115.620 Y101.840 E0.02794
G1 X114.470 Y101.840 E0.04016
G1 X112.970 Y101.840 E0.05238
G1 X111.820 Y101.840 E0.04016
G1 X109.580 Y101.840 E0.07823
G1 X108.080 Y101.840 E0.05238
G1 X107.130 Y101.840 E0.03318
G1 X105.280 Y101.840 E0.06461
G1 X103.980 Y101.840 E0.04540
G1 X101.930 Y101.840 E0.07159
G1 X101.130 Y101.840 E0.02794
G1 X99.980 Y101.840 E0.04016
G1 X98.480 Y101.840 E0.05238
G1 X97.330 Y101.840 E0.04016
G1 X95.090 Y101.840 E0.07823
G1 X93.590 Y101.840 E0.05238
G1 X92.640 Y101.840 E0.03318
G1 X91.040 Y101.840 E0.05588
G1 X91.040 Y104.240 E0.08382
G1 X92.190 Y104.240 E0.04016
G1 X94.430 Y104.240 E0.07823
G1 X95.930 Y104.240 E0.05238
G1 X96.880 Y104.240 E0.03318
G1 X98.730 Y104.240 E0.06461
G1 X100.030 Y104.240 E0.04540
G1 X102.080 Y104.240 E0.07159
G1 X102.880 Y104.240 E0.02794
G1 X104.030 Y104.240 E0.04016
G1 X105.530 Y104.240 E0.05238
G1 X106.680 Y104.240 E0.04016
G1 X108.920 Y104.240 E0.07823
G1 X110.420 Y104.240 E0.05238
G1 X111.370 Y104.240 E0.03318
G1 X113.220 Y104.240 E0.06461
G1 X114.520 Y104.240 E0.04540
G1 X116.570 Y104.240 E0.07159
G1 X117.370 Y104.240 E0.02794
G1 X118.520 Y104.240 E0.04016
G1 X120.020 Y104.240 E0.05238
G1 X121.170 Y104.240 E0.04016
G1 X123.410 Y104.240 E0.07823
G1 X124.910 Y104.240 E0.05238
G1 X125.860 Y104.240 E0.03318
G1 X127.710 Y104.240 E0.06461
G1 X128.960 Y104.240 E0.04365
G1 X128.960 Y106.640 E0.08382
G1 X126.720 Y106.640 E0.07823
G1 X125.220 Y106.640 E0.05238
G1 X124.270 Y106.640 E0.03318
G1 X122.420 Y106.640 E0.06461
G1 X121.120 Y106.640 E0.04540
G1 X119.070 Y106.640 E0.07159
G1 X118.270 Y106.640 E0.02794
G1 X117.120 Y106.640 E0.04016
G1 X115.620 Y106.640 E0.05238
G1 X114.470 Y106.640 E0.04016
G1 X112.230 Y106.640 E0.07823
G1 X110.730 Y106.640 E0.05238
G1 X109.780 Y106.640 E0.03318
G1 X107.930 Y106.640 E0.06461
G1 X106.630 Y106.640 E0.04540
G1 X104.580 Y106.640 E0.07159
G1 X103.780 Y106.640 E0.02794
G1 X102.630 Y106.640 E0.04016
G1 X101.130 Y106.640 E0.05238
G1 X99.980 Y106.640 E0.04016
G1 X97.740 Y106.640 E0.07823
G1 X96.240 Y106.640 E0.05238
G1 X95.290 Y106.640 E0.03318
G1 X93.440 Y106.640 E0.06461
G1 X92.140 Y106.640 E0.04540
G1 X91.040 Y106.640 E0.03842
G1 X91.040 Y109.040 E0.08382
G1 X92.540 Y109.040 E0.05238
G1 X93.490 Y109.040 E0.03318
G1 X95.340 Y109.040 E0.06461
G1 X96.640 Y109.040 E0.04540
G1 X98.690 Y109.040 E0.07159
G1 X99.490 Y109.040 E0.02794
G1 X100.640 Y109.040 E0.04016
G1 X102.140 Y109.040 E0.05238
G1 X103.290 Y109.040 E0.04016
G1 X105.530 Y109.040 E0.07823
G1 X107.030 Y109.040 E0.05238
G1 X107.980 Y109.040 E0.03318
G1 X109.830 Y109.040 E0.06461
G1 X111.130 Y109.040 E0.04540
G1 X113.180 Y109.040 E0.07159
G1 X113.980 Y109.040 E0.02794
G1 X115.130 Y109.040 E0.04016
G1 X116.630 Y109.040 E0.05238
G1 X117.780 Y109.040 E0.04016
G1 X120.020 Y109.040 E0.07823
G1 X121.520 Y109.040 E0.05238
G1 X122.470 Y109.040 E0.03318
G1 X124.320 Y109.040 E0.06461
G1 X125.620 Y109.040 E0.04540
G1 X127.670 Y109.040 E0.07159
G1 X128.470 Y109.040 E0.02794
G1 X128.960 Y109.040 E0.01711
G1 X128.960 Y111.440 E0.08382
G1 X128.010 Y111.440 E0.03318
G1 X126.160 Y111.440 E0.06461
G1 X124.860 Y111.440 E0.04540
G1 X122.810 Y111.440 E0.07159
G1 X122.010 Y111.440 E0.02794
G1 X120.860 Y111.440 E0.04016
G1 X119.360 Y111.440 E0.05238
G1 X118.210 Y111.440 E0.04016
G1 X115.970 Y111.440 E0.07823
G1 X114.470 Y111.440 E0.05238
G1 X113.520 Y111.440 E0.03318
G1 X111.670 Y111.440 E0.06461
G1 X110.370 Y111.440 E0.04540
G1 X108.320 Y111.440 E0.07159
G1 X107.520 Y111.440 E0.02794
G1 X106.370 Y111.440 E0.04016
G1 X104.870 Y111.440 E0.05238
G1 X103.720 Y111.440 E0.04016
G1 X101.480 Y111.440 E0.07823
G1 X99.980 Y111.440 E0.05238
G1 X99.030 Y111.440 E0.03318
G1 X97.180 Y111.440 E0.06461
G1 X95.880 Y111.440 E0.04540
G1 X93.830 Y111.440 E0.07159
G1 X93.030 Y111.440 E0.02794
G1 X91.880 Y111.440 E0.04016
G1 X91.040 Y111.440 E0.02934
G1 X91.040 Y113.840 E0.08382
G1 X92.890 Y113.840 E0.06461
G1 X94.190 Y113.840 E0.04540
G1 X96.240 Y113.840 E0.07159
G1 X97.040 Y113.840 E0.02794
G1 X98.190 Y113.840 E0.04016
G1 X99.690 Y113.840 E0.05238
G1 X100.840 Y113.840 E0.04016
G1 X103.080 Y113.840 E0.07823
G1 X104.580 Y113.840 E0.05238
G1 X105.530 Y113.840 E0.03318
G1 X107.380 Y113.840 E0.06461
G1 X108.680 Y113.840 E0.04540
G1 X110.730 Y113.840 E0.07159
G1 X111.530 Y113.840 E0.02794
G1 X112.680 Y113.840 E0.04016
G1 X114.180 Y113.840 E0.05238
G1 X115.330 Y113.840 E0.04016
G1 X117.570 Y113.840 E0.07823
G1 X119.070 Y113.840 E0.05238
G1 X120.020 Y113.840 E0.03318
G1 X121.870 Y113.840 E0.06461
G1 X123.170 Y113.840 E0.04540
G1 X125.220 Y113.840 E0.07159
G1 X126.020 Y113.840 E0.02794
G1 X127.170 Y113.840 E0.04016
G1 X128.960 Y113.840 E0.06251
G1 X128.960 Y116.240 E0.08382
G1 X127.660 Y116.240 E0.04540
G1 X125.610 Y116.240 E0.07159
G1 X124.810 Y116.240 E0.02794
G1 X123.660 Y116.240 E0.04016
G1 X122.160 Y116.240 E0.05238
G1 X121.010 Y116.240 E0.04016
G1 X118.770 Y116.240 E0.07823
G1 X117.270 Y116.240 E0.05238
G1 X116.320 Y116.240 E0.03318
G1 X114.470 Y116.240 E0.06461
G1 X113.170 Y116.240 E0.04540
G1 X111.120 Y116.240 E0.07159
G1 X110.320 Y116.240 E0.02794
G1 X109.170 Y116.240 E0.04016
G1 X107.670 Y116.240 E0.05238
G1 X106.520 Y116.240 E0.04016
G1 X104.280 Y116.240 E0.07823
G1 X102.780 Y116.240 E0.05238
G1 X101.830 Y116.240 E0.03318
G1 X99.980 Y116.240 E0.06461
G1 X98.680 Y116.240 E0.04540
G1 X96.630 Y116.240 E0.07159
G1 X95.830 Y116.240 E0.02794
G1 X94.680 Y116.240 E0.04016
G1 X93.180 Y116.240 E0.05238
G1 X92.030 Y116.240 E0.04016
G1 X91.040 Y116.240 E0.03457
G1 X91.040 Y118.640 E0.08382
G1 X93.090 Y118.640 E0.07159
G1 X93.890 Y118.640 E0.02794
G1 X95.040 Y118.640 E0.04016
G1 X96.540 Y118.640 E0.05238
G1 X97.690 Y118.640 E0.04016
G1 X99.930 Y118.640 E0.07823
G1 X101.430 Y118.640 E0.05238
G1 X102.380 Y118.640 E0.03318
G1 X104.230 Y118.640 E0.06461
G1 X105.530 Y118.640 E0.04540
G1 X107.580 Y118.640 E0.07159
G1 X108.380 Y118.640 E0.02794
G1 X109.530 Y118.640 E0.04016
G1 X111.030 Y118.640 E0.05238
G1 X112.180 Y118.640 E0.04016
G1 X114.420 Y118.640 E0.07823
G1 X115.920 Y118.640 E0.05238
G1 X116.870 Y118.640 E0.03318
G1 X118.720 Y118.640 E0.06461
G1 X120.020 Y118.640 E0.04540
G1 X122.070 Y118.640 E0.07159
G1 X122.870 Y118.640 E0.02794
G1 X124.020 Y118.640 E0.04016
G1 X125.520 Y118.640 E0.05238
G1 X126.670 Y118.640 E0.04016
G1 X128.960 Y118.640 E0.07997
;LAYER_CHANGE
;Z:4.600
; CHANGE_LAYER
G1 Z4.600 F7200
;TYPE:Outer wall
G1 E-0.80000 F2100
G1 Z5.000 F9000
G1 X94.000 Y96.000
G1 Z4.600
G1 E0.80000 F2100
G1 X94.800 Y96.000 E0.02794 F1800
G1 X95.950 Y96.000 E0.04016
G1 X97.450 Y96.000 E0.05238
G1 X98.600 Y96.000 E0.04016
G1 X100.840 Y96.000 E0.07823
G1 X102.340 Y96.000 E0.05238
G1 X103.290 Y96.000 E0.03318
G1 X105.140 Y96.000 E0.06461
G1 X106.440 Y96.000 E0.04540
G1 X108.490 Y96.000 E0.07159
G1 X109.290 Y96.000 E0.02794
G1 X110.440 Y96.000 E0.04016
G1 X111.940 Y96.000 E0.05238
G1 X113.090 Y96.000 E0.04016
G1 X115.330 Y96.000 E0.07823
G1 X116.830 Y96.000 E0.05238
G1 X117.780 Y96.000 E0.03318
G1 X119.630 Y96.000 E0.06461
G1 X120.930 Y96.000 E0.04540
G1 X122.980 Y96.000 E0.07159
G1 X123.780 Y96.000 E0.02794
G1 X124.930 Y96.000 E0.04016
G1 X126.000 Y96.000 E0.03737
G1 X127.134 Y96.164 E0.04002
G1 X128.999 Y97.353 E0.07721
G1 X129.760 Y98.635 E0.05208
G1 X129.975 Y99.558 E0.03310
G1 X130.000 Y100.000 E0.01547
G1 X130.000 Y101.300 E0.04540
G1 X130.000 Y103.350 E0.07159
G1 X130.000 Y104.150 E0.02794
G1 X130.000 Y105.300 E0.04016
G1 X130.000 Y106.800 E0.05238
G1 X130.000 Y107.950 E0.04016
G1 X130.000 Y110.190 E0.07823
G1 X130.000 Y111.690 E0.05238
G1 X130.000 Y112.640 E0.03318
G1 X130.000 Y114.490 E0.06461
G1 X130.000 Y115.790 E0.04540
G1 X130.000 Y117.840 E0.07159
G1 X130.000 Y118.640 E0.02794
G1 X130.000 Y120.000 E0.04750
G1 X129.722 Y121.465 E0.05208
G1 X129.154 Y122.460 E0.04002
G1 X127.365 Y123.760 E0.07721
G1 X126.000 Y124.000 E0.04841
G1 X125.050 Y124.000 E0.03318
G1 X123.200 Y124.000 E0.06461
G1 X121.900 Y124.000 E0.04540
G1 X119.850 Y124.000 E0.07159
G1 X119.050 Y124.000 E0.02794
G1 X117.900 Y124.000 E0.04016
G1 X116.400 Y124.000 E0.05238
G1 X115.250 Y124.000 E0.04016
G1 X113.010 Y124.000 E0.07823
G1 X111.510 Y124.000 E0.05238
G1 X110.560 Y124.000 E0.03318
G1 X108.710 Y124.000 E0.06461
G1 X107.410 Y124.000 E0.04540
G1 X105.360 Y124.000 E0.07159
G1 X104.560 Y124.000 E0.02794
G1 X103.410 Y124.000 E0.04016
G1 X101.910 Y124.000 E0.05238
G1 X100.760 Y124.000 E0.04016
G1 X98.520 Y124.000 E0.07823
G1 X97.020 Y124.000 E0.05238
G1 X96.070 Y124.000 E0.03318
G1 X94.000 Y124.000 E0.07229
G1 X92.723 Y123.791 E0.04520
G1 X91.028 Y122.677 E0.07081
G1 X90.555 Y122.033 E0.02789
G1 X90.120 Y120.973 E0.04002
G1 X90.000 Y120.000 E0.03425
G1 X90.000 Y118.850 E0.04016
G1 X90.000 Y116.610 E0.07823
G1 X90.000 Y115.110 E0.05238
G1 X90.000 Y114.160 E0.03318
G1 X90.000 Y112.310 E0.06461
G1 X90.000 Y111.010 E0.04540
G1 X90.000 Y108.960 E0.07159
G1 X90.000 Y108.160 E0.02794
G1 X90.000 Y107.010 E0.04016
G1 X90.000 Y105.510 E0.05238
G1 X90.000 Y104.360 E0.04016
G1 X90.000 Y102.120 E0.07823
G1 X90.000 Y100.620 E0.05238
G1 X90.000 Y100.000 E0.02165
G1 X90.420 Y98.215 E0.06403
G1 X91.178 Y97.166 E0.04520
G1 X92.930 Y96.146 E0.07081
G1 X94.000 Y96.000 E0.03771
;TYPE:Inner wall
G1 X94.000 Y96.420 F9000
G1 X94.800 Y96.420 E0.02794 F1800
G1 X95.950 Y96.420 E0.04016
G1 X97.450 Y96.420 E0.05238
G1 X98.600 Y96.420 E0.04016
G1 X100.840 Y96.420 E0.07823
G1 X102.340 Y96.420 E0.05238
G1 X103.290 Y96.420 E0.03318
G1 X105.140 Y96.420 E0.06461
G1 X106.440 Y96.420 E0.04540
G1 X108.490 Y96.420 E0.07159
G1 X109.290 Y96.420 E0.02794
G1 X110.440 Y96.420 E0.04016
G1 X111.940 Y96.420 E0.05238
G1 X113.090 Y96.420 E0.04016
G1 X115.330 Y96.420 E0.07823
G1 X116.830 Y96.420 E0.05238
G1 X117.780 Y96.420 E0.03318
G1 X119.630 Y96.420 E0.06461
G1 X120.930 Y96.420 E0.04540
G1 X122.980 Y96.420 E0.07159
G1 X123.780 Y96.420 E0.02794
G1 X124.930 Y96.420 E0.04016
G1 X126.000 Y96.420 E0.03737
G1 X127.130 Y96.603 E0.03999
G1 X128.906 Y97.909 E0.07696
G1 X129.505 Y99.272 E0.05200
G1 X129.580 Y100.000 E0.02557
G1 X129.580 Y101.850 E0.06461
G1 X129.580 Y103.150 E0.04540
G1 X129.580 Y105.200 E0.07159
G1 X129.580 Y106.000 E0.02794
G1 X129.580 Y107.150 E0.04016
G1 X129.580 Y108.650 E0.05238
G1 X129.580 Y109.800 E0.04016
G1 X129.580 Y112.040 E0.07823
G1 X129.580 Y113.540 E0.05238
G1 X129.580 Y114.490 E0.03318
G1 X129.580 Y116.340 E0.06461
G1 X129.580 Y117.640 E0.04540
G1 X129.580 Y119.690 E0.07159
G1 X129.580 Y120.000 E0.01083
G1 X129.397 Y121.130 E0.03999
G1 X128.643 Y122.415 E0.05200
G1 X127.746 Y123.126 E0.03999
G1 X126.000 Y123.580 E0.06299
G1 X124.500 Y123.580 E0.05238
G1 X123.550 Y123.580 E0.03318
G1 X121.700 Y123.580 E0.06461
G1 X120.400 Y123.580 E0.04540
G1 X118.350 Y123.580 E0.07159
G1 X117.550 Y123.580 E0.02794
G1 X116.400 Y123.580 E0.04016
G1 X114.900 Y123.580 E0.05238
G1 X113.750 Y123.580 E0.04016
G1 X111.510 Y123.580 E0.07823
G1 X110.010 Y123.580 E0.05238
G1 X109.060 Y123.580 E0.03318
G1 X107.210 Y123.580 E0.06461
G1 X105.910 Y123.580 E0.04540
G1 X103.860 Y123.580 E0.07159
G1 X103.060 Y123.580 E0.02794
G1 X101.910 Y123.580 E0.04016
G1 X100.410 Y123.580 E0.05238
G1 X99.260 Y123.580 E0.04016
G1 X97.020 Y123.580 E0.07823
G1 X95.520 Y123.580 E0.05238
G1 X94.570 Y123.580 E0.03318
G1 X94.000 Y123.580 E0.01991
G1 X92.728 Y123.347 E0.04515
G1 X91.118 Y122.124 E0.07062
G1 X90.719 Y121.432 E0.02788
G1 X90.435 Y120.323 E0.03999
G1 X90.420 Y120.000 E0.01129
G1 X90.420 Y118.850 E0.04016
G1 X90.420 Y116.610 E0.07823
G1 X90.420 Y115.110 E0.05238
G1 X90.420 Y114.160 E0.03318
G1 X90.420 Y112.310 E0.06461
G1 X90.420 Y111.010 E0.04540
G1 X90.420 Y108.960 E0.07159
G1 X90.420 Y108.160 E0.02794
G1 X90.420 Y107.010 E0.04016
G1 X90.420 Y105.510 E0.05238
G1 X90.420 Y104.360 E0.04016
G1 X90.420 Y102.120 E0.07823
G1 X90.420 Y100.620 E0.05238
G1 X90.420 Y100.000 E0.02165
G1 X90.887 Y98.231 E0.06389
G1 X91.719 Y97.241 E0.04515
G1 X93.578 Y96.445 E0.07062
G1 X94.000 Y96.420 E0.01478
;TYPE:Sparse infill
G1 E-0.80000 F2100
G1 Z5.000 F9000
G1 X91.040 Y97.040
G1 Z4.600
G1 E0.80000 F2100
G1 X91.840 Y97.040 E0.02794 F2400
G1 X92.990 Y97.040 E0.04016
G1 X94.490 Y97.040 E0.05238
G1 X95.640 Y97.040 E0.04016
G1 X97.880 Y97.040 E0.07823
G1 X99.380 Y97.040 E0.05238
G1 X100.330 Y97.040 E0.03318
G1 X102.180 Y97.040 E0.06461
G1 X103.480 Y97.040 E0.04540
G1 X105.530 Y97.040 E0.07159
G1 X106.330 Y97.040 E0.02794
G1 X107.480 Y97.040 E0.04016
G1 X108.980 Y97.040 E0.05238
G1 X110.130 Y97.040 E0.04016
G1 X112.370 Y97.040 E0.07823
G1 X113.870 Y97.040 E0.05238
G1 X114.820 Y97.040 E0.03318
G1 X116.670 Y97.040 E0.06461
G1 X117.970 Y97.040 E0.04540
G1 X120.020 Y97.040 E0.07159
G1 X120.820 Y97.040 E0.02794
G1 X121.970 Y97.040 E0.04016
G1 X123.470 Y97.040 E0.05238
G1 X124.620 Y97.040 E0.04016
G1 X126.860 Y97.040 E0.07823
G1 X128.360 Y97.040 E0.05238
G1 X128.960 Y97.040 E0.02095
G1 X128.960 Y99.440 E0.08382
G1 X127.810 Y99.440 E0.04016
G1 X126.310 Y99.440 E0.05238
G1 X125.160 Y99.440 E0.04016
G1 X122.920 Y99.440 E0.07823
G1 X121.420 Y99.440 E0.05238
G1 X120.470 Y99.440 E0.03318
G1 X118.620 Y99.440 E0.06461
G1 X117.320 Y99.440 E0.04540
G1 X115.270 Y99.440 E0.07159
G1 X114.470 Y99.440 E0.02794
G1 X113.320 Y99.440 E0.04016
G1 X111.820 Y99.440 E0.05238
G1 X110.670 Y99.440 E0.04016
G1 X108.430 Y99.440 E0.07823
G1 X106.930 Y99.440 E0.05238
G1 X105.980 Y99.440 E0.03318
G1 X104.130 Y99.440 E0.06461
G1 X102.830 Y99.440 E0.04540
G1 X100.780 Y99.440 E0.07159
G1 X99.980 Y99.440 E0.02794
G1 X98.830 Y99.440 E0.04016
G1 X97.330 Y99.440 E0.05238
G1 X96.180 Y99.440 E0.04016
G1 X93.940 Y99.440 E0.07823
G1 X92.440 Y99.440 E0.05238
G1 X91.490 Y99.440 E0.03318
G1 X91.040 Y99.440 E0.01572
G1 X91.040 Y101.840 E0.08382
G1 X92.540 Y101.840 E0.05238
G1 X93.690 Y101.840 E0.04016
G1 X95.930 Y101.840 E0.07823
G1 X97.430 Y101.840 E0.05238
G1 X98.380 Y101.840 E0.03318
G1 X100.230 Y101.840 E0.06461
G1 X101.530 Y101.840 E0.04540
G1 X103.580 Y101.840 E0.07159
G1 X104.380 Y101.840 E0.02794
G1 X105.530 Y101.840 E0.04016
G1 X107.030 Y101.840 E0.05238
G1 X108.180 Y101.840 E0.04016
G1 X110.420 Y101.840 E0.07823
G1 X111.920 Y101.840 E0.05238
G1 X112.870 Y101.840 E0.03318
G1 X114.720 Y101.840 E0.06461
G1 X116.020 Y101.840 E0.04540
G1 X118.070 Y101.840 E0.07159
G1 X118.870 Y101.840 E0.02794
G1 X120.020 Y101.840 E0.04016
G1 X121.520 Y101.840 E0.05238
G1 X122.670 Y101.840 E0.04016
G1 X124.910 Y101.840 E0.07823
G1 X126.410 Y101.840 E0.05238
G1 X127.360 Y101.840 E0.03318
G1 X128.960 Y101.840 E0.05588
G1 X128.960 Y104.240 E0.08382
G1 X127.810 Y104.240 E0.04016
G1 X125.570 Y104.240 E0.07823
G1 X124.070 Y104.240 E0.05238
G1 X123.120 Y104.240 E0.03318
G1 X121.270 Y104.240 E0.06461
G1 X119.970 Y104.240 E0.04540
G1 X117.920 Y104.240 E0.07159
G1 X117.120 Y104.240 E0.02794
G1 X115.970 Y104.240 E0.04016
G1 X114.470 Y104.240 E0.05238
G1 X113.320 Y104.240 E0.04016
G1 X111.080 Y104.240 E0.07823
G1 X109.580 Y104.240 E0.05238
G1 X108.630 Y104.240 E0.03318
G1 X106.780 Y104.240 E0.06461
G1 X105.480 Y104.240 E0.04540
G1 X103.430 Y104.240 E0.07159
G1 X102.630 Y104.240 E0.02794
G1 X101.480 Y104.240 E0.04016
G1 X99.980 Y104.240 E0.05238
G1 X98.830 Y104.240 E0.04016
G1 X96.590 Y104.240 E0.07823
G1 X95.090 Y104.240 E0.05238
G1 X94.140 Y104.240 E0.03318
G1 X92.290 Y104.240 E0.06461
G1 X91.040 Y104.240 E0.04365
G1 X91.040 Y106.640 E0.08382
G1 X93.280 Y106.640 E0.07823
G1 X94.780 Y106.640 E0.05238
G1 X95.730 Y106.640 E0.03318
G1 X97.580 Y106.640 E0.06461
G1 X98.880 Y106.640 E0.04540
G1 X100.930 Y106.640 E0.07159
G1 X101.730 Y106.640 E0.02794
G1 X102.880 Y106.640 E0.04016
G1 X104.380 Y106.640 E0.05238
G1 X105.530 Y106.640 E0.04016
G1 X107.770 Y106.640 E0.07823
G1 X109.270 Y106.640 E0.05238
G1 X110.220 Y106.640 E0.03318
G1 X112.070 Y106.640 E0.06461
G1 X113.370 Y106.640 E0.04540
G1 X115.420 Y106.640 E0.07159
G1 X116.220 Y106.640 E0.02794
G1 X117.370 Y106.640 E0.04016
G1 X118.870 Y106.640 E0.05238
G1 X120.020 Y106.640 E0.04016
G1 X122.260 Y106.640 E0.07823
G1 X123.760 Y106.640 E0.05238
G1 X124.710 Y106.640 E0.03318
G1 X126.560 Y106.640 E0.06461
G1 X127.860 Y106.640 E0.04540
G1 X128.960 Y106.640 E0.03842
G1 X128.960 Y109.040 E0.08382
G1 X127.460 Y109.040 E0.05238
G1 X126.510 Y109.040 E0.03318
G1 X124.660 Y109.040 E0.06461
G1 X123.360 Y109.040 E0.04540
G1 X121.310 Y109.040 E0.07159
G1 X120.510 Y109.040 E0.02794
G1 X119.360 Y109.040 E0.04016
G1 X117.860 Y109.040 E0.05238
G1 X116.710 Y109.040 E0.04016
G1 X114.470 Y109.040 E0.07823
G1 X112.970 Y109.040 E0.05238
G1 X112.020 Y109.040 E0.03318
G1 X110.170 Y109.040 E0.06461
G1 X108.870 Y109.040 E0.04540
G1 X106.820 Y109.040 E0.07159
G1 X106.020 Y109.040 E0.02794
G1 X104.870 Y109.040 E0.04016
G1 X103.370 Y109.040 E0.05238
G1 X102.220 Y109.040 E0.04016
G1 X99.980 Y109.040 E0.07823
G1 X98.480 Y109.040 E0.05238
G1 X97.530 Y109.040 E0.03318
G1 X95.680 Y109.040 E0.06461
G1 X94.380 Y109.040 E0.04540
G1 X92.330 Y109.040 E0.07159
G1 X91.530 Y109.040 E0.02794
G1 X91.040 Y109.040 E0.01711
G1 X91.040 Y111.440 E0.08382
G1 X91.990 Y111.440 E0.03318
G1 X93.840 Y111.440 E0.06461
G1 X95.140 Y111.440 E0.04540
G1 X97.190 Y111.440 E0.07159
G1 X97.990 Y111.440 E0.02794
G1 X99.140 Y111.440 E0.04016
G1 X100.640 Y111.440 E0.05238
G1 X101.790 Y111.440 E0.04016
G1 X104.030 Y111.440 E0.07823
G1 X105.530 Y111.440 E0.05238
G1 X106.480 Y111.440 E0.03318
G1 X108.330 Y111.440 E0.06461
G1 X109.630 Y111.440 E0.04540
G1 X111.680 Y111.440 E0.07159
G1 X112.480 Y111.440 E0.02794
G1 X113.630 Y111.440 E0.04016
G1 X115.130 Y111.440 E0.05238
G1 X116.280 Y111.440 E0.04016
G1 X118.520 Y111.440 E0.07823
G1 X120.020 Y111.440 E0.05238
G1 X120.970 Y111.440 E0.03318
G1 X122.820 Y111.440 E0.06461
G1 X124.120 Y111.440 E0.04540
G1 X126.170 Y111.440 E0.07159
G1 X126.970 Y111.440 E0.02794
G1 X128.120 Y111.440 E0.04016
G1 X128.960 Y111.440 E0.02934
G1 X128.960 Y113.840 E0.08382
G1 X127.110 Y113.840 E0.06461
G1 X125.810 Y113.840 E0.04540
G1 X123.760 Y113.840 E0.07159
G1 X122.960 Y113.840 E0.02794
G1 X121.810 Y113.840 E0.04016
G1 X120.310 Y113.840 E0.05238
G1 X119.160 Y113.840 E0.04016
G1 X116.920 Y113.840 E0.07823
G1 X115.420 Y113.840 E0.05238
G1 X114.470 Y113.840 E0.03318
G1 X112.620 Y113.840 E0.06461
G1 X111.320 Y113.840 E0.04540
G1 X109.270 Y113.840 E0.07159
G1 X108.470 Y113.840 E0.02794
G1 X107.320 Y113.840 E0.04016
G1 X105.820 Y113.840 E0.05238
G1 X104.670 Y113.840 E0.04016
G1 X102.430 Y113.840 E0.07823
G1 X100.930 Y113.840 E0.05238
G1 X99.980 Y113.840 E0.03318
G1 X98.130 Y113.840 E0.06461
G1 X96.830 Y113.840 E0.04540
G1 X94.780 Y113.840 E0.07159
G1 X93.980 Y113.840 E0.02794
G1 X92.830 Y113.840 E0.04016
G1 X91.040 Y113.840 E0.06251
G1 X91.040 Y116.240 E0.08382
G1 X92.340 Y116.240 E0.04540
G1 X94.390 Y116.240 E0.07159
G1 X95.190 Y116.240 E0.02794
G1 X96.340 Y116.240 E0.04016
G1 X97.840 Y116.240 E0.05238
G1 X98.990 Y116.240 E0.04016
G1 X101.230 Y116.240 E0.07823
G1 X102.730 Y116.240 E0.05238
G1 X103.680 Y116.240 E0.03318
G1 X105.530 Y116.240 E0.06461
G1 X106.830 Y116.240 E0.04540
G1 X108.880 Y116.240 E0.07159
G1 X109.680 Y116.240 E0.02794
G1 X110.830 Y116.240 E0.04016
G1 X112.330 Y116.240 E0.05238
G1 X113.480 Y116.240 E0.04016
G1 X115.720 Y116.240 E0.07823
G1 X117.220 Y116.240 E0.05238
G1 X118.170 Y116.240 E0.03318
G1 X120.020 Y116.240 E0.06461
G1 X121.320 Y116.240 E0.04540
G1 X123.370 Y116.240 E0.07159
G1 X124.170 Y116.240 E0.02794
G1 X125.320 Y116.240 E0.04016
G1 X126.820 Y116.240 E0.05238
G1 X127.970 Y116.240 E0.04016
G1 X128.960 Y116.240 E0.03457
G1 X128.960 Y118.640 E0.08382
G1 X126.910 Y118.640 E0.07159
G1 X126.110 Y118.640 E0.02794
G1 X124.960 Y118.640 E0.04016
G1 X123.460 Y118.640 E0.05238
G1 X122.310 Y118.640 E0.04016
G1 X120.070 Y118.640 E0.07823
G1 X118.570 Y118.640 E0.05238
G1 X117.620 Y118.640 E0.03318
G1 X115.770 Y118.640 E0.06461
G1 X114.470 Y118.640 E0.04540
G1 X112.420 Y118.640 E0.07159
G1 X111.620 Y118.640 E0.02794
G1 X110.470 Y118.640 E0.04016
G1 X108.970 Y118.640 E0.05238
G1 X107.820 Y118.640 E0.04016
G1 X105.580 Y118.640 E0.07823
G1 X104.080 Y118.640 E0.05238
G1 X103.130 Y118.640 E0.03318
G1 X101.280 Y118.640 E0.06461
G1 X99.980 Y118.640 E0.04540
G1 X97.930 Y118.640 E0.07159
G1 X97.130 Y118.640 E0.02794
G1 X95.980 Y118.640 E0.04016
G1 X94.480 Y118.640 E0.05238
G1 X93.330 Y118.640 E0.04016
G1 X91.040 Y118.640 E0.07997
;LAYER_CHANGE
;Z:4.800
; CHANGE_LAYER
G1 Z4.800 F7200
;TYPE:Outer wall
G1 E-0.80000 F2100
G1 Z5.200 F9000
G1 X94.000 Y96.000
G1 Z4.800
G1 E0.80000 F2100
G1 X94.800 Y96.000 E0.02794 F1800
G1 X95.950 Y96.000 E0.04016
G1 X97.450 Y96.000 E0.05238
G1 X98.600 Y96.000 E0.04016
G1 X100.840 Y96.000 E0.07823
G1 X102.340 Y96.000 E0.05238
G1 X103.290 Y96.000 E0.03318
G1 X105.140 Y96.000 E0.06461
G1 X106.440 Y96.000 E0.04540
G1 X108.490 Y96.000 E0.07159
G1 X109.290 Y96.000 E0.02794
G1 X110.440 Y96.000 E0.04016
G1 X111.940 Y96.000 E0.05238
G1 X113.090 Y96.000 E0.04016
G1 X115.330 Y96.000 E0.07823
G1 X116.830 Y96.000 E0.05238
G1 X117.780 Y96.000 E0.03318
G1 X119.630 Y96.000 E0.06461
G1 X120.930 Y96.000 E0.04540
G1 X122.980 Y96.000 E0.07159
G1 X123.780 Y96.000 E0.02794
G1 X124.930 Y96.000 E0.04016
G1 X126.000 Y96.000 E0.03737
G1 X127.134 Y96.164 E0.04002
G1 X128.999 Y97.353 E0.07721
G1 X129.760 Y98.635 E0.05208
G1 X129.975 Y99.558 E0.03310
G1 X130.000 Y100.000 E0.01547
G1 X130.000 Y101.300 E0.04540
G1 X130.000 Y103.350 E0.07159
G1 X130.000 Y104.150 E0.02794
G1 X130.000 Y105.300 E0.04016
G1 X130.000 Y106.800 E0.05238
G1 X130.000 Y107.950 E0.04016
G1 X130.000 Y110.190 E0.07823
G1 X130.000 Y111.690 E0.05238
G1 X130.000 Y112.640 E0.03318
G1 X130.000 Y114.490 E0.06461
G1 X130.000 Y115.790 E0.04540
G1 X130.000 Y117.840 E0.07159
G1 X130.000 Y118.640 E0.02794
G1 X130.000 Y120.000 E0.04750
G1 X129.722 Y121.465 E0.05208
G1 X129.154 Y122.460 E0.04002
G1 X127.365 Y123.760 E0.07721
G1 X126.000 Y124.000 E0.04841
G1 X125.050 Y124.000 E0.03318
G1 X123.200 Y124.000 E0.06461
G1 X121.900 Y124.000 E0.04540
G1 X119.850 Y124.000 E0.07159
G1 X119.050 Y124.000 E0.02794
G1 X117.900 Y124.000 E0.04016
G1 X116.400 Y124.000 E0.05238
G1 X115.250 Y124.000 E0.04016
G1 X113.010 Y124.000 E0.07823
G1 X111.510 Y124.000 E0.05238
G1 X110.560 Y124.000 E0.03318
G1 X108.710 Y124.000 E0.06461
G1 X107.410 Y124.000 E0.04540
G1 X105.360 Y124.000 E0.07159
G1 X104.560 Y124.000 E0.02794
G1 X103.410 Y124.000 E0.04016
G1 X101.910 Y124.000 E0.05238
G1 X100.760 Y124.000 E0.04016
G1 X98.520 Y124.000 E0.07823
G1 X97.020 Y124.000 E0.05238
G1 X96.070 Y124.000 E0.03318
G1 X94.000 Y124.000 E0.07229
G1 X92.723 Y123.791 E0.04520
G1 X91.028 Y122.677 E0.07081
G1 X90.555 Y122.033 E0.02789
G1 X90.120 Y120.973 E0.04002
G1 X90.000 Y120.000 E0.03425
G1 X90.000 Y118.850 E0.04016
G1 X90.000 Y116.610 E0.07823
G1 X90.000 Y115.110 E0.05238
G1 X90.000 Y114.160 E0.03318
G1 X90.000 Y112.310 E0.06461
G1 X90.000 Y111.010 E0.04540
G1 X90.000 Y108.960 E0.07159
G1 X90.000 Y108.160 E0.02794
G1 X90.000 Y107.010 E0.04016
G1 X90.000 Y105.510 E0.05238
G1 X90.000 Y104.360 E0.04016
G1 X90.000 Y102.120 E0.07823
G1 X90.000 Y100.620 E0.05238
G1 X90.000 Y100.000 E0.02165
G1 X90.420 Y98.215 E0.06403
G1 X91.178 Y97.166 E0.04520
G1 X92.930 Y96.146 E0.07081
G1 X94.000 Y96.000 E0.03771
;TYPE:Inner wall
G1 X94.000 Y96.420 F9000
G1 X94.800 Y96.420 E0.02794 F1800
G1 X95.950 Y96.420 E0.04016
G1 X97.450 Y96.420 E0.05238
G1 X98.600 Y96.420 E0.04016
G1 X100.840 Y96.420 E0.07823
G1 X102.340 Y96.420 E0.05238
G1 X103.290 Y96.420 E0.03318
G1 X105.140 Y96.420 E0.06461
G1 X106.440 Y96.420 E0.04540
G1 X108.490 Y96.420 E0.07159
G1 X109.290 Y96.420 E0.02794
G1 X110.440 Y96.420 E0.04016
G1 X111.940 Y96.420 E0.05238
G1 X113.090 Y96.420 E0.04016
G1 X115.330 Y96.420 E0.07823
G1 X116.830 Y96.420 E0.05238
G1 X117.780 Y96.420 E0.03318
G1 X119.630 Y96.420 E0.06461
G1 X120.930 Y96.420 E0.04540
G1 X122.980 Y96.420 E0.07159
G1 X123.780 Y96.420 E0.02794
G1 X124.930 Y96.420 E0.04016
G1 X126.000 Y96.420 E0.03737
G1 X127.130 Y96.603 E0.03999
G1 X128.906 Y97.909 E0.07696
G1 X129.505 Y99.272 E0.05200
G1 X129.580 Y100.000 E0.02557
G1 X129.580 Y101.850 E0.06461
G1 X129.580 Y103.150 E0.04540
G1 X129.580 Y105.200 E0.07159
G1 X129.580 Y106.000 E0.02794
G1 X129.580 Y107.150 E0.04016
G1 X129.580 Y108.650 E0.05238
G1 X129.580 Y109.800 E0.04016
G1 X129.580 Y112.040 E0.07823
G1 X129.580 Y113.540 E0.05238
G1 X129.580 Y114.490 E0.03318
G1 X129.580 Y116.340 E0.06461
G1 X129.580 Y117.640 E0.04540
G1 X129.580 Y119.690 E0.07159
G1 X129.580 Y120.000 E0.01083
G1 X129.397 Y121.130 E0.03999
G1 X128.643 Y122.415 E0.05200
G1 X127.746 Y123.126 E0.03999
G1 X126.000 Y123.580 E0.06299
G1 X124.500 Y123.580 E0.05238
G1 X123.550 Y123.580 E0.03318
G1 X121.700 Y123.580 E0.06461
G1 X120.400 Y123.580 E0.04540
G1 X118.350 Y123.580 E0.07159
G1 X117.550 Y123.580 E0.02794
G1 X116.400 Y123.580 E0.04016
G1 X114.900 Y123.580 E0.05238
G1 X113.750 Y123.580 E0.04016
G1 X111.510 Y123.580 E0.07823
G1 X110.010 Y123.580 E0.05238
G1 X109.060 Y123.580 E0.03318
G1 X107.210 Y123.580 E0.06461
G1 X105.910 Y123.580 E0.04540
G1 X103.860 Y123.580 E0.07159
G1 X103.060 Y123.580 E0.02794
G1 X101.910 Y123.580 E0.04016
G1 X100.410 Y123.580 E0.05238
G1 X99.260 Y123.580 E0.04016
G1 X97.020 Y123.580 E0.07823
G1 X95.520 Y123.580 E0.05238
G1 X94.570 Y123.580 E0.03318
G1 X94.000 Y123.580 E0.01991
G1 X92.728 Y123.347 E0.04515
G1 X91.118 Y122.124 E0.07062
G1 X90.719 Y121.432 E0.02788
G1 X90.435 Y120.323 E0.03999
G1 X90.420 Y120.000 E0.01129
G1 X90.420 Y118.850 E0.04016
G1 X90.420 Y116.610 E0.07823
G1 X90.420 Y115.110 E0.05238
G1 X90.420 Y114.160 E0.03318
G1 X90.420 Y112.310 E0.06461
G1 X90.420 Y111.010 E0.04540
G1 X90.420 Y108.960 E0.07159
G1 X90.420 Y108.160 E0.02794
G1 X90.420 Y107.010 E0.04016
G1 X90.420 Y105.510 E0.05238
G1 X90.420 Y104.360 E0.04016
G1 X90.420 Y102.120 E0.07823
G1 X90.420 Y100.620 E0.05238
G1 X90.420 Y100.000 E0.02165
G1 X90.887 Y98.231 E0.06389
G1 X91.719 Y97.241 E0.04515
G1 X93.578 Y96.445 E0.07062
G1 X94.000 Y96.420 E0.01478
;TYPE:Sparse infill
G1 E-0.80000 F2100
G1 Z5.200 F9000
G1 X128.960 Y97.040
G1 Z4.800
G1 E0.80000 F2100
G1 X128.160 Y97.040 E0.02794 F2400
G1 X127.010 Y97.040 E0.04016
G1 X125.510 Y97.040 E0.05238
G1 X124.360 Y97.040 E0.04016
G1 X122.120 Y97.040 E0.07823
G1 X120.620 Y97.040 E0.05238
G1 X119.670 Y97.040 E0.03318
G1 X117.820 Y97.040 E0.06461
G1 X116.520 Y97.040 E0.04540
G1 X114.470 Y97.040 E0.07159
G1 X113.670 Y97.040 E0.02794
G1 X112.520 Y97.040 E0.04016
G1 X111.020 Y97.040 E0.05238
G1 X109.870 Y97.040 E0.04016
G1 X107.630 Y97.040 E0.07823
G1 X106.130 Y97.040 E0.05238
G1 X105.180 Y97.040 E0.03318
G1 X103.330 Y97.040 E0.06461
G1 X102.030 Y97.040 E0.04540
G1 X99.980 Y97.040 E0.07159
G1 X99.180 Y97.040 E0.02794
G1 X98.030 Y97.040 E0.04016
G1 X96.530 Y97.040 E0.05238
G1 X95.380 Y97.040 E0.04016
G1 X93.140 Y97.040 E0.07823
G1 X91.640 Y97.040 E0.05238
G1 X91.040 Y97.040 E0.02095
G1 X91.040 Y99.440 E0.08382
G1 X92.190 Y99.440 E0.04016
G1 X93.690 Y99.440 E0.05238
G1 X94.840 Y99.440 E0.04016
G1 X97.080 Y99.440 E0.07823
G1 X98.580 Y99.440 E0.05238
G1 X99.530 Y99.440 E0.03318
G1 X101.380 Y99.440 E0.06461
G1 X102.680 Y99.440 E0.04540
G1 X104.730 Y99.440 E0.07159
G1 X105.530 Y99.440 E0.02794
G1 X106.680 Y99.440 E0.04016
G1 X108.180 Y99.440 E0.05238
G1 X109.330 Y99.440 E0.04016
G1 X111.570 Y99.440 E0.07823
G1 X113.070 Y99.440 E0.05238
G1 X114.020 Y99.440 E0.03318
G1 X115.870 Y99.440 E0.06461
G1 X117.170 Y99.440 E0.04540
G1 X119.220 Y99.440 E0.07159
G1 X120.020 Y99.440 E0.02794
G1 X121.170 Y99.440 E0.04016
G1 X122.670 Y99.440 E0.05238
G1 X123.820 Y99.440 E0.04016
G1 X126.060 Y99.440 E0.07823
G1 X127.560 Y99.440 E0.05238
G1 X128.510 Y99.440 E0.03318
G1 X128.960 Y99.440 E0.01572
G1 X128.960 Y101.840 E0.08382
G1 X127.460 Y101.840 E0.05238
G1 X126.310 Y101.840 E0.04016
G1 X124.070 Y101.840 E0.07823
G1 X122.570 Y101.840 E0.05238
G1 X121.620 Y101.840 E0.03318
G1 X119.770 Y101.840 E0.06461
G1 X118.470 Y101.840 E0.04540
G1 X116.420 Y101.840 E0.07159
G1 X115.620 Y101.840 E0.02794
G1 X114.470 Y101.840 E0.04016
G1 X112.970 Y101.840 E0.05238
G1 X111.820 Y101.840 E0.04016
G1 X109.580 Y101.840 E0.07823
G1 X108.080 Y101.840 E0.05238
G1 X107.130 Y101.840 E0.03318
G1 X105.280 Y101.840 E0.06461
G1 X103.980 Y101.840 E0.04540
G1 X101.930 Y101.840 E0.07159
G1 X101.130 Y101.840 E0.02794
G1 X99.980 Y101.840 E0.04016
G1 X98.480 Y101.840 E0.05238
G1 X97.330 Y101.840 E0.04016
G1 X95.090 Y101.840 E0.07823
G1 X93.590 Y101.840 E0.05238
G1 X92.640 Y101.840 E0.03318
G1 X91.040 Y101.840 E0.05588
G1 X91.040 Y104.240 E0.08382
G1 X92.190 Y104.240 E0.04016
G1 X94.430 Y104.240 E0.07823
G1 X95.930 Y104.240 E0.05238
G1 X96.880 Y104.240 E0.03318
G1 X98.730 Y104.240 E0.06461
G1 X100.030 Y104.240 E0.04540
G1 X102.080 Y104.240 E0.07159
G1 X102.880 Y104.240 E0.02794
G1 X104.030 Y104.240 E0.04016
G1 X105.530 Y104.240 E0.05238
G1 X106.680 Y104.240 E0.04016
G1 X108.920 Y104.240 E0.07823
G1 X110.420 Y104.240 E0.05238
G1 X111.370 Y104.240 E0.03318
G1 X113.220 Y104.240 E0.06461
G1 X114.520 Y104.240 E0.04540
G1 X116.570 Y104.240 E0.07159
G1 X117.370 Y104.240 E0.02794
G1 X118.520 Y104.240 E0.04016
G1 X120.020 Y104.240 E0.05238
G1 X121.170 Y104.240 E0.04016
G1 X123.410 Y104.240 E0.07823
G1 X124.910 Y104.240 E0.05238
G1 X125.860 Y104.240 E0.03318
G1 X127.710 Y104.240 E0.06461
G1 X128.960 Y104.240 E0.04365
G1 X128.960 Y106.640 E0.08382
G1 X126.720 Y106.640 E0.07823
G1 X125.220 Y106.640 E0.05238
G1 X124.270 Y106.640 E0.03318
G1 X122.420 Y106.640 E0.06461
G1 X121.120 Y106.640 E0.04540
G1 X119.070 Y106.640 E0.07159
G1 X118.270 Y106.640 E0.02794
G1 X117.120 Y106.640 E0.04016
G1 X115.620 Y106.640 E0.05238
G1 X114.470 Y106.640 E0.04016
G1 X112.230 Y106.640 E0.07823
G1 X110.730 Y106.640 E0.05238
G1 X109.780 Y106.640 E0.03318
G1 X107.930 Y106.640 E0.06461
G1 X106.630 Y106.640 E0.04540
G1 X104.580 Y106.640 E0.07159
G1 X103.780 Y106.640 E0.02794
G1 X102.630 Y106.640 E0.04016
G1 X101.130 Y106.640 E0.05238
G1 X99.980 Y106.640 E0.04016
G1 X97.740 Y106.640 E0.07823
G1 X96.240 Y106.640 E0.05238
G1 X95.290 Y106.640 E0.03318
G1 X93.440 Y106.640 E0.06461
G1 X92.140 Y106.640 E0.04540
G1 X91.040 Y106.640 E0.03842
G1 X91.040 Y109.040 E0.08382
G1 X92.540 Y109.040 E0.05238
G1 X93.490 Y109.040 E0.03318
G1 X95.340 Y109.040 E0.06461
G1 X96.640 Y109.040 E0.04540
G1 X98.690 Y109.040 E0.07159
G1 X99.490 Y109.040 E0.02794
G1 X100.640 Y109.040 E0.04016
G1 X102.140 Y109.040 E0.05238
G1 X103.290 Y109.040 E0.04016
G1 X105.530 Y109.040 E0.07823
G1 X107.030 Y109.040 E0.05238
G1 X107.980 Y109.040 E0.03318
G1 X109.830 Y109.040 E0.06461
G1 X111.130 Y109.040 E0.04540
G1 X113.180 Y109.040 E0.07159
G1 X113.980 Y109.040 E0.02794
G1 X115.130 Y109.040 E0.04016
G1 X116.630 Y109.040 E0.05238
G1 X117.780 Y109.040 E0.04016
G1 X120.020 Y109.040 E0.07823
G1 X121.520 Y109.040 E0.05238
G1 X122.470 Y109.040 E0.03318
G1 X124.320 Y109.040 E0.06461
G1 X125.620 Y109.040 E0.04540
G1 X127.670 Y109.040 E0.07159
G1 X128.470 Y109.040 E0.02794
G1 X128.960 Y109.040 E0.01711
G1 X128.960 Y111.440 E0.08382
G1 X128.010 Y111.440 E0.03318
G1 X126.160 Y111.440 E0.06461
G1 X124.860 Y111.440 E0.04540
G1 X122.810 Y111.440 E0.07159
G1 X122.010 Y111.440 E0.02794
G1 X120.860 Y111.440 E0.04016
G1 X119.360 Y111.440 E0.05238
G1 X118.210 Y111.440 E0.04016
G1 X115.970 Y111.440 E0.07823
G1 X114.470 Y111.440 E0.05238
G1 X113.520 Y111.440 E0.03318
G1 X111.670 Y111.440 E0.06461
G1 X110.370 Y111.440 E0.04540
G1 X108.320 Y111.440 E0.07159
G1 X107.520 Y111.440 E0.02794
G1 X106.370 Y111.440 E0.04016
G1 X104.870 Y111.440 E0.05238
G1 X103.720 Y111.440 E0.04016
G1 X101.480 Y111.440 E0.07823
G1 X99.980 Y111.440 E0.05238
G1 X99.030 Y111.440 E0.03318
G1 X97.180 Y111.440 E0.06461
G1 X95.880 Y111.440 E0.04540
G1 X93.830 Y111.440 E0.07159
G1 X93.030 Y111.440 E0.02794
G1 X91.880 Y111.440 E0.04016
G1 X91.040 Y111.440 E0.02934
G1 X91.040 Y113.840 E0.08382
G1 X92.890 Y113.840 E0.06461
G1 X94.190 Y113.840 E0.04540
G1 X96.240 Y113.840 E0.07159
G1 X97.040 Y113.840 E0.02794
G1 X98.190 Y113.840 E0.04016
G1 X99.690 Y113.840 E0.05238
G1 X100.840 Y113.840 E0.04016
G1 X103.080 Y113.840 E0.07823
G1 X104.580 Y113.840 E0.05238
G1 X105.530 Y113.840 E0.03318
G1 X107.380 Y113.840 E0.06461
G1 X108.680 Y113.840 E0.04540
G1 X110.730 Y113.840 E0.07159
G1 X111.530 Y113.840 E0.02794
G1 X112.680 Y113.840 E0.04016
G1 X114.180 Y113.840 E0.05238
G1 X115.330 Y113.840 E0.04016
G1 X117.570 Y113.840 E0.07823
G1 X119.070 Y113.840 E0.05238
G1 X120.020 Y113.840 E0.03318
G1 X121.870 Y113.840 E0.06461
G1 X123.170 Y113.840 E0.04540
G1 X125.220 Y113.840 E0.07159
G1 X126.020 Y113.840 E0.02794
G1 X127.170 Y113.840 E0.04016
G1 X128.960 Y113.840 E0.06251
G1 X128.960 Y116.240 E0.08382
G1 X127.660 Y116.240 E0.04540
G1 X125.610 Y116.240 E0.07159
G1 X124.810 Y116.240 E0.02794
G1 X123.660 Y116.240 E0.04016
G1 X122.160 Y116.240 E0.05238
G1 X121.010 Y116.240 E0.04016
G1 X118.770 Y116.240 E0.07823
G1 X117.270 Y116.240 E0.05238
G1 X116.320 Y116.240 E0.03318
G1 X114.470 Y116.240 E0.06461
G1 X113.170 Y116.240 E0.04540
G1 X111.120 Y116.240 E0.07159
G1 X110.320 Y116.240 E0.02794
G1 X109.170 Y116.240 E0.04016
G1 X107.670 Y116.240 E0.05238
G1 X106.520 Y116.240 E0.04016
G1 X104.280 Y116.240 E0.07823
G1 X102.780 Y116.240 E0.05238
G1 X101.830 Y116.240 E0.03318
G1 X99.980 Y116.240 E0.06461
G1 X98.680 Y116.240 E0.04540
G1 X96.630 Y116.240 E0.07159
G1 X95.830 Y116.240 E0.02794
G1 X94.680 Y116.240 E0.04016
G1 X93.180 Y116.240 E0.05238
G1 X92.030 Y116.240 E0.04016
G1 X91.040 Y116.240 E0.03457
G1 X91.040 Y118.640 E0.08382
G1 X93.090 Y118.640 E0.07159
G1 X93.890 Y118.640 E0.02794
G1 X95.040 Y118.640 E0.04016
G1 X96.540 Y118.640 E0.05238
G1 X97.690 Y118.640 E0.04016
G1 X99.930 Y118.640 E0.07823
G1 X101.430 Y118.640 E0.05238
G1 X102.380 Y118.640 E0.03318
G1 X104.230 Y118.640 E0.06461
G1 X105.530 Y118.640 E0.04540
G1 X107.580 Y118.640 E0.07159
G1 X108.380 Y118.640 E0.02794
G1 X109.530 Y118.640 E0.04016
G1 X111.030 Y118.640 E0.05238
G1 X112.180 Y118.640 E0.04016
G1 X114.420 Y118.640 E0.07823
G1 X115.920 Y118.640 E0.05238
G1 X116.870 Y118.640 E0.03318
G1 X118.720 Y118.640 E0.06461
G1 X120.020 Y118.640 E0.04540
G1 X122.070 Y118.640 E0.07159
G1 X122.870 Y118.640 E0.02794
G1 X124.020 Y118.640 E0.04016
G1 X125.520 Y118.640 E0.05238
G1 X126.670 Y118.640 E0.04016
G1 X128.960 Y118.640 E0.07997
EXCLUDE_OBJECT_END NAME=fixture_block.stl_id_0_copy_0
; EXECUTABLE_BLOCK_END
; stop printing object part_a.stl id:0 copy 0
G1 E-.64987 F1800
;WIPE_START
G1 F11989.429
G1 X111.453 Y115.5 E-.03364
G1 X111.935 Y115.272 E-.08008
G1 X112.174 Y115.226 E-.03641
;WIPE_END
EXCLUDE_OBJECT_END NAME=part_a.stl_id_0_copy_0
M106 S0
;TYPE:Custom
; filament end gcode
END_PRINT
M73 P100 R0
; EXECUTABLE_BLOCK_END

; filament used [mm] = 4657.11
; filament used [cm3] = 11.20
; filament used [g] = 13.89
; filament cost = 0.28
; total filament used [g] = 13.89
; total filament cost = 0.28
; total layers count = 121
; estimated printing time (normal mode) = 18m 59s
; estimated first layer printing time (normal mode) = 0.966496s

; CONFIG_BLOCK_START
; accel_to_decel_enable = 1
; accel_to_decel_factor = 50%
; activate_air_filtration = 0
; activate_chamber_temp_control = 0
; adaptive_bed_mesh_margin = 0
; adaptive_pressure_advance = 0
; adaptive_pressure_advance_bridges = 0
; adaptive_pressure_advance_model = "0,0,0\n0,0,0"
; adaptive_pressure_advance_overhangs = 0
; additional_cooling_fan_speed = 70
; align_infill_direction_to_model = 0
; alternate_extra_wall = 0
; auxiliary_fan = 0
; bbl_calib_mark_logo = 1
; bbl_use_printhost = 0
; bed_custom_model = 
; bed_custom_texture = 
; bed_exclude_area = 0x0
; bed_mesh_max = 99999,99999
; bed_mesh_min = -99999,-99999
; bed_mesh_probe_distance = 50,50
; before_layer_change_gcode = ;BEFORE_LAYER_CHANGE\n;[layer_z]\nG92 E0\n
; best_object_pos = 0.5,0.5
; bottom_shell_layers = 3
; bottom_shell_thickness = 0
; bottom_solid_infill_flow_ratio = 1
; bottom_surface_density = 100%
; bottom_surface_pattern = monotonic
; bridge_acceleration = 50%
; bridge_angle = 0
; bridge_density = 100%
; bridge_flow = 1
; bridge_no_support = 0
; bridge_speed = 50
; brim_ears_detection_length = 1
; brim_ears_max_angle = 125
; brim_object_gap = 0.1
; brim_type = auto_brim
; brim_width = 5
; calib_flowrate_topinfill_special_order = 0
; chamber_temperature = 0
; change_extrusion_role_gcode = 
; change_filament_gcode = 
; close_fan_the_first_x_layers = 1
; complete_print_exhaust_fan_speed = 70
; cool_plate_temp = 35
; cool_plate_temp_initial_layer = 35
; cooling_tube_length = 5
; cooling_tube_retraction = 91.5
; counterbore_hole_bridging = none
; curr_bed_type = High Temp Plate
; default_acceleration = 7000
; default_bed_type = 
; default_filament_colour = ""
; default_filament_profile = "Generic PLA @System"
; default_jerk = 10
; default_junction_deviation = 0
; default_print_profile = 0.20mm Standard @MyKlipper
; deretraction_speed = 30
; detect_narrow_internal_solid_infill = 1
; detect_overhang_wall = 1
; detect_thin_wall = 0
; different_settings_to_system = default_acceleration;default_jerk;enable_arc_fitting;initial_layer_acceleration;inner_wall_acceleration;outer_wall_acceleration;seam_slope_type;top_surface_acceleration;travel_acceleration;filament_max_volumetric_speed;slow_down_for_layer_cooling;slow_down_min_speed;emit_machine_limits_to_gcode;machine_end_gcode;machine_start_gcode;nozzle_type;print_host;printable_area
; disable_m73 = 0
; dont_filter_internal_bridges = disabled
; dont_slow_down_outer_wall = 0
; draft_shield = disabled
; during_print_exhaust_fan_speed = 70
; elefant_foot_compensation = 0
; elefant_foot_compensation_layers = 1
; emit_machine_limits_to_gcode = 0
; enable_arc_fitting = 1
; enable_extra_bridge_layer = disabled
; enable_filament_ramming = 1
; enable_long_retraction_when_cut = 0
; enable_overhang_bridge_fan = 1
; enable_overhang_speed = 1
; enable_pressure_advance = 0
; enable_prime_tower = 0
; enable_support = 0
; enforce_support_layers = 0
; eng_plate_temp = 0
; eng_plate_temp_initial_layer = 0
; ensure_vertical_shell_thickness = ensure_all
; exclude_object = 1
; extra_loading_move = -2
; extra_perimeters_on_overhangs = 0
; extra_solid_infills = 
; extruder_clearance_height_to_lid = 140
; extruder_clearance_height_to_rod = 36
; extruder_clearance_radius = 65
; extruder_colour = #26A69A
; extruder_offset = 0x0
; extrusion_rate_smoothing_external_perimeter_only = 0
; fan_cooling_layer_time = 100
; fan_kickstart = 0
; fan_max_speed = 100
; fan_min_speed = 100
; fan_speedup_overhangs = 1
; fan_speedup_time = 0
; filament_colour = #26A69A
; filament_cooling_final_speed = 3.4
; filament_cooling_initial_speed = 2.2
; filament_cooling_moves = 4
; filament_cost = 20
; filament_density = 1.24
; filament_diameter = 1.75
; filament_end_gcode = "; filament end gcode\n"
; filament_flow_ratio = 0.98
; filament_ids = OGFL99
; filament_is_support = 0
; filament_loading_speed = 28
; filament_loading_speed_start = 3
; filament_max_volumetric_speed = 40
; filament_minimal_purge_on_wipe_tower = 15
; filament_multitool_ramming = 0
; filament_multitool_ramming_flow = 10
; filament_multitool_ramming_volume = 10
; filament_notes = ""
; filament_ramming_parameters = "120 100 6.6 6.8 7.2 7.6 7.9 8.2 8.7 9.4 9.9 10.0| 0.05 6.6 0.45 6.8 0.95 7.8 1.45 8.3 1.95 9.7 2.45 10 2.95 7.6 3.45 7.6 3.95 7.6 4.45 7.6 4.95 7.6"
; filament_settings_id = "Generic PLA @System"
; filament_shrink = 100%
; filament_shrinkage_compensation_z = 100%
; filament_soluble = 0
; filament_stamping_distance = 0
; filament_stamping_loading_speed = 0
; filament_start_gcode = "; Filament gcode\n"
; filament_toolchange_delay = 0
; filament_type = PLA
; filament_unloading_speed = 90
; filament_unloading_speed_start = 100
; filament_vendor = Generic
; filename_format = {input_filename_base}_{layer_height}mm_{filament_type[initial_tool]}_{printer_model}_{print_time}.gcode
; fill_multiline = 1
; filter_out_gap_fill = 0
; first_layer_print_sequence = 0
; flush_into_infill = 0
; flush_into_objects = 0
; flush_into_support = 1
; flush_multiplier = 0.3
; flush_volumes_matrix = 0
; flush_volumes_vector = 140,140
; full_fan_speed_layer = 0
; fuzzy_skin = none
; fuzzy_skin_first_layer = 0
; fuzzy_skin_mode = displacement
; fuzzy_skin_noise_type = classic
; fuzzy_skin_octaves = 4
; fuzzy_skin_persistence = 0.5
; fuzzy_skin_point_distance = 0.3
; fuzzy_skin_scale = 1
; fuzzy_skin_thickness = 0.2
; gap_fill_target = nowhere
; gap_infill_speed = 100
; gcode_add_line_number = 0
; gcode_comments = 0
; gcode_flavor = klipper
; gcode_label_objects = 1
; has_scarf_joint_seam = 1
; head_wrap_detect_zone = 
; high_current_on_filament_swap = 0
; hole_to_polyhole = 0
; hole_to_polyhole_threshold = 0.01
; hole_to_polyhole_twisted = 1
; host_type = octoprint
; hot_plate_temp = 55
; hot_plate_temp_initial_layer = 55
; idle_temperature = 0
; independent_support_layer_height = 1
; infill_anchor = 400%
; infill_anchor_max = 20
; infill_combination = 0
; infill_combination_max_layer_height = 100%
; infill_direction = 45
; infill_jerk = 9
; infill_lock_depth = 1
; infill_overhang_angle = 60
; infill_shift_step = 0.4
; infill_wall_overlap = 25%
; inherits_group = ;;"MyKlipper 0.6 nozzle"
; initial_layer_acceleration = 1000
; initial_layer_infill_speed = 105
; initial_layer_jerk = 9
; initial_layer_line_width = 120%
; initial_layer_min_bead_width = 85%
; initial_layer_print_height = 0.2
; initial_layer_speed = 50
; initial_layer_travel_speed = 100%
; inner_wall_acceleration = 6000
; inner_wall_jerk = 9
; inner_wall_line_width = 110%
; inner_wall_speed = 200
; interface_shells = 0
; interlocking_beam = 0
; interlocking_beam_layer_count = 2
; interlocking_beam_width = 0.8
; interlocking_boundary_avoidance = 2
; interlocking_depth = 2
; interlocking_orientation = 22.5
; internal_bridge_angle = 0
; internal_bridge_density = 100%
; internal_bridge_fan_speed = -1
; internal_bridge_flow = 1
; internal_bridge_speed = 150%
; internal_solid_infill_acceleration = 100%
; internal_solid_infill_line_width = 120%
; internal_solid_infill_pattern = monotonic
; internal_solid_infill_speed = 200
; ironing_angle = -1
; ironing_fan_speed = -1
; ironing_flow = 10%
; ironing_inset = 0
; ironing_pattern = rectilinear
; ironing_spacing = 0.15
; ironing_speed = 30
; ironing_type = no ironing
; is_infill_first = 0
; lateral_lattice_angle_1 = -45
; lateral_lattice_angle_2 = 45
; layer_change_gcode = ;AFTER_LAYER_CHANGE\n;[layer_z]
; layer_height = 0.4
; line_width = 110%
; long_retractions_when_cut = 0
; machine_end_gcode = END_PRINT
; machine_load_filament_time = 0
; machine_max_acceleration_e = 5000,5000
; machine_max_acceleration_extruding = 20000,20000
; machine_max_acceleration_retracting = 5000,5000
; machine_max_acceleration_travel = 20000,20000
; machine_max_acceleration_x = 20000,20000
; machine_max_acceleration_y = 20000,20000
; machine_max_acceleration_z = 500,200
; machine_max_jerk_e = 2.5,2.5
; machine_max_jerk_x = 9,9
; machine_max_jerk_y = 9,9
; machine_max_jerk_z = 0.2,0.4
; machine_max_junction_deviation = 0,0
; machine_max_speed_e = 25,25
; machine_max_speed_x = 500,200
; machine_max_speed_y = 500,200
; machine_max_speed_z = 12,12
; machine_min_extruding_rate = 0,0
; machine_min_travel_rate = 0,0
; machine_pause_gcode = PAUSE
; machine_start_gcode = START_PRINT EXTRUDER=[nozzle_temperature_initial_layer] BED=[bed_temperature_initial_layer_single]\n
; machine_tool_change_time = 0
; machine_unload_filament_time = 0
; make_overhang_printable = 0
; make_overhang_printable_angle = 55
; make_overhang_printable_hole_size = 0
; manual_filament_change = 0
; max_bridge_length = 10
; max_layer_height = 0.4
; max_resonance_avoidance_speed = 120
; max_travel_detour_distance = 0
; max_volumetric_extrusion_rate_slope = 0
; max_volumetric_extrusion_rate_slope_segment_length = 3
; min_bead_width = 85%
; min_feature_size = 25%
; min_layer_height = 0.12
; min_length_factor = 0.5
; min_resonance_avoidance_speed = 70
; min_skirt_length = 4
; min_width_top_surface = 300%
; minimum_sparse_infill_area = 15
; mmu_segmented_region_interlocking_depth = 0
; mmu_segmented_region_max_width = 0
; notes = 
; nozzle_diameter = 0.6
; nozzle_height = 2.5
; nozzle_hrc = 0
; nozzle_temperature = 220
; nozzle_temperature_initial_layer = 220
; nozzle_temperature_range_high = 240
; nozzle_temperature_range_low = 190
; nozzle_type = hardened_steel
; nozzle_volume = 0
; only_one_wall_first_layer = 0
; only_one_wall_top = 0
; ooze_prevention = 0
; other_layers_print_sequence = 0
; other_layers_print_sequence_nums = 0
; outer_wall_acceleration = 5000
; outer_wall_jerk = 9
; outer_wall_line_width = 100%
; outer_wall_speed = 120
; overhang_1_4_speed = 0
; overhang_2_4_speed = 50
; overhang_3_4_speed = 30
; overhang_4_4_speed = 10
; overhang_fan_speed = 100
; overhang_fan_threshold = 50%
; overhang_reverse = 0
; overhang_reverse_internal_only = 0
; overhang_reverse_threshold = 50%
; parking_pos_retraction = 92
; pellet_flow_coefficient = 0.4157
; pellet_modded_printer = 0
; post_process = 
; precise_outer_wall = 1
; precise_z_height = 0
; preferred_orientation = 0
; preheat_steps = 1
; preheat_time = 30
; pressure_advance = 0.02
; prime_tower_brim_width = 3
; prime_tower_width = 60
; prime_volume = 45
; print_compatible_printers = "MyKlipper 0.6 nozzle";"MyKlipper 0.8 nozzle"
; print_flow_ratio = 1
; print_order = default
; print_sequence = by layer
; print_settings_id = 0.40mm Standard @MyKlipper
; printable_area = 0x0,235x0,235x235,0x235
; printable_height = 250
; printer_model = Generic Klipper Printer
; printer_notes = 
; printer_settings_id = Duender 0.6
; printer_structure = undefine
; printer_technology = FFF
; printer_variant = 0.6
; printhost_authorization_type = key
; printhost_ssl_ignore_revoke = 0
; printing_by_object_gcode = 
; purge_in_prime_tower = 1
; raft_contact_distance = 0.1
; raft_expansion = 1.5
; raft_first_layer_density = 90%
; raft_first_layer_expansion = 2
; raft_layers = 0
; reduce_crossing_wall = 0
; reduce_fan_stop_start_freq = 1
; reduce_infill_retraction = 1
; required_nozzle_HRC = 3
; resolution = 0.012
; resonance_avoidance = 0
; retract_before_wipe = 70%
; retract_length_toolchange = 2
; retract_lift_above = 0
; retract_lift_below = 0
; retract_lift_enforce = All Surfaces
; retract_restart_extra = 0
; retract_restart_extra_toolchange = 0
; retract_when_changing_layer = 1
; retraction_distances_when_cut = 18
; retraction_length = 0.8
; retraction_minimum_travel = 1
; retraction_speed = 30
; role_based_wipe_speed = 1
; scan_first_layer = 0
; scarf_angle_threshold = 155
; scarf_joint_flow_ratio = 1
; scarf_joint_speed = 100%
; scarf_overhang_threshold = 40%
; seam_gap = 10%
; seam_position = aligned
; seam_slope_conditional = 0
; seam_slope_entire_loop = 0
; seam_slope_inner_walls = 0
; seam_slope_min_length = 20
; seam_slope_start_height = 0
; seam_slope_steps = 10
; seam_slope_type = external
; silent_mode = 0
; single_extruder_multi_material = 1
; single_extruder_multi_material_priming = 0
; single_loop_draft_shield = 0
; skeleton_infill_density = 25%
; skeleton_infill_line_width = 100%
; skin_infill_density = 25%
; skin_infill_depth = 2
; skin_infill_line_width = 100%
; skirt_distance = 2
; skirt_height = 3
; skirt_loops = 0
; skirt_speed = 50
; skirt_start_angle = -135
; skirt_type = combined
; slice_closing_radius = 0.049
; slicing_mode = regular
; slow_down_for_layer_cooling = 0
; slow_down_layer_time = 4
; slow_down_layers = 0
; slow_down_min_speed = 50
; slowdown_for_curled_perimeters = 1
; small_area_infill_flow_compensation = 0
; small_area_infill_flow_compensation_model = 0,0;"\n0.2,0.4444";"\n0.4,0.6145";"\n0.6,0.7059";"\n0.8,0.7619";"\n1.5,0.8571";"\n2,0.8889";"\n3,0.9231";"\n5,0.9520";"\n10,1"
; small_perimeter_speed = 50%
; small_perimeter_threshold = 0
; solid_infill_direction = 45
; solid_infill_filament = 1
; solid_infill_rotate_template = 
; sparse_infill_acceleration = 100%
; sparse_infill_density = 15%
; sparse_infill_filament = 1
; sparse_infill_line_width = 110%
; sparse_infill_pattern = crosshatch
; sparse_infill_rotate_template = 
; sparse_infill_speed = 200
; spiral_finishing_flow_ratio = 0
; spiral_mode = 0
; spiral_mode_max_xy_smoothing = 200%
; spiral_mode_smooth = 0
; spiral_starting_flow_ratio = 0
; staggered_inner_seams = 0
; standby_temperature_delta = -5
; start_end_points = 30x-3,54x245
; supertack_plate_temp = 45
; supertack_plate_temp_initial_layer = 45
; support_air_filtration = 1
; support_angle = 0
; support_base_pattern = default
; support_base_pattern_spacing = 2.5
; support_bottom_interface_spacing = 0.5
; support_bottom_z_distance = 0.24
; support_chamber_temp_control = 1
; support_critical_regions_only = 0
; support_expansion = 0
; support_filament = 0
; support_interface_bottom_layers = 2
; support_interface_filament = 0
; support_interface_loop_pattern = 0
; support_interface_not_for_body = 1
; support_interface_pattern = auto
; support_interface_spacing = 0.5
; support_interface_speed = 80
; support_interface_top_layers = 2
; support_ironing = 0
; support_ironing_flow = 10%
; support_ironing_pattern = rectilinear
; support_ironing_spacing = 0.1
; support_line_width = 96%
; support_material_interface_fan_speed = -1
; support_multi_bed_types = 0
; support_object_first_layer_gap = 0.2
; support_object_xy_distance = 0.35
; support_on_build_plate_only = 0
; support_remove_small_overhang = 1
; support_speed = 150
; support_style = default
; support_threshold_angle = 30
; support_threshold_overlap = 50%
; support_top_z_distance = 0.24
; support_type = normal(auto)
; symmetric_infill_y_axis = 0
; temperature_vitrification = 45
; template_custom_gcode = 
; textured_cool_plate_temp = 40
; textured_cool_plate_temp_initial_layer = 40
; textured_plate_temp = 55
; textured_plate_temp_initial_layer = 55
; thick_bridges = 0
; thick_internal_bridges = 1
; thumbnails = 48x48/PNG,300x300/PNG
; thumbnails_format = PNG
; time_cost = 0
; time_lapse_gcode = 
; timelapse_type = 0
; top_bottom_infill_wall_overlap = 25%
; top_shell_layers = 4
; top_shell_thickness = 0.8
; top_solid_infill_flow_ratio = 1
; top_surface_acceleration = 5000
; top_surface_density = 100%
; top_surface_jerk = 9
; top_surface_line_width = 93.75%
; top_surface_pattern = monotonicline
; top_surface_speed = 100
; travel_acceleration = 9000
; travel_jerk = 12
; travel_slope = 3
; travel_speed = 350
; travel_speed_z = 0
; tree_support_adaptive_layer_height = 1
; tree_support_angle_slow = 25
; tree_support_auto_brim = 1
; tree_support_branch_angle = 30
; tree_support_branch_angle_organic = 40
; tree_support_branch_diameter = 5
; tree_support_branch_diameter_angle = 5
; tree_support_branch_diameter_organic = 2
; tree_support_branch_distance = 5
; tree_support_branch_distance_organic = 1
; tree_support_brim_width = 3
; tree_support_tip_diameter = 0.8
; tree_support_top_rate = 30%
; tree_support_wall_count = 0
; upward_compatible_machine = 
; use_firmware_retraction = 0
; use_relative_e_distances = 1
; wall_direction = auto
; wall_distribution_count = 1
; wall_filament = 1
; wall_generator = arachne
; wall_loops = 3
; wall_sequence = inner wall/outer wall
; wall_transition_angle = 10
; wall_transition_filter_deviation = 25%
; wall_transition_length = 100%
; wipe = 1
; wipe_before_external_loop = 0
; wipe_distance = 1
; wipe_on_loops = 0
; wipe_speed = 80%
; wipe_tower_bridging = 10
; wipe_tower_cone_angle = 30
; wipe_tower_extra_flow = 100%
; wipe_tower_extra_rib_length = 0
; wipe_tower_extra_spacing = 100%
; wipe_tower_filament = 0
; wipe_tower_fillet_wall = 1
; wipe_tower_max_purge_speed = 90
; wipe_tower_no_sparse_layers = 0
; wipe_tower_rib_width = 8
; wipe_tower_rotation_angle = 0
; wipe_tower_wall_type = rectangle
; wipe_tower_x = 165.000
; wipe_tower_x = 165
; wipe_tower_y = 250.000
; wipe_tower_y = 250
; wiping_volumes_extruders = 70,70,70,70,70,70,70,70,70,70
; xy_contour_compensation = 0
; xy_hole_compensation = 0
; z_hop = 0.4
; z_hop_types = Normal Lift
; z_offset = 0
; first_layer_bed_temperature = 55
; bed_shape = 0x0,235x0,235x235,0x235
; first_layer_temperature = 220
; first_layer_height = 0.200
; CONFIG_BLOCK_END


